irun(64): 15.20-s051: (c) Copyright 1995-2018 Cadence Design Systems, Inc.
TOOL:	irun(64)	15.20-s051: Started on Feb 19, 2019 at 05:35:50 IST
irun
	-access +rwc
	-f pinaka_fp_flist.f
		../rtl/common/axi_master_wrapper/axi_wrapper_top.v
		../rtl/common/axi_master_wrapper/axi_rw_engine.v
		../rtl/common/axi_slave_with_data_memory/axi_4lite_slave.v
		../rtl/common/axi_slave_with_data_memory/axi_datamem_wrapper.v
		../rtl/common/axi_slave_with_instruction_memory/instruction_memory_wrapper.sv
		../rtl/common/mem/instruction_memory.v
		../rtl/common/mem/data_memory.v
		../rtl/core/CONTROL.v
		../rtl/core/conversion.v
		../rtl/core/DECODER.v
		../rtl/core/ex_mem_pipeline.v
		../rtl/core/ex_stage.v
		../rtl/core/fadd.v
		../rtl/core/fdiv.v
		../rtl/core/feq.v
		../rtl/core/flt.v
		../rtl/core/fmax.v
		../rtl/core/fmin.v
		../rtl/core/fmul.v
		../rtl/core/forward_mux.v
		../rtl/core/forward.v
		../rtl/core/fp2int.v
		../rtl/core/fp_reg.v
		../rtl/core/fsqrt.v
		../rtl/core/fsub.v
		../rtl/core/hazard.v
		../rtl/core/id_ex_pipeline.v
		../rtl/core/id_stage.v
		../rtl/core/if_id_pipeline.v
		../rtl/core/if_stage.v
		../rtl/core/int2fp.v
		../rtl/core/int_reg.v
		../rtl/core/leq.v
		../rtl/core/mem_stage.v
		../rtl/core/mem_wb_pipeline.v
		../rtl/core/move.v
		../rtl/core/normalization.v
		../rtl/core/pc.v
		../rtl/core/ripple_carry_adder.v
		../rtl/core/top_alu.v
		../rtl/core/wb_stage.v
		../rtl/core/final_integrate_top.v
		../rtl/core/rtl_trace_bind.sv
		./axi_typedef_pkg.sv
		../rtl/top/pinaka_fp.sv
		./pinaka_fp_tb.sv
		./fp_reference.c
Recompiling... reason: file './pinaka_fp_tb.sv' is newer than expected.
	expected: Wed Feb 13 04:51:24 2019
	actual:   Tue Feb 19 05:34:45 2019
file: ../rtl/core/fsqrt.v
module FloatingAddition (input [31:0]A,
                      |
ncvlog: *W,RECOME (../rtl/core/fsqrt.v,852|22): recompiling design unit worklib.FloatingAddition:v.
	First compiled from line 2 of ../rtl/core/fsqrt.v.
file: ../rtl/core/int2fp.v
                    if (mantissa == 23'h800000) begin
                                             |
ncvlog: *W,INTOVF (../rtl/core/int2fp.v,203|45): bit overflow during conversion from text [2.5(IEEE)] (23 bits).
file: ./pinaka_fp_tb.sv
	module worklib.tb_pinaka_fp:sv
		errors: 0, warnings: 0
		Caching library 'worklib' ....... Done
	Elaborating the design hierarchy:
		Caching library 'worklib' ....... Done
	Top level design units:
		axi_typedef_pkg
		$unit_0x310c21a8
		fp_norm_round
		tb_pinaka_fp
ncelab: *W,DSEMEL: This SystemVerilog design will be simulated as per IEEE 1800-2009 SystemVerilog simulation semantics. Use -disable_sem2009 option for turning off SV 2009 simulation semantics.
.address    (addr),
                |
ncelab: *W,CUVMPW (../rtl/common/axi_slave_with_instruction_memory/instruction_memory_wrapper.sv,24|16): port sizes differ in port connection (16/15).
        .illegal_address        (illegal_address)                               ,
                                               |
ncelab: *W,CUVMPW (../rtl/top/pinaka_fp.sv,169|47): port sizes differ in port connection (32/1).
    .addr      (pc_out[16:2]),
                     |
ncelab: *W,CUVMPW (../rtl/top/pinaka_fp.sv,99|21): port sizes differ in port connection (15/16).
.address    (mem_wr_addr_mux[DATA_MEMORY_ADDR_WIDTH-1:2]),
                           |
ncelab: *W,CUVMPW (../rtl/common/axi_slave_with_data_memory/axi_datamem_wrapper.v,144|27): port sizes differ in port connection (14/16).
	Building instance overlay tables: .................... Done
	Generating native compiled code:
		worklib.tb_pinaka_fp:sv <0x2d732052>
			streams:   6, words:  3556
	Building instance specific data structures.
	Loading native compiled code:     .................... Done
	Design hierarchy summary:
		               Instances  Unique
		Modules:             154      57
		Verilog packages:      1       1
		Registers:           982     268
		Scalar wires:        486       -
		Expanded wires:      160       5
		Vectored wires:      625       -
		Always blocks:       139      64
		Initial blocks:        7       7
		Final blocks:          1       1
		Cont. assignments:   344     364
		Pseudo assignments:   91      48
		Compilation units:     1       1
	Writing initial simulation snapshot: worklib.fp_norm_round:v
Loading snapshot worklib.fp_norm_round:v .................... Done
ncsim: *W,DSEM2009: This SystemVerilog design is simulated as per IEEE 1800-2009 SystemVerilog simulation semantics. Use -disable_sem2009 option for turning off SV 2009 simulation semantics.
ncsim> source /tools/cadence/INCISIVE152/tools/inca/files/ncsimrc
ncsim> run
RTL trace logging started
Loading HEX File =                                                                                                               ../SIM/program.hex
========== RTL INSTRUCTION MEMORY ==========
mem[0] = 000060b7
mem[1] = 3000a073
mem[2] = 29771353
mem[3] = 28519653
mem[4] = 284c0853
============================================
IF/ID : PC=00000000 INST=xxxxxxxx
IF/ID : PC=00000000 INST=000060b7
RTL TRACE PUSH : PC=00000000 INST=00000000
IF/ID : PC=00000000 INST=000060b7
RTL TRACE PUSH : PC=00000000 INST=000060b7
IF/ID : PC=00000004 INST=000060b7
RTL TRACE PUSH : PC=00000004 INST=000060b7
IF/ID : PC=00000008 INST=3000a073
RTL TRACE PUSH : PC=00000008 INST=3000a073
IF/ID : PC=0000000c INST=29771353
RTL TRACE PUSH : PC=0000000c INST=29771353
IF/ID : PC=00000010 INST=28519653
RTL TRACE PUSH : PC=00000010 INST=28519653
IF/ID : PC=00000014 INST=284c0853
RTL TRACE PUSH : PC=00000014 INST=284c0853
IF/ID : PC=00000018 INST=28640053
RTL TRACE PUSH : PC=00000018 INST=28640053
RTL TRACE FREG : PC=00000000 RD=f6 DATA=c0000000
IF/ID : PC=0000001c INST=290780d3
RTL TRACE PUSH : PC=0000001c INST=290780d3
RTL TRACE FREG : PC=00000000 RD=f12 DATA=43dc8000
IF/ID : PC=00000020 INST=29269ad3
RTL TRACE PUSH : PC=00000020 INST=29269ad3
RTL TRACE FREG : PC=00000004 RD=f16 DATA=40400000
IF/ID : PC=00000024 INST=58058bd3
RTL TRACE PUSH : PC=00000024 INST=58058bd3
RTL TRACE FREG : PC=00000008 RD=f0 DATA=c0000000
IF/ID : PC=00000028 INST=10b50dd3
RTL TRACE PUSH : PC=00000028 INST=10b50dd3
RTL TRACE FREG : PC=0000000c RD=f1 DATA=40400000
IF/ID : PC=0000002c INST=08b509d3
RTL TRACE PUSH : PC=0000002c INST=08b509d3
RTL TRACE FREG : PC=00000010 RD=f21 DATA=40400000
IF/ID : PC=00000030 INST=18b50a53
RTL TRACE PUSH : PC=00000030 INST=18b50a53
RTL TRACE FREG : PC=00000014 RD=f23 DATA=00000000
IF/ID : PC=00000034 INST=10da8553
ERROR: WB FP result but FIFO is empty
IF/ID : PC=00000038 INST=297d0c53
ERROR: WB FP result but FIFO is empty
IF/ID : PC=00000038 INST=580b0e53
ERROR: WB FP result but FIFO is empty
IF/ID : PC=00000038 INST=580b0e53
ERROR: WB FP result but FIFO is empty
IF/ID : PC=00000038 INST=580b0e53
ERROR: WB FP result but FIFO is empty
IF/ID : PC=00000038 INST=580b0e53
ERROR: WB FP result but FIFO is empty
IF/ID : PC=00000038 INST=580b0e53
ERROR: WB FP result but FIFO is empty
IF/ID : PC=00000038 INST=580b0e53
ERROR: WB FP result but FIFO is empty
IF/ID : PC=00000038 INST=580b0e53
ERROR: WB FP result but FIFO is empty
IF/ID : PC=00000038 INST=580b0e53
ERROR: WB FP result but FIFO is empty
IF/ID : PC=00000038 INST=580b0e53
RTL TRACE PUSH : PC=00000034 INST=10da8553
ERROR: WB FP result but FIFO is empty
IF/ID : PC=00000038 INST=580b0e53
RTL TRACE PUSH : PC=00000038 INST=580b0e53
RTL TRACE FREG : PC=00000018 RD=f19 DATA=c41bb000
IF/ID : PC=0000003c INST=580b0e53
RTL TRACE PUSH : PC=0000003c INST=580b0e53
ERROR: WB FP result but FIFO is empty
IF/ID : PC=00000040 INST=58098253
RTL TRACE PUSH : PC=00000040 INST=58098253
RTL TRACE FREG : PC=0000001c RD=f10 DATA=44fd8000
IF/ID : PC=00000044 INST=195087d3
RTL TRACE PUSH : PC=00000044 INST=195087d3
ERROR: WB FP result but FIFO is empty
IF/ID : PC=00000048 INST=296d18d3
RTL TRACE FREG : PC=00000020 RD=f28 DATA=00000000
IF/ID : PC=0000004c INST=09928a53
ERROR: WB FP result but FIFO is empty
IF/ID : PC=0000004c INST=58070553
ERROR: WB FP result but FIFO is empty
IF/ID : PC=0000004c INST=58070553
ERROR: WB FP result but FIFO is empty
IF/ID : PC=0000004c INST=58070553
ERROR: WB FP result but FIFO is empty
IF/ID : PC=0000004c INST=58070553
ERROR: WB FP result but FIFO is empty
IF/ID : PC=0000004c INST=58070553
ERROR: WB FP result but FIFO is empty
IF/ID : PC=0000004c INST=58070553
ERROR: WB FP result but FIFO is empty
IF/ID : PC=0000004c INST=58070553
ERROR: WB FP result but FIFO is empty
IF/ID : PC=0000004c INST=58070553
ERROR: WB FP result but FIFO is empty
IF/ID : PC=0000004c INST=58070553
RTL TRACE PUSH : PC=00000048 INST=296d18d3
ERROR: WB FP result but FIFO is empty
IF/ID : PC=0000004c INST=58070553
RTL TRACE PUSH : PC=0000004c INST=58070553
RTL TRACE FREG : PC=00000024 RD=f4 DATA=00000000
IF/ID : PC=00000050 INST=58070553
RTL TRACE PUSH : PC=00000050 INST=58070553
ERROR: WB FP result but FIFO is empty
IF/ID : PC=00000054 INST=19698453
RTL TRACE PUSH : PC=00000054 INST=19698453
RTL TRACE FREG : PC=00000028 RD=f17 DATA=40a00000
IF/ID : PC=00000058 INST=580d87d3
ERROR: WB FP result but FIFO is empty
IF/ID : PC=0000005c INST=19e98953
ERROR: WB FP result but FIFO is empty
IF/ID : PC=0000005c INST=281d98d3
ERROR: WB FP result but FIFO is empty
IF/ID : PC=0000005c INST=281d98d3
ERROR: WB FP result but FIFO is empty
IF/ID : PC=0000005c INST=281d98d3
ERROR: WB FP result but FIFO is empty
IF/ID : PC=0000005c INST=281d98d3
ERROR: WB FP result but FIFO is empty
IF/ID : PC=0000005c INST=281d98d3
ERROR: WB FP result but FIFO is empty
IF/ID : PC=0000005c INST=281d98d3
ERROR: WB FP result but FIFO is empty
IF/ID : PC=0000005c INST=281d98d3
ERROR: WB FP result but FIFO is empty
IF/ID : PC=0000005c INST=281d98d3
ERROR: WB FP result but FIFO is empty
IF/ID : PC=0000005c INST=281d98d3
RTL TRACE PUSH : PC=00000058 INST=580d87d3
ERROR: WB FP result but FIFO is empty
IF/ID : PC=0000005c INST=281d98d3
RTL TRACE PUSH : PC=0000005c INST=281d98d3
RTL TRACE FREG : PC=0000002c RD=f10 DATA=00000000
IF/ID : PC=00000060 INST=281d98d3
RTL TRACE PUSH : PC=00000060 INST=281d98d3
ERROR: WB FP result but FIFO is empty
IF/ID : PC=00000064 INST=580f0553
RTL TRACE PUSH : PC=00000064 INST=580f0553
RTL TRACE FREG : PC=00000030 RD=f15 DATA=00000000
IF/ID : PC=00000068 INST=58058153
RTL TRACE PUSH : PC=00000068 INST=58058153
ERROR: WB FP result but FIFO is empty
IF/ID : PC=0000006c INST=19db0253
RTL TRACE PUSH : PC=0000006c INST=19db0253
RTL TRACE FREG : PC=00000034 RD=f17 DATA=40400000
IF/ID : PC=00000070 INST=29af8dd3
ERROR: WB FP result but FIFO is empty
IF/ID : PC=00000074 INST=08980253
ERROR: WB FP result but FIFO is empty
IF/ID : PC=00000074 INST=007688d3
ERROR: WB FP result but FIFO is empty
IF/ID : PC=00000074 INST=007688d3
ERROR: WB FP result but FIFO is empty
IF/ID : PC=00000074 INST=007688d3
ERROR: WB FP result but FIFO is empty
IF/ID : PC=00000074 INST=007688d3
ERROR: WB FP result but FIFO is empty
IF/ID : PC=00000074 INST=007688d3
ERROR: WB FP result but FIFO is empty
IF/ID : PC=00000074 INST=007688d3
ERROR: WB FP result but FIFO is empty
IF/ID : PC=00000074 INST=007688d3
ERROR: WB FP result but FIFO is empty
IF/ID : PC=00000074 INST=007688d3
ERROR: WB FP result but FIFO is empty
IF/ID : PC=00000074 INST=007688d3
RTL TRACE PUSH : PC=00000070 INST=29af8dd3
ERROR: WB FP result but FIFO is empty
IF/ID : PC=00000074 INST=007688d3
RTL TRACE PUSH : PC=00000074 INST=007688d3
RTL TRACE FREG : PC=00000038 RD=f2 DATA=00000000
IF/ID : PC=00000078 INST=007688d3
RTL TRACE PUSH : PC=00000078 INST=007688d3
ERROR: WB FP result but FIFO is empty
IF/ID : PC=0000007c INST=28b310d3
RTL TRACE PUSH : PC=0000007c INST=28b310d3
RTL TRACE FREG : PC=0000003c RD=f27 DATA=c0000000
IF/ID : PC=00000080 INST=28ad04d3
RTL TRACE PUSH : PC=00000080 INST=28ad04d3
ERROR: WB FP result but FIFO is empty
IF/ID : PC=00000084 INST=091580d3
RTL TRACE PUSH : PC=00000084 INST=091580d3
RTL TRACE FREG : PC=00000040 RD=f17 DATA=4496a000
IF/ID : PC=00000088 INST=29361853
RTL TRACE PUSH : PC=00000088 INST=29361853
ERROR: WB FP result but FIFO is empty
IF/ID : PC=0000008c INST=28ab11d3
RTL TRACE PUSH : PC=0000008c INST=28ab11d3
RTL TRACE FREG : PC=00000044 RD=f9 DATA=00000000
IF/ID : PC=00000090 INST=58070bd3
RTL TRACE PUSH : PC=00000090 INST=58070bd3
ERROR: WB FP result but FIFO is empty
IF/ID : PC=00000094 INST=09038fd3
RTL TRACE PUSH : PC=00000094 INST=09038fd3
RTL TRACE FREG : PC=00000048 RD=f16 DATA=c41bb000
IF/ID : PC=00000098 INST=11f58253
RTL TRACE PUSH : PC=00000098 INST=11f58253
ERROR: WB FP result but FIFO is empty
IF/ID : PC=0000009c INST=29588dd3
RTL TRACE PUSH : PC=0000009c INST=29588dd3
RTL TRACE FREG : PC=0000004c RD=f23 DATA=00000000
IF/ID : PC=000000a0 INST=10060cd3
RTL TRACE PUSH : PC=000000a0 INST=10060cd3
ERROR: WB FP result but FIFO is empty
IF/ID : PC=000000a4 INST=580a0853
RTL TRACE PUSH : PC=000000a4 INST=580a0853
RTL TRACE FREG : PC=00000050 RD=f4 DATA=48a085c0
IF/ID : PC=000000a8 INST=580d89d3
RTL TRACE PUSH : PC=000000a8 INST=580d89d3
ERROR: WB FP result but FIFO is empty
IF/ID : PC=000000ac INST=08468b53
RTL TRACE PUSH : PC=000000ac INST=08468b53
RTL TRACE FREG : PC=00000054 RD=f25 DATA=c45c8000
IF/ID : PC=000000b0 INST=192e04d3
RTL TRACE PUSH : PC=000000b0 INST=192e04d3
ERROR: WB FP result but FIFO is empty
IF/ID : PC=000000b4 INST=580a82d3
RTL TRACE FREG : PC=00000058 RD=f19 DATA=00000000
IF/ID : PC=000000b8 INST=58080c53
ERROR: WB FP result but FIFO is empty
IF/ID : PC=000000b8 INST=580386d3
RTL TRACE PUSH : PC=000000b4 INST=580a82d3
ERROR: WB FP result but FIFO is empty
IF/ID : PC=000000b8 INST=580386d3
RTL TRACE PUSH : PC=000000b8 INST=580386d3
RTL TRACE FREG : PC=0000005c RD=f22 DATA=c8a03140
IF/ID : PC=000000bc INST=580386d3
RTL TRACE PUSH : PC=000000bc INST=580386d3
ERROR: WB FP result but FIFO is empty
IF/ID : PC=000000c0 INST=01730753
RTL TRACE PUSH : PC=000000c0 INST=01730753
RTL TRACE FREG : PC=00000060 RD=f5 DATA=00000000
IF/ID : PC=000000c4 INST=580a0fd3
RTL TRACE PUSH : PC=000000c4 INST=580a0fd3
ERROR: WB FP result but FIFO is empty
IF/ID : PC=000000c8 INST=580707d3
RTL TRACE PUSH : PC=000000c8 INST=580707d3
RTL TRACE FREG : PC=00000064 RD=f13 DATA=00000000
IF/ID : PC=000000cc INST=29469d53
RTL TRACE PUSH : PC=000000cc INST=29469d53
ERROR: WB FP result but FIFO is empty
IF/ID : PC=000000d0 INST=28769c53
RTL TRACE PUSH : PC=000000d0 INST=28769c53
RTL TRACE FREG : PC=00000068 RD=f31 DATA=00000000
IF/ID : PC=000000d4 INST=580f0253
RTL TRACE PUSH : PC=000000d4 INST=580f0253
ERROR: WB FP result but FIFO is empty
IF/ID : PC=000000d8 INST=01bd8853
RTL TRACE PUSH : PC=000000d8 INST=01bd8853
RTL TRACE FREG : PC=0000006c RD=f26 DATA=00000000
IF/ID : PC=000000dc INST=580f0bd3
RTL TRACE PUSH : PC=000000dc INST=580f0bd3
ERROR: WB FP result but FIFO is empty
IF/ID : PC=000000e0 INST=58070dd3
RTL TRACE PUSH : PC=000000e0 INST=58070dd3
RTL TRACE FREG : PC=00000070 RD=f4 DATA=00000000
IF/ID : PC=000000e4 INST=58080153
RTL TRACE PUSH : PC=000000e4 INST=58080153
ERROR: WB FP result but FIFO is empty
IF/ID : PC=000000e8 INST=28b08cd3
RTL TRACE PUSH : PC=000000e8 INST=28b08cd3
RTL TRACE FREG : PC=00000074 RD=f23 DATA=00000000
IF/ID : PC=000000ec INST=58070453
RTL TRACE PUSH : PC=000000ec INST=58070453
ERROR: WB FP result but FIFO is empty
IF/ID : PC=000000f0 INST=014c0ed3
RTL TRACE PUSH : PC=000000f0 INST=014c0ed3
RTL TRACE FREG : PC=00000078 RD=f2 DATA=00000000
IF/ID : PC=000000f4 INST=58038cd3
RTL TRACE PUSH : PC=000000f4 INST=58038cd3
ERROR: WB FP result but FIFO is empty
IF/ID : PC=000000f8 INST=009882d3
RTL TRACE PUSH : PC=000000f8 INST=009882d3
RTL TRACE FREG : PC=0000007c RD=f8 DATA=00000000
IF/ID : PC=000000fc INST=58048d53
RTL TRACE PUSH : PC=000000fc INST=58048d53
ERROR: WB FP result but FIFO is empty
IF/ID : PC=00000100 INST=19b683d3
RTL TRACE PUSH : PC=00000100 INST=19b683d3
RTL TRACE FREG : PC=00000080 RD=f25 DATA=00000000
IF/ID : PC=00000104 INST=01f20253
ERROR: WB FP result but FIFO is empty
IF/ID : PC=00000108 INST=01910ed3
ERROR: WB FP result but FIFO is empty
IF/ID : PC=00000108 INST=295a9f53
RTL TRACE PUSH : PC=00000104 INST=01f20253
ERROR: WB FP result but FIFO is empty
IF/ID : PC=00000108 INST=295a9f53
RTL TRACE PUSH : PC=00000108 INST=295a9f53
RTL TRACE FREG : PC=00000104 RD=f26 DATA=00000000
IF/ID : PC=0000010c INST=295a9f53
RTL TRACE PUSH : PC=0000010c INST=295a9f53
ERROR: WB FP result but FIFO is empty
IF/ID : PC=00000110 INST=10d08653
RTL TRACE PUSH : PC=00000110 INST=10d08653
RTL TRACE FREG : PC=00000108 RD=f4 DATA=00000000
IF/ID : PC=00000114 INST=28f10553
RTL TRACE PUSH : PC=00000114 INST=28f10553
ERROR: WB FP result but FIFO is empty
IF/ID : PC=00000118 INST=58088353
RTL TRACE PUSH : PC=00000118 INST=58088353
RTL TRACE FREG : PC=0000010c RD=f30 DATA=40400000
IF/ID : PC=0000011c INST=290e9853
RTL TRACE PUSH : PC=0000011c INST=290e9853
ERROR: WB FP result but FIFO is empty
IF/ID : PC=00000120 INST=284e1d53
RTL TRACE PUSH : PC=00000120 INST=284e1d53
RTL TRACE FREG : PC=00000110 RD=f10 DATA=00000000
IF/ID : PC=00000124 INST=28d298d3
RTL TRACE PUSH : PC=00000124 INST=28d298d3
ERROR: WB FP result but FIFO is empty
IF/ID : PC=00000128 INST=19c38553
RTL TRACE PUSH : PC=00000128 INST=19c38553
RTL TRACE FREG : PC=00000114 RD=f16 DATA=3b6bedf9
IF/ID : PC=0000012c INST=092083d3
ERROR: WB FP result but FIFO is empty
IF/ID : PC=00000130 INST=29138153
ERROR: WB FP result but FIFO is empty
IF/ID : PC=00000130 INST=580e8253
RTL TRACE PUSH : PC=0000012c INST=092083d3
ERROR: WB FP result but FIFO is empty
IF/ID : PC=00000130 INST=580e8253
RTL TRACE PUSH : PC=00000130 INST=580e8253
RTL TRACE FREG : PC=00000118 RD=f17 DATA=00000000
IF/ID : PC=00000134 INST=580e8253
RTL TRACE PUSH : PC=00000134 INST=580e8253
ERROR: WB FP result but FIFO is empty
IF/ID : PC=00000138 INST=287d8a53
RTL TRACE PUSH : PC=00000138 INST=287d8a53
RTL TRACE FREG : PC=0000011c RD=f7 DATA=c411c000
IF/ID : PC=0000013c INST=287f1353
RTL TRACE PUSH : PC=0000013c INST=287f1353
ERROR: WB FP result but FIFO is empty
IF/ID : PC=00000140 INST=580d0bd3
RTL TRACE PUSH : PC=00000140 INST=580d0bd3
RTL TRACE FREG : PC=00000120 RD=f4 DATA=00000000
IF/ID : PC=00000144 INST=58068553
RTL TRACE PUSH : PC=00000144 INST=58068553
ERROR: WB FP result but FIFO is empty
IF/ID : PC=00000148 INST=580d8d53
RTL TRACE PUSH : PC=00000148 INST=580d8d53
RTL TRACE FREG : PC=00000124 RD=f6 DATA=c411c000
IF/ID : PC=0000014c INST=580f0453
RTL TRACE PUSH : PC=0000014c INST=580f0453
ERROR: WB FP result but FIFO is empty
IF/ID : PC=00000150 INST=09f98453
RTL TRACE PUSH : PC=00000150 INST=09f98453
RTL TRACE FREG : PC=00000128 RD=f10 DATA=00000000
IF/ID : PC=00000154 INST=09790f53
RTL TRACE PUSH : PC=00000154 INST=09790f53
ERROR: WB FP result but FIFO is empty
IF/ID : PC=00000158 INST=28a09f53
RTL TRACE PUSH : PC=00000158 INST=28a09f53
RTL TRACE FREG : PC=0000012c RD=f8 DATA=00000000
IF/ID : PC=0000015c INST=181386d3
RTL TRACE PUSH : PC=0000015c INST=181386d3
ERROR: WB FP result but FIFO is empty
IF/ID : PC=00000160 INST=298507d3
RTL TRACE FREG : PC=00000130 RD=f30 DATA=40400000
IF/ID : PC=00000164 INST=580c01d3
ERROR: WB FP result but FIFO is empty
IF/ID : PC=00000164 INST=580580d3
ERROR: WB FP result but FIFO is empty
IF/ID : PC=00000164 INST=580580d3
ERROR: WB FP result but FIFO is empty
IF/ID : PC=00000164 INST=580580d3
ERROR: WB FP result but FIFO is empty
IF/ID : PC=00000164 INST=580580d3
ERROR: WB FP result but FIFO is empty
IF/ID : PC=00000164 INST=580580d3
ERROR: WB FP result but FIFO is empty
IF/ID : PC=00000164 INST=580580d3
ERROR: WB FP result but FIFO is empty
IF/ID : PC=00000164 INST=580580d3
ERROR: WB FP result but FIFO is empty
IF/ID : PC=00000164 INST=580580d3
ERROR: WB FP result but FIFO is empty
IF/ID : PC=00000164 INST=580580d3
RTL TRACE PUSH : PC=00000160 INST=298507d3
ERROR: WB FP result but FIFO is empty
IF/ID : PC=00000164 INST=580580d3
RTL TRACE PUSH : PC=00000164 INST=580580d3
RTL TRACE FREG : PC=00000134 RD=f30 DATA=00000000
IF/ID : PC=00000168 INST=580580d3
RTL TRACE PUSH : PC=00000168 INST=580580d3
ERROR: WB FP result but FIFO is empty
IF/ID : PC=0000016c INST=580788d3
RTL TRACE PUSH : PC=0000016c INST=580788d3
RTL TRACE FREG : PC=00000138 RD=f15 DATA=00000000
IF/ID : PC=00000170 INST=58030fd3
RTL TRACE PUSH : PC=00000170 INST=58030fd3
ERROR: WB FP result but FIFO is empty
IF/ID : PC=00000174 INST=09e683d3
RTL TRACE PUSH : PC=00000174 INST=09e683d3
RTL TRACE FREG : PC=0000013c RD=f1 DATA=00000000
IF/ID : PC=00000178 INST=580d07d3
RTL TRACE PUSH : PC=00000178 INST=580d07d3
ERROR: WB FP result but FIFO is empty
IF/ID : PC=0000017c INST=01940153
RTL TRACE PUSH : PC=0000017c INST=01940153
RTL TRACE FREG : PC=00000140 RD=f31 DATA=00000000
IF/ID : PC=00000180 INST=580c8953
RTL TRACE PUSH : PC=00000180 INST=580c8953
ERROR: WB FP result but FIFO is empty
IF/ID : PC=00000184 INST=580c0fd3
RTL TRACE PUSH : PC=00000184 INST=580c0fd3
RTL TRACE FREG : PC=00000144 RD=f15 DATA=00000000
IF/ID : PC=00000188 INST=580c82d3
RTL TRACE PUSH : PC=00000188 INST=580c82d3
ERROR: WB FP result but FIFO is empty
IF/ID : PC=0000018c INST=00730953
RTL TRACE PUSH : PC=0000018c INST=00730953
RTL TRACE FREG : PC=00000148 RD=f18 DATA=00000000
IF/ID : PC=00000190 INST=58070fd3
RTL TRACE PUSH : PC=00000190 INST=58070fd3
ERROR: WB FP result but FIFO is empty
IF/ID : PC=00000194 INST=58040ed3
RTL TRACE PUSH : PC=00000194 INST=58040ed3
RTL TRACE FREG : PC=0000014c RD=f5 DATA=00000000
IF/ID : PC=00000198 INST=299d90d3
RTL TRACE PUSH : PC=00000198 INST=299d90d3
ERROR: WB FP result but FIFO is empty
IF/ID : PC=0000019c INST=18de87d3
RTL TRACE PUSH : PC=0000019c INST=18de87d3
RTL TRACE FREG : PC=00000150 RD=f31 DATA=00000000
IF/ID : PC=000001a0 INST=580d81d3
ERROR: WB FP result but FIFO is empty
IF/ID : PC=000001a4 INST=58038553
ERROR: WB FP result but FIFO is empty
IF/ID : PC=000001a4 INST=29a986d3
RTL TRACE PUSH : PC=000001a0 INST=580d81d3
ERROR: WB FP result but FIFO is empty
IF/ID : PC=000001a4 INST=29a986d3
RTL TRACE PUSH : PC=000001a4 INST=29a986d3
RTL TRACE FREG : PC=00000154 RD=f1 DATA=00000000
IF/ID : PC=000001a8 INST=29a986d3
RTL TRACE PUSH : PC=000001a8 INST=29a986d3
ERROR: WB FP result but FIFO is empty
IF/ID : PC=000001ac INST=28d293d3
RTL TRACE PUSH : PC=000001ac INST=28d293d3
RTL TRACE FREG : PC=00000158 RD=f3 DATA=00000000
IF/ID : PC=000001b0 INST=580d0753
RTL TRACE PUSH : PC=000001b0 INST=580d0753
ERROR: WB FP result but FIFO is empty
IF/ID : PC=000001b4 INST=580186d3
RTL TRACE PUSH : PC=000001b4 INST=580186d3
RTL TRACE FREG : PC=0000015c RD=f13 DATA=00000000
IF/ID : PC=000001b8 INST=08a68b53
RTL TRACE PUSH : PC=000001b8 INST=08a68b53
ERROR: WB FP result but FIFO is empty
IF/ID : PC=000001bc INST=11270e53
RTL TRACE PUSH : PC=000001bc INST=11270e53
RTL TRACE FREG : PC=00000160 RD=f14 DATA=00000000
IF/ID : PC=000001c0 INST=29410f53
RTL TRACE PUSH : PC=000001c0 INST=29410f53
ERROR: WB FP result but FIFO is empty
IF/ID : PC=000001c4 INST=091309d3
RTL TRACE PUSH : PC=000001c4 INST=091309d3
RTL TRACE FREG : PC=00000164 RD=f22 DATA=00000000
IF/ID : PC=000001c8 INST=58018cd3
RTL TRACE PUSH : PC=000001c8 INST=58018cd3
ERROR: WB FP result but FIFO is empty
IF/ID : PC=000001cc INST=580e0bd3
RTL TRACE PUSH : PC=000001cc INST=580e0bd3
RTL TRACE FREG : PC=00000168 RD=f30 DATA=00000000
IF/ID : PC=000001d0 INST=58020cd3
RTL TRACE PUSH : PC=000001d0 INST=58020cd3
ERROR: WB FP result but FIFO is empty
IF/ID : PC=000001d4 INST=084800d3
RTL TRACE PUSH : PC=000001d4 INST=084800d3
RTL TRACE FREG : PC=0000016c RD=f25 DATA=00000000
IF/ID : PC=000001d8 INST=012782d3
RTL TRACE PUSH : PC=000001d8 INST=012782d3
ERROR: WB FP result but FIFO is empty
IF/ID : PC=000001dc INST=29941953
RTL TRACE PUSH : PC=000001dc INST=29941953
RTL TRACE FREG : PC=00000170 RD=f25 DATA=00000000
IF/ID : PC=000001e0 INST=580e0cd3
RTL TRACE PUSH : PC=000001e0 INST=580e0cd3
ERROR: WB FP result but FIFO is empty
IF/ID : PC=000001e4 INST=28948353
RTL TRACE PUSH : PC=000001e4 INST=28948353
RTL TRACE FREG : PC=00000174 RD=f5 DATA=c4117fab
IF/ID : PC=000001e8 INST=58078bd3
RTL TRACE PUSH : PC=000001e8 INST=58078bd3
ERROR: WB FP result but FIFO is empty
IF/ID : PC=000001ec INST=01090353
RTL TRACE PUSH : PC=000001ec INST=01090353
RTL TRACE FREG : PC=00000178 RD=f25 DATA=00000000
IF/ID : PC=000001f0 INST=183304d3
RTL TRACE PUSH : PC=000001f0 INST=183304d3
ERROR: WB FP result but FIFO is empty
IF/ID : PC=000001f4 INST=58030153
RTL TRACE FREG : PC=0000017c RD=f23 DATA=00000000
IF/ID : PC=000001f8 INST=29b792d3
ERROR: WB FP result but FIFO is empty
IF/ID : PC=000001f8 INST=28f98bd3
RTL TRACE PUSH : PC=000001f4 INST=58030153
ERROR: WB FP result but FIFO is empty
IF/ID : PC=000001f8 INST=28f98bd3
RTL TRACE PUSH : PC=000001f8 INST=28f98bd3
RTL TRACE FREG : PC=00000180 RD=f6 DATA=3b6bedf9
IF/ID : PC=000001fc INST=28f98bd3
RTL TRACE PUSH : PC=000001fc INST=28f98bd3
ERROR: WB FP result but FIFO is empty
IF/ID : PC=00000200 INST=29729ed3
RTL TRACE PUSH : PC=00000200 INST=29729ed3
RTL TRACE FREG : PC=00000184 RD=f2 DATA=00000000
IF/ID : PC=00000204 INST=58038bd3
RTL TRACE PUSH : PC=00000204 INST=58038bd3
ERROR: WB FP result but FIFO is empty
IF/ID : PC=00000208 INST=00eb84d3
RTL TRACE PUSH : PC=00000208 INST=00eb84d3
RTL TRACE FREG : PC=00000188 RD=f23 DATA=00000000
IF/ID : PC=0000020c INST=580180d3
RTL TRACE PUSH : PC=0000020c INST=580180d3
ERROR: WB FP result but FIFO is empty
IF/ID : PC=00000210 INST=294a9153
RTL TRACE PUSH : PC=00000210 INST=294a9153
RTL TRACE FREG : PC=0000020c RD=f23 DATA=00000000
IF/ID : PC=00000214 INST=28e89c53
RTL TRACE PUSH : PC=00000214 INST=28e89c53
ERROR: WB FP result but FIFO is empty
IF/ID : PC=00000218 INST=580f0d53
RTL TRACE PUSH : PC=00000218 INST=580f0d53
RTL TRACE FREG : PC=00000210 RD=f1 DATA=00000000
IF/ID : PC=0000021c INST=29d401d3
RTL TRACE PUSH : PC=0000021c INST=29d401d3
ERROR: WB FP result but FIFO is empty
IF/ID : PC=00000220 INST=18e60653
RTL TRACE PUSH : PC=00000220 INST=18e60653
RTL TRACE FREG : PC=00000214 RD=f24 DATA=00000000
IF/ID : PC=00000224 INST=08f78953
ERROR: WB FP result but FIFO is empty
IF/ID : PC=00000228 INST=580a89d3
ERROR: WB FP result but FIFO is empty
IF/ID : PC=00000228 INST=580a8e53
RTL TRACE PUSH : PC=00000224 INST=08f78953
ERROR: WB FP result but FIFO is empty
IF/ID : PC=00000228 INST=580a8e53
RTL TRACE PUSH : PC=00000228 INST=580a8e53
RTL TRACE FREG : PC=00000218 RD=f3 DATA=00000000
IF/ID : PC=0000022c INST=580a8e53
RTL TRACE PUSH : PC=0000022c INST=580a8e53
ERROR: WB FP result but FIFO is empty
IF/ID : PC=00000230 INST=29e50a53
RTL TRACE PUSH : PC=00000230 INST=29e50a53
RTL TRACE FREG : PC=0000021c RD=f18 DATA=00000000
IF/ID : PC=00000234 INST=280c9dd3
RTL TRACE PUSH : PC=00000234 INST=280c9dd3
ERROR: WB FP result but FIFO is empty
IF/ID : PC=00000238 INST=580400d3
RTL TRACE PUSH : PC=00000238 INST=580400d3
RTL TRACE FREG : PC=00000220 RD=f28 DATA=00000000
IF/ID : PC=0000023c INST=01b88a53
RTL TRACE PUSH : PC=0000023c INST=01b88a53
ERROR: WB FP result but FIFO is empty
IF/ID : PC=00000240 INST=58060dd3
RTL TRACE PUSH : PC=00000240 INST=58060dd3
RTL TRACE FREG : PC=00000224 RD=f27 DATA=00000000
IF/ID : PC=00000244 INST=28a31e53
RTL TRACE PUSH : PC=00000244 INST=28a31e53
ERROR: WB FP result but FIFO is empty
IF/ID : PC=00000248 INST=29a20bd3
RTL TRACE PUSH : PC=00000248 INST=29a20bd3
RTL TRACE FREG : PC=00000228 RD=f20 DATA=00000000
IF/ID : PC=0000024c INST=008088d3
RTL TRACE PUSH : PC=0000024c INST=008088d3
ERROR: WB FP result but FIFO is empty
IF/ID : PC=00000250 INST=58018153
RTL TRACE PUSH : PC=00000250 INST=58018153
RTL TRACE FREG : PC=0000022c RD=f28 DATA=00000000
IF/ID : PC=00000254 INST=283014d3
RTL TRACE PUSH : PC=00000254 INST=283014d3
ERROR: WB FP result but FIFO is empty
IF/ID : PC=00000258 INST=28368bd3
RTL TRACE PUSH : PC=00000258 INST=28368bd3
RTL TRACE FREG : PC=00000230 RD=f17 DATA=00000000
IF/ID : PC=0000025c INST=58058ad3
RTL TRACE PUSH : PC=0000025c INST=58058ad3
ERROR: WB FP result but FIFO is empty
IF/ID : PC=00000260 INST=29378d53
RTL TRACE PUSH : PC=00000260 INST=29378d53
RTL TRACE FREG : PC=00000234 RD=f9 DATA=00000000
IF/ID : PC=00000264 INST=01fd02d3
RTL TRACE PUSH : PC=00000264 INST=01fd02d3
ERROR: WB FP result but FIFO is empty
IF/ID : PC=00000268 INST=197e8a53
RTL TRACE PUSH : PC=00000268 INST=197e8a53
RTL TRACE FREG : PC=00000238 RD=f21 DATA=00000000
IF/ID : PC=0000026c INST=09b70f53
ERROR: WB FP result but FIFO is empty
IF/ID : PC=00000270 INST=08af8653
ERROR: WB FP result but FIFO is empty
IF/ID : PC=00000270 INST=18250753
RTL TRACE PUSH : PC=0000026c INST=09b70f53
ERROR: WB FP result but FIFO is empty
IF/ID : PC=00000270 INST=18250753
RTL TRACE PUSH : PC=00000270 INST=18250753
RTL TRACE FREG : PC=0000023c RD=f5 DATA=00000000
IF/ID : PC=00000274 INST=18250753
ERROR: WB FP result but FIFO is empty
IF/ID : PC=00000278 INST=297d8053
ERROR: WB FP result but FIFO is empty
IF/ID : PC=00000278 INST=58020053
RTL TRACE PUSH : PC=00000274 INST=18250753
ERROR: WB FP result but FIFO is empty
IF/ID : PC=00000278 INST=58020053
RTL TRACE FREG : PC=00000240 RD=f30 DATA=00000000
IF/ID : PC=0000027c INST=58020053
ERROR: WB FP result but FIFO is empty
IF/ID : PC=0000027c INST=28d29153
RTL TRACE PUSH : PC=00000278 INST=58020053
ERROR: WB FP result but FIFO is empty
IF/ID : PC=0000027c INST=28d29153
RTL TRACE PUSH : PC=0000027c INST=28d29153
RTL TRACE FREG : PC=00000244 RD=f14 DATA=7f800000
IF/ID : PC=00000280 INST=28d29153
RTL TRACE PUSH : PC=00000280 INST=28d29153
ERROR: WB FP result but FIFO is empty
IF/ID : PC=00000284 INST=285a8f53
RTL TRACE PUSH : PC=00000284 INST=285a8f53
RTL TRACE FREG : PC=00000248 RD=f0 DATA=00000000
IF/ID : PC=00000288 INST=580f8953
RTL TRACE PUSH : PC=00000288 INST=580f8953
ERROR: WB FP result but FIFO is empty
IF/ID : PC=0000028c INST=580209d3
RTL TRACE PUSH : PC=0000028c INST=580209d3
RTL TRACE FREG : PC=0000024c RD=f2 DATA=00000000
IF/ID : PC=00000290 INST=293916d3
RTL TRACE PUSH : PC=00000290 INST=293916d3
ERROR: WB FP result but FIFO is empty
IF/ID : PC=00000294 INST=28328453
RTL TRACE PUSH : PC=00000294 INST=28328453
RTL TRACE FREG : PC=00000250 RD=f18 DATA=00000000
IF/ID : PC=00000298 INST=28db10d3
RTL TRACE PUSH : PC=00000298 INST=28db10d3
ERROR: WB FP result but FIFO is empty
IF/ID : PC=0000029c INST=11128a53
RTL TRACE PUSH : PC=0000029c INST=11128a53
RTL TRACE FREG : PC=00000254 RD=f13 DATA=00000000
IF/ID : PC=000002a0 INST=287085d3
RTL TRACE PUSH : PC=000002a0 INST=287085d3
ERROR: WB FP result but FIFO is empty
IF/ID : PC=000002a4 INST=580a8dd3
RTL TRACE PUSH : PC=000002a4 INST=580a8dd3
RTL TRACE FREG : PC=00000258 RD=f1 DATA=00000000
IF/ID : PC=000002a8 INST=291601d3
RTL TRACE PUSH : PC=000002a8 INST=291601d3
ERROR: WB FP result but FIFO is empty
IF/ID : PC=000002ac INST=11808753
RTL TRACE PUSH : PC=000002ac INST=11808753
RTL TRACE FREG : PC=0000025c RD=f11 DATA=00000000
IF/ID : PC=000002b0 INST=28ca98d3
RTL TRACE PUSH : PC=000002b0 INST=28ca98d3
ERROR: WB FP result but FIFO is empty
IF/ID : PC=000002b4 INST=28998dd3
RTL TRACE PUSH : PC=000002b4 INST=28998dd3
RTL TRACE FREG : PC=00000260 RD=f3 DATA=00000000
IF/ID : PC=000002b8 INST=58080dd3
RTL TRACE PUSH : PC=000002b8 INST=58080dd3
ERROR: WB FP result but FIFO is empty
IF/ID : PC=000002bc INST=580007d3
RTL TRACE PUSH : PC=000002bc INST=580007d3
RTL TRACE FREG : PC=00000264 RD=f17 DATA=00000000
IF/ID : PC=000002c0 INST=580e84d3
RTL TRACE PUSH : PC=000002c0 INST=580e84d3
ERROR: WB FP result but FIFO is empty
IF/ID : PC=000002c4 INST=28dc1653
RTL TRACE PUSH : PC=000002c4 INST=28dc1653
RTL TRACE FREG : PC=00000268 RD=f27 DATA=00000000
IF/ID : PC=000002c8 INST=29eb81d3
RTL TRACE PUSH : PC=000002c8 INST=29eb81d3
ERROR: WB FP result but FIFO is empty
IF/ID : PC=000002cc INST=289d9fd3
RTL TRACE PUSH : PC=000002cc INST=289d9fd3
RTL TRACE FREG : PC=0000026c RD=f9 DATA=00000000
IF/ID : PC=000002d0 INST=58090153
RTL TRACE PUSH : PC=000002d0 INST=58090153
ERROR: WB FP result but FIFO is empty
IF/ID : PC=000002d4 INST=28f910d3
RTL TRACE PUSH : PC=000002d4 INST=28f910d3
RTL TRACE FREG : PC=00000270 RD=f3 DATA=00000000
IF/ID : PC=000002d8 INST=58080153
RTL TRACE PUSH : PC=000002d8 INST=58080153
ERROR: WB FP result but FIFO is empty
IF/ID : PC=000002dc INST=281900d3
RTL TRACE PUSH : PC=000002dc INST=281900d3
RTL TRACE FREG : PC=00000274 RD=f2 DATA=00000000
IF/ID : PC=000002e0 INST=58000653
RTL TRACE PUSH : PC=000002e0 INST=58000653
ERROR: WB FP result but FIFO is empty
IF/ID : PC=000002e4 INST=29081553
RTL TRACE PUSH : PC=000002e4 INST=29081553
RTL TRACE FREG : PC=00000278 RD=f2 DATA=00000000
IF/ID : PC=000002e8 INST=28819e53
RTL TRACE PUSH : PC=000002e8 INST=28819e53
ERROR: WB FP result but FIFO is empty
IF/ID : PC=000002ec INST=28f704d3
RTL TRACE PUSH : PC=000002ec INST=28f704d3
RTL TRACE FREG : PC=0000027c RD=f12 DATA=00000000
IF/ID : PC=000002f0 INST=10908453
RTL TRACE PUSH : PC=000002f0 INST=10908453
ERROR: WB FP result but FIFO is empty
IF/ID : PC=000002f4 INST=580c0d53
RTL TRACE PUSH : PC=000002f4 INST=580c0d53
RTL TRACE FREG : PC=00000280 RD=f28 DATA=00000000
IF/ID : PC=000002f8 INST=09078a53
RTL TRACE PUSH : PC=000002f8 INST=09078a53
ERROR: WB FP result but FIFO is empty
IF/ID : PC=000002fc INST=287813d3
RTL TRACE PUSH : PC=000002fc INST=287813d3
RTL TRACE FREG : PC=00000284 RD=f8 DATA=7f800000
IF/ID : PC=00000300 INST=293980d3
RTL TRACE PUSH : PC=00000300 INST=293980d3
ERROR: WB FP result but FIFO is empty
IF/ID : PC=00000304 INST=10360ed3
RTL TRACE PUSH : PC=00000304 INST=10360ed3
RTL TRACE FREG : PC=00000288 RD=f20 DATA=bb6bedf9
IF/ID : PC=00000308 INST=58050953
RTL TRACE PUSH : PC=00000308 INST=58050953
ERROR: WB FP result but FIFO is empty
IF/ID : PC=0000030c INST=29191153
RTL TRACE PUSH : PC=0000030c INST=29191153
RTL TRACE FREG : PC=0000028c RD=f1 DATA=00000000
IF/ID : PC=00000310 INST=096b86d3
RTL TRACE PUSH : PC=00000310 INST=096b86d3
ERROR: WB FP result but FIFO is empty
IF/ID : PC=00000314 INST=11978953
RTL TRACE PUSH : PC=00000314 INST=11978953
RTL TRACE FREG : PC=00000310 RD=f18 DATA=00000000
IF/ID : PC=00000318 INST=01c80653
RTL TRACE PUSH : PC=00000318 INST=01c80653
ERROR: WB FP result but FIFO is empty
IF/ID : PC=0000031c INST=58000c53
RTL TRACE PUSH : PC=0000031c INST=58000c53
RTL TRACE FREG : PC=00000314 RD=f13 DATA=00000000
IF/ID : PC=00000320 INST=580e8853
RTL TRACE PUSH : PC=00000320 INST=580e8853
ERROR: WB FP result but FIFO is empty
IF/ID : PC=00000324 INST=580e00d3
RTL TRACE PUSH : PC=00000324 INST=580e00d3
RTL TRACE FREG : PC=00000318 RD=f12 DATA=3b6bedf9
IF/ID : PC=00000328 INST=08958a53
RTL TRACE PUSH : PC=00000328 INST=08958a53
ERROR: WB FP result but FIFO is empty
IF/ID : PC=0000032c INST=58038e53
RTL TRACE PUSH : PC=0000032c INST=58038e53
RTL TRACE FREG : PC=0000031c RD=f16 DATA=00000000
IF/ID : PC=00000330 INST=00870bd3
RTL TRACE PUSH : PC=00000330 INST=00870bd3
ERROR: WB FP result but FIFO is empty
IF/ID : PC=00000334 INST=28b28ed3
RTL TRACE PUSH : PC=00000334 INST=28b28ed3
RTL TRACE FREG : PC=00000320 RD=f20 DATA=00000000
IF/ID : PC=00000338 INST=580f82d3
RTL TRACE PUSH : PC=00000338 INST=580f82d3
ERROR: WB FP result but FIFO is empty
IF/ID : PC=0000033c INST=580789d3
RTL TRACE PUSH : PC=0000033c INST=580789d3
RTL TRACE FREG : PC=00000324 RD=f23 DATA=7f800000
IF/ID : PC=00000340 INST=29a61cd3
RTL TRACE PUSH : PC=00000340 INST=29a61cd3
ERROR: WB FP result but FIFO is empty
IF/ID : PC=00000344 INST=580b0fd3
RTL TRACE PUSH : PC=00000344 INST=580b0fd3
RTL TRACE FREG : PC=00000328 RD=f5 DATA=00000000
IF/ID : PC=00000348 INST=286692d3
RTL TRACE PUSH : PC=00000348 INST=286692d3
ERROR: WB FP result but FIFO is empty
IF/ID : PC=0000034c INST=291c1bd3
RTL TRACE PUSH : PC=0000034c INST=291c1bd3
RTL TRACE FREG : PC=0000032c RD=f25 DATA=00000000
IF/ID : PC=00000350 INST=58078253
RTL TRACE PUSH : PC=00000350 INST=58078253
ERROR: WB FP result but FIFO is empty
IF/ID : PC=00000354 INST=580287d3
RTL TRACE PUSH : PC=00000354 INST=580287d3
RTL TRACE FREG : PC=00000330 RD=f5 DATA=00000000
IF/ID : PC=00000358 INST=00ff0153
RTL TRACE PUSH : PC=00000358 INST=00ff0153
ERROR: WB FP result but FIFO is empty
IF/ID : PC=0000035c INST=086c05d3
RTL TRACE PUSH : PC=0000035c INST=086c05d3
RTL TRACE FREG : PC=00000334 RD=f4 DATA=00000000
IF/ID : PC=00000360 INST=09798c53
RTL TRACE PUSH : PC=00000360 INST=09798c53
ERROR: WB FP result but FIFO is empty
IF/ID : PC=00000364 INST=00a70b53
RTL TRACE PUSH : PC=00000364 INST=00a70b53
RTL TRACE FREG : PC=00000338 RD=f2 DATA=00000000
IF/ID : PC=00000368 INST=19af84d3
RTL TRACE PUSH : PC=00000368 INST=19af84d3
ERROR: WB FP result but FIFO is empty
IF/ID : PC=0000036c INST=10a28b53
RTL TRACE FREG : PC=0000033c RD=f24 DATA=00000000
IF/ID : PC=00000370 INST=29eb9853
ERROR: WB FP result but FIFO is empty
IF/ID : PC=00000370 INST=287f9353
RTL TRACE PUSH : PC=0000036c INST=10a28b53
ERROR: WB FP result but FIFO is empty
IF/ID : PC=00000370 INST=287f9353
RTL TRACE PUSH : PC=00000370 INST=287f9353
RTL TRACE FREG : PC=00000340 RD=f22 DATA=7f800000
IF/ID : PC=00000374 INST=287f9353
RTL TRACE PUSH : PC=00000374 INST=287f9353
ERROR: WB FP result but FIFO is empty
IF/ID : PC=00000378 INST=29c112d3
RTL TRACE PUSH : PC=00000378 INST=29c112d3
RTL TRACE FREG : PC=00000344 RD=f22 DATA=7f800000
IF/ID : PC=0000037c INST=58018fd3
RTL TRACE PUSH : PC=0000037c INST=58018fd3
ERROR: WB FP result but FIFO is empty
IF/ID : PC=00000380 INST=292a8fd3
RTL TRACE PUSH : PC=00000380 INST=292a8fd3
RTL TRACE FREG : PC=00000348 RD=f6 DATA=00000000
IF/ID : PC=00000384 INST=01390853
RTL TRACE PUSH : PC=00000384 INST=01390853
ERROR: WB FP result but FIFO is empty
IF/ID : PC=00000388 INST=29890ad3
RTL TRACE PUSH : PC=00000388 INST=29890ad3
RTL TRACE FREG : PC=0000034c RD=f31 DATA=00000000
IF/ID : PC=0000038c INST=19c58bd3
RTL TRACE PUSH : PC=0000038c INST=19c58bd3
ERROR: WB FP result but FIFO is empty
IF/ID : PC=00000390 INST=29318853
RTL TRACE FREG : PC=00000350 RD=f16 DATA=7f800000
IF/ID : PC=00000394 INST=18f289d3
ERROR: WB FP result but FIFO is empty
IF/ID : PC=00000394 INST=198585d3
RTL TRACE PUSH : PC=00000390 INST=29318853
ERROR: WB FP result but FIFO is empty
IF/ID : PC=00000394 INST=198585d3
RTL TRACE PUSH : PC=00000394 INST=198585d3
RTL TRACE FREG : PC=00000354 RD=f21 DATA=00000000
IF/ID : PC=00000398 INST=198585d3
ERROR: WB FP result but FIFO is empty
IF/ID : PC=0000039c INST=19a70953
ERROR: WB FP result but FIFO is empty
IF/ID : PC=0000039c INST=580d8b53
RTL TRACE PUSH : PC=00000398 INST=198585d3
ERROR: WB FP result but FIFO is empty
IF/ID : PC=0000039c INST=580d8b53
RTL TRACE FREG : PC=00000358 RD=f16 DATA=00000000
IF/ID : PC=000003a0 INST=580d8b53
ERROR: WB FP result but FIFO is empty
IF/ID : PC=000003a0 INST=58098d53
RTL TRACE PUSH : PC=0000039c INST=580d8b53
ERROR: WB FP result but FIFO is empty
IF/ID : PC=000003a0 INST=58098d53
RTL TRACE PUSH : PC=000003a0 INST=58098d53
RTL TRACE FREG : PC=0000035c RD=f11 DATA=ff800000
IF/ID : PC=000003a4 INST=58098d53
RTL TRACE PUSH : PC=000003a4 INST=58098d53
ERROR: WB FP result but FIFO is empty
IF/ID : PC=000003a8 INST=29ec04d3
RTL TRACE PUSH : PC=000003a8 INST=29ec04d3
RTL TRACE FREG : PC=00000360 RD=f22 DATA=00000000
IF/ID : PC=000003ac INST=29df9253
RTL TRACE PUSH : PC=000003ac INST=29df9253
ERROR: WB FP result but FIFO is empty
IF/ID : PC=000003b0 INST=58000853
RTL TRACE PUSH : PC=000003b0 INST=58000853
RTL TRACE FREG : PC=00000364 RD=f26 DATA=00000000
IF/ID : PC=000003b4 INST=08608053
RTL TRACE PUSH : PC=000003b4 INST=08608053
ERROR: WB FP result but FIFO is empty
IF/ID : PC=000003b8 INST=58030653
RTL TRACE PUSH : PC=000003b8 INST=58030653
RTL TRACE FREG : PC=00000368 RD=f4 DATA=00000000
IF/ID : PC=000003bc INST=11130153
RTL TRACE PUSH : PC=000003bc INST=11130153
ERROR: WB FP result but FIFO is empty
IF/ID : PC=000003c0 INST=28f407d3
RTL TRACE PUSH : PC=000003c0 INST=28f407d3
RTL TRACE FREG : PC=0000036c RD=f0 DATA=00000000
IF/ID : PC=000003c4 INST=286a1b53
RTL TRACE PUSH : PC=000003c4 INST=286a1b53
ERROR: WB FP result but FIFO is empty
IF/ID : PC=000003c8 INST=580b0953
RTL TRACE PUSH : PC=000003c8 INST=580b0953
RTL TRACE FREG : PC=00000370 RD=f2 DATA=7f800000
IF/ID : PC=000003cc INST=29db9453
RTL TRACE PUSH : PC=000003cc INST=29db9453
ERROR: WB FP result but FIFO is empty
IF/ID : PC=000003d0 INST=580608d3
RTL TRACE PUSH : PC=000003d0 INST=580608d3
RTL TRACE FREG : PC=00000374 RD=f22 DATA=00000000
IF/ID : PC=000003d4 INST=19f88853
RTL TRACE PUSH : PC=000003d4 INST=19f88853
ERROR: WB FP result but FIFO is empty
IF/ID : PC=000003d8 INST=287e9bd3
RTL TRACE FREG : PC=00000378 RD=f8 DATA=00000000
IF/ID : PC=000003dc INST=08548653
ERROR: WB FP result but FIFO is empty
IF/ID : PC=000003dc INST=29439853
RTL TRACE PUSH : PC=000003d8 INST=287e9bd3
ERROR: WB FP result but FIFO is empty
IF/ID : PC=000003dc INST=29439853
RTL TRACE PUSH : PC=000003dc INST=29439853
RTL TRACE FREG : PC=0000037c RD=f17 DATA=00000000
IF/ID : PC=000003e0 INST=29439853
RTL TRACE PUSH : PC=000003e0 INST=29439853
ERROR: WB FP result but FIFO is empty
IF/ID : PC=000003e4 INST=296b8453
RTL TRACE PUSH : PC=000003e4 INST=296b8453
RTL TRACE FREG : PC=00000380 RD=f23 DATA=00000000
IF/ID : PC=000003e8 INST=29b38353
RTL TRACE PUSH : PC=000003e8 INST=29b38353
ERROR: WB FP result but FIFO is empty
IF/ID : PC=000003ec INST=28f093d3
RTL TRACE PUSH : PC=000003ec INST=28f093d3
RTL TRACE FREG : PC=00000384 RD=f16 DATA=00000000
IF/ID : PC=000003f0 INST=292997d3
RTL TRACE PUSH : PC=000003f0 INST=292997d3
ERROR: WB FP result but FIFO is empty
IF/ID : PC=000003f4 INST=28ed1ad3
RTL TRACE PUSH : PC=000003f4 INST=28ed1ad3
RTL TRACE FREG : PC=00000388 RD=f6 DATA=00000000
IF/ID : PC=000003f8 INST=28099c53
RTL TRACE PUSH : PC=000003f8 INST=28099c53
ERROR: WB FP result but FIFO is empty
IF/ID : PC=000003fc INST=580409d3
RTL TRACE PUSH : PC=000003fc INST=580409d3
RTL TRACE FREG : PC=0000038c RD=f15 DATA=00000000
IF/ID : PC=00000400 INST=10e88d53
RTL TRACE PUSH : PC=00000400 INST=10e88d53
ERROR: WB FP result but FIFO is empty
IF/ID : PC=00000404 INST=58050bd3
RTL TRACE PUSH : PC=00000404 INST=58050bd3
RTL TRACE FREG : PC=00000390 RD=f24 DATA=00000000
IF/ID : PC=00000408 INST=58058ed3
RTL TRACE PUSH : PC=00000408 INST=58058ed3
ERROR: WB FP result but FIFO is empty
IF/ID : PC=0000040c INST=180180d3
RTL TRACE PUSH : PC=0000040c INST=180180d3
RTL TRACE FREG : PC=00000394 RD=f26 DATA=40000000
IF/ID : PC=00000410 INST=001c87d3
ERROR: WB FP result but FIFO is empty
IF/ID : PC=00000414 INST=00050d53
ERROR: WB FP result but FIFO is empty
IF/ID : PC=00000414 INST=580500d3
RTL TRACE PUSH : PC=00000410 INST=001c87d3
ERROR: WB FP result but FIFO is empty
IF/ID : PC=00000414 INST=580500d3
RTL TRACE PUSH : PC=00000414 INST=580500d3
RTL TRACE FREG : PC=00000398 RD=f29 DATA=00000000
IF/ID : PC=00000418 INST=580500d3
RTL TRACE PUSH : PC=00000418 INST=580500d3
ERROR: WB FP result but FIFO is empty
IF/ID : PC=0000041c INST=58000d53
RTL TRACE PUSH : PC=0000041c INST=58000d53
RTL TRACE FREG : PC=0000039c RD=f15 DATA=7f800000
IF/ID : PC=00000420 INST=009e0cd3
RTL TRACE PUSH : PC=00000420 INST=009e0cd3
ERROR: WB FP result but FIFO is empty
IF/ID : PC=00000424 INST=580609d3
RTL TRACE PUSH : PC=00000424 INST=580609d3
RTL TRACE FREG : PC=00000420 RD=f1 DATA=00000000
IF/ID : PC=00000428 INST=58000dd3
RTL TRACE PUSH : PC=00000428 INST=58000dd3
ERROR: WB FP result but FIFO is empty
IF/ID : PC=0000042c INST=28ac89d3
RTL TRACE PUSH : PC=0000042c INST=28ac89d3
RTL TRACE FREG : PC=00000424 RD=f25 DATA=00000000
IF/ID : PC=00000430 INST=28800b53
RTL TRACE PUSH : PC=00000430 INST=28800b53
ERROR: WB FP result but FIFO is empty
IF/ID : PC=00000434 INST=29878853
RTL TRACE PUSH : PC=00000434 INST=29878853
RTL TRACE FREG : PC=00000428 RD=f27 DATA=00000000
IF/ID : PC=00000438 INST=29ba9053
RTL TRACE PUSH : PC=00000438 INST=29ba9053
ERROR: WB FP result but FIFO is empty
IF/ID : PC=0000043c INST=580f8bd3
RTL TRACE PUSH : PC=0000043c INST=580f8bd3
RTL TRACE FREG : PC=0000042c RD=f22 DATA=00000000
IF/ID : PC=00000440 INST=088d0253
RTL TRACE PUSH : PC=00000440 INST=088d0253
ERROR: WB FP result but FIFO is empty
IF/ID : PC=00000444 INST=580b0ed3
RTL TRACE PUSH : PC=00000444 INST=580b0ed3
RTL TRACE FREG : PC=00000430 RD=f0 DATA=00000000
IF/ID : PC=00000448 INST=281f80d3
RTL TRACE PUSH : PC=00000448 INST=281f80d3
ERROR: WB FP result but FIFO is empty
IF/ID : PC=0000044c INST=580a06d3
RTL TRACE PUSH : PC=0000044c INST=580a06d3
RTL TRACE FREG : PC=00000434 RD=f4 DATA=00000000
IF/ID : PC=00000450 INST=292c8fd3
RTL TRACE PUSH : PC=00000450 INST=292c8fd3
ERROR: WB FP result but FIFO is empty
IF/ID : PC=00000454 INST=194b87d3
RTL TRACE PUSH : PC=00000454 INST=194b87d3
RTL TRACE FREG : PC=00000438 RD=f1 DATA=00000000
IF/ID : PC=00000458 INST=11a28e53
ERROR: WB FP result but FIFO is empty
IF/ID : PC=0000045c INST=18c507d3
ERROR: WB FP result but FIFO is empty
IF/ID : PC=0000045c INST=29c19b53
RTL TRACE PUSH : PC=00000458 INST=11a28e53
ERROR: WB FP result but FIFO is empty
IF/ID : PC=0000045c INST=29c19b53
RTL TRACE PUSH : PC=0000045c INST=29c19b53
RTL TRACE FREG : PC=0000043c RD=f31 DATA=00000000
IF/ID : PC=00000460 INST=29c19b53
RTL TRACE PUSH : PC=00000460 INST=29c19b53
ERROR: WB FP result but FIFO is empty
IF/ID : PC=00000464 INST=19ae0bd3
RTL TRACE PUSH : PC=00000464 INST=19ae0bd3
RTL TRACE FREG : PC=00000440 RD=f28 DATA=7f800000
IF/ID : PC=00000468 INST=58080bd3
ERROR: WB FP result but FIFO is empty
IF/ID : PC=0000046c INST=093c89d3
ERROR: WB FP result but FIFO is empty
IF/ID : PC=0000046c INST=10f28853
RTL TRACE PUSH : PC=00000468 INST=58080bd3
ERROR: WB FP result but FIFO is empty
IF/ID : PC=0000046c INST=10f28853
RTL TRACE PUSH : PC=0000046c INST=10f28853
RTL TRACE FREG : PC=00000444 RD=f22 DATA=00000000
IF/ID : PC=00000470 INST=10f28853
RTL TRACE PUSH : PC=00000470 INST=10f28853
ERROR: WB FP result but FIFO is empty
IF/ID : PC=00000474 INST=58050a53
RTL TRACE PUSH : PC=00000474 INST=58050a53
RTL TRACE FREG : PC=00000448 RD=f23 DATA=00000000
IF/ID : PC=00000478 INST=580882d3
RTL TRACE PUSH : PC=00000478 INST=580882d3
ERROR: WB FP result but FIFO is empty
IF/ID : PC=0000047c INST=19da8e53
RTL TRACE PUSH : PC=0000047c INST=19da8e53
RTL TRACE FREG : PC=0000044c RD=f16 DATA=40000000
IF/ID : PC=00000480 INST=580804d3
ERROR: WB FP result but FIFO is empty
IF/ID : PC=00000484 INST=191a8c53
ERROR: WB FP result but FIFO is empty
IF/ID : PC=00000484 INST=580b00d3
RTL TRACE PUSH : PC=00000480 INST=580804d3
ERROR: WB FP result but FIFO is empty
IF/ID : PC=00000484 INST=580b00d3
RTL TRACE PUSH : PC=00000484 INST=580b00d3
RTL TRACE FREG : PC=00000450 RD=f5 DATA=00000000
IF/ID : PC=00000488 INST=580b00d3
RTL TRACE PUSH : PC=00000488 INST=580b00d3
ERROR: WB FP result but FIFO is empty
IF/ID : PC=0000048c INST=580a8fd3
RTL TRACE PUSH : PC=0000048c INST=580a8fd3
RTL TRACE FREG : PC=00000454 RD=f9 DATA=00000000
IF/ID : PC=00000490 INST=180a02d3
RTL TRACE PUSH : PC=00000490 INST=180a02d3
ERROR: WB FP result but FIFO is empty
IF/ID : PC=00000494 INST=294e8953
RTL TRACE FREG : PC=00000458 RD=f1 DATA=00000000
IF/ID : PC=00000498 INST=00f70d53
ERROR: WB FP result but FIFO is empty
IF/ID : PC=00000498 INST=580a80d3
RTL TRACE PUSH : PC=00000494 INST=294e8953
ERROR: WB FP result but FIFO is empty
IF/ID : PC=00000498 INST=580a80d3
RTL TRACE PUSH : PC=00000498 INST=580a80d3
RTL TRACE FREG : PC=0000045c RD=f31 DATA=00000000
IF/ID : PC=0000049c INST=580a80d3
RTL TRACE PUSH : PC=0000049c INST=580a80d3
ERROR: WB FP result but FIFO is empty
IF/ID : PC=000004a0 INST=09138fd3
RTL TRACE PUSH : PC=000004a0 INST=09138fd3
RTL TRACE FREG : PC=00000460 RD=f18 DATA=00000000
IF/ID : PC=000004a4 INST=282d82d3
RTL TRACE PUSH : PC=000004a4 INST=282d82d3
ERROR: WB FP result but FIFO is empty
IF/ID : PC=000004a8 INST=09458553
RTL TRACE PUSH : PC=000004a8 INST=09458553
RTL TRACE FREG : PC=00000464 RD=f1 DATA=00000000
IF/ID : PC=000004ac INST=29040153
RTL TRACE PUSH : PC=000004ac INST=29040153
ERROR: WB FP result but FIFO is empty
IF/ID : PC=000004b0 INST=580407d3
RTL TRACE PUSH : PC=000004b0 INST=580407d3
RTL TRACE FREG : PC=00000468 RD=f5 DATA=00000000
IF/ID : PC=000004b4 INST=58088ed3
RTL TRACE PUSH : PC=000004b4 INST=58088ed3
ERROR: WB FP result but FIFO is empty
IF/ID : PC=000004b8 INST=28c58ed3
RTL TRACE PUSH : PC=000004b8 INST=28c58ed3
RTL TRACE FREG : PC=0000046c RD=f2 DATA=00000000
IF/ID : PC=000004bc INST=29fc0153
RTL TRACE PUSH : PC=000004bc INST=29fc0153
ERROR: WB FP result but FIFO is empty
IF/ID : PC=000004c0 INST=28301b53
RTL TRACE PUSH : PC=000004c0 INST=28301b53
RTL TRACE FREG : PC=00000470 RD=f29 DATA=00000000
IF/ID : PC=000004c4 INST=18698d53
RTL TRACE PUSH : PC=000004c4 INST=18698d53
ERROR: WB FP result but FIFO is empty
IF/ID : PC=000004c8 INST=11af85d3
RTL TRACE FREG : PC=00000474 RD=f2 DATA=00000000
IF/ID : PC=000004cc INST=010d0953
ERROR: WB FP result but FIFO is empty
IF/ID : PC=000004cc INST=29f504d3
RTL TRACE PUSH : PC=000004c8 INST=11af85d3
ERROR: WB FP result but FIFO is empty
IF/ID : PC=000004cc INST=29f504d3
RTL TRACE PUSH : PC=000004cc INST=29f504d3
RTL TRACE FREG : PC=00000478 RD=f22 DATA=00000000
IF/ID : PC=000004d0 INST=29f504d3
RTL TRACE PUSH : PC=000004d0 INST=29f504d3
ERROR: WB FP result but FIFO is empty
IF/ID : PC=000004d4 INST=29bf1ed3
RTL TRACE PUSH : PC=000004d4 INST=29bf1ed3
RTL TRACE FREG : PC=0000047c RD=f11 DATA=40000000
IF/ID : PC=000004d8 INST=28b79553
RTL TRACE PUSH : PC=000004d8 INST=28b79553
ERROR: WB FP result but FIFO is empty
IF/ID : PC=000004dc INST=28001053
RTL TRACE PUSH : PC=000004dc INST=28001053
RTL TRACE FREG : PC=00000480 RD=f9 DATA=00000000
IF/ID : PC=000004e0 INST=28001053
RTL TRACE PUSH : PC=000004e0 INST=28001053
ERROR: WB FP result but FIFO is empty
IF/ID : PC=000004e4 INST=28001053
RTL TRACE PUSH : PC=000004e4 INST=28001053
RTL TRACE FREG : PC=00000484 RD=f10 DATA=00000000
IF/ID : PC=000004e8 INST=28001053
RTL TRACE PUSH : PC=000004e8 INST=28001053
ERROR: WB FP result but FIFO is empty
IF/ID : PC=000004ec INST=28001053
RTL TRACE PUSH : PC=000004ec INST=28001053
RTL TRACE FREG : PC=00000488 RD=f0 DATA=00000000
IF/ID : PC=000004f0 INST=28001053
RTL TRACE PUSH : PC=000004f0 INST=28001053
ERROR: WB FP result but FIFO is empty
IF/ID : PC=000004f4 INST=28001053
RTL TRACE PUSH : PC=000004f4 INST=28001053
RTL TRACE FREG : PC=0000048c RD=f0 DATA=00000000
IF/ID : PC=000004f8 INST=28001053
RTL TRACE PUSH : PC=000004f8 INST=28001053
ERROR: WB FP result but FIFO is empty
IF/ID : PC=000004fc INST=00100193
RTL TRACE PUSH : PC=000004fc INST=00100193
RTL TRACE FREG : PC=00000490 RD=f0 DATA=00000000
IF/ID : PC=00000500 INST=00001f17
RTL TRACE PUSH : PC=00000500 INST=00001f17
ERROR: WB FP result but FIFO is empty
IF/ID : PC=00000504 INST=b04f0f13
RTL TRACE PUSH : PC=00000504 INST=b04f0f13
RTL TRACE FREG : PC=00000494 RD=f0 DATA=00000000
IF/ID : PC=00000508 INST=003f2023
RTL TRACE PUSH : PC=00000508 INST=003f2023
IF/ID : PC=0000050c INST=0000006f
RTL TRACE PUSH : PC=0000050c INST=0000006f
IF/ID : PC=00000510 INST=00000000
RTL TRACE PUSH : PC=00000510 INST=00000000
IF/ID : PC=00000514 INST=00000000
RTL TRACE PUSH : PC=00000514 INST=00000000
IF/ID : PC=00000518 INST=00000000
RTL TRACE PUSH : PC=00000518 INST=00000000
IF/ID : PC=0000051c INST=00000000
RTL TRACE PUSH : PC=0000051c INST=00000000
IF/ID : PC=00000520 INST=00000000
RTL TRACE PUSH : PC=00000520 INST=00000000
IF/ID : PC=00000524 INST=00000000
RTL TRACE PUSH : PC=00000524 INST=00000000
IF/ID : PC=00000528 INST=00000000
RTL TRACE PUSH : PC=00000528 INST=00000000
IF/ID : PC=0000052c INST=00000000
RTL TRACE PUSH : PC=0000052c INST=00000000
IF/ID : PC=00000530 INST=00000000
RTL TRACE PUSH : PC=00000530 INST=00000000
IF/ID : PC=00000534 INST=00000000
RTL TRACE PUSH : PC=00000534 INST=00000000
IF/ID : PC=00000538 INST=00000000
RTL TRACE PUSH : PC=00000538 INST=00000000
IF/ID : PC=0000053c INST=00000000
RTL TRACE PUSH : PC=0000053c INST=00000000
IF/ID : PC=00000540 INST=00000000
RTL TRACE PUSH : PC=00000540 INST=00000000
IF/ID : PC=00000544 INST=00000000
RTL TRACE PUSH : PC=00000544 INST=00000000
IF/ID : PC=00000548 INST=00000000
RTL TRACE PUSH : PC=00000548 INST=00000000
IF/ID : PC=0000054c INST=00000000
RTL TRACE PUSH : PC=0000054c INST=00000000
IF/ID : PC=00000550 INST=00000000
RTL TRACE PUSH : PC=00000550 INST=00000000
IF/ID : PC=00000554 INST=00000000
RTL TRACE PUSH : PC=00000554 INST=00000000
IF/ID : PC=00000558 INST=00000000
RTL TRACE PUSH : PC=00000558 INST=00000000
IF/ID : PC=0000055c INST=00000000
RTL TRACE PUSH : PC=0000055c INST=00000000
IF/ID : PC=00000560 INST=00000000
RTL TRACE PUSH : PC=00000560 INST=00000000
IF/ID : PC=00000564 INST=00000000
RTL TRACE PUSH : PC=00000564 INST=00000000
IF/ID : PC=00000568 INST=00000000
RTL TRACE PUSH : PC=00000568 INST=00000000
IF/ID : PC=0000056c INST=00000000
RTL TRACE PUSH : PC=0000056c INST=00000000
IF/ID : PC=00000570 INST=00000000
RTL TRACE PUSH : PC=00000570 INST=00000000
IF/ID : PC=00000574 INST=00000000
RTL TRACE PUSH : PC=00000574 INST=00000000
IF/ID : PC=00000578 INST=00000000
RTL TRACE PUSH : PC=00000578 INST=00000000
IF/ID : PC=0000057c INST=00000000
RTL TRACE PUSH : PC=0000057c INST=00000000
IF/ID : PC=00000580 INST=00000000
RTL TRACE PUSH : PC=00000580 INST=00000000
IF/ID : PC=00000584 INST=00000000
RTL TRACE PUSH : PC=00000584 INST=00000000
IF/ID : PC=00000588 INST=00000000
ERROR: RTL trace FIFO overflow
IF/ID : PC=0000058c INST=00000000
ERROR: RTL trace FIFO overflow
IF/ID : PC=00000590 INST=00000000
ERROR: RTL trace FIFO overflow
IF/ID : PC=00000594 INST=00000000
ERROR: RTL trace FIFO overflow
IF/ID : PC=00000598 INST=00000000
ERROR: RTL trace FIFO overflow
IF/ID : PC=0000059c INST=00000000
ERROR: RTL trace FIFO overflow
IF/ID : PC=000005a0 INST=00000000
ERROR: RTL trace FIFO overflow
IF/ID : PC=000005a4 INST=00000000
ERROR: RTL trace FIFO overflow
IF/ID : PC=000005a8 INST=00000000
ERROR: RTL trace FIFO overflow
IF/ID : PC=000005ac INST=00000000
ERROR: RTL trace FIFO overflow
IF/ID : PC=000005b0 INST=00000000
ERROR: RTL trace FIFO overflow
IF/ID : PC=000005b4 INST=00000000
ERROR: RTL trace FIFO overflow
IF/ID : PC=000005b8 INST=00000000
ERROR: RTL trace FIFO overflow
IF/ID : PC=000005bc INST=00000000
ERROR: RTL trace FIFO overflow
IF/ID : PC=000005c0 INST=00000000
ERROR: RTL trace FIFO overflow
IF/ID : PC=000005c4 INST=00000000
ERROR: RTL trace FIFO overflow
IF/ID : PC=000005c8 INST=00000000
ERROR: RTL trace FIFO overflow
IF/ID : PC=000005cc INST=00000000
ERROR: RTL trace FIFO overflow
IF/ID : PC=000005d0 INST=00000000
ERROR: RTL trace FIFO overflow
IF/ID : PC=000005d4 INST=00000000
ERROR: RTL trace FIFO overflow
IF/ID : PC=000005d8 INST=00000000
ERROR: RTL trace FIFO overflow
IF/ID : PC=000005dc INST=00000000
ERROR: RTL trace FIFO overflow
IF/ID : PC=000005e0 INST=00000000
ERROR: RTL trace FIFO overflow
IF/ID : PC=000005e4 INST=00000000
ERROR: RTL trace FIFO overflow
IF/ID : PC=000005e8 INST=00000000
ERROR: RTL trace FIFO overflow
IF/ID : PC=000005ec INST=00000000
ERROR: RTL trace FIFO overflow
IF/ID : PC=000005f0 INST=00000000
ERROR: RTL trace FIFO overflow
IF/ID : PC=000005f4 INST=00000000
ERROR: RTL trace FIFO overflow
IF/ID : PC=000005f8 INST=00000000
ERROR: RTL trace FIFO overflow
IF/ID : PC=000005fc INST=00000000
ERROR: RTL trace FIFO overflow
IF/ID : PC=00000600 INST=00000000
ERROR: RTL trace FIFO overflow
IF/ID : PC=00000604 INST=00000000
ERROR: RTL trace FIFO overflow
IF/ID : PC=00000608 INST=00000000
ERROR: RTL trace FIFO overflow
IF/ID : PC=0000060c INST=00000000
ERROR: RTL trace FIFO overflow
IF/ID : PC=00000610 INST=00000000
ERROR: RTL trace FIFO overflow
IF/ID : PC=00000614 INST=00000000
ERROR: RTL trace FIFO overflow
IF/ID : PC=00000618 INST=00000000
ERROR: RTL trace FIFO overflow
IF/ID : PC=0000061c INST=00000000
ERROR: RTL trace FIFO overflow
IF/ID : PC=00000620 INST=00000000
ERROR: RTL trace FIFO overflow
IF/ID : PC=00000624 INST=00000000
ERROR: RTL trace FIFO overflow
IF/ID : PC=00000628 INST=00000000
ERROR: RTL trace FIFO overflow
IF/ID : PC=0000062c INST=00000000
ERROR: RTL trace FIFO overflow
IF/ID : PC=00000630 INST=00000000
ERROR: RTL trace FIFO overflow
IF/ID : PC=00000634 INST=00000000
ERROR: RTL trace FIFO overflow
IF/ID : PC=00000638 INST=00000000
ERROR: RTL trace FIFO overflow
IF/ID : PC=0000063c INST=00000000
ERROR: RTL trace FIFO overflow
IF/ID : PC=00000640 INST=00000000
ERROR: RTL trace FIFO overflow
IF/ID : PC=00000644 INST=00000000
ERROR: RTL trace FIFO overflow
IF/ID : PC=00000648 INST=00000000
ERROR: RTL trace FIFO overflow
IF/ID : PC=0000064c INST=00000000
ERROR: RTL trace FIFO overflow
IF/ID : PC=00000650 INST=00000000
ERROR: RTL trace FIFO overflow
IF/ID : PC=00000654 INST=00000000
ERROR: RTL trace FIFO overflow
IF/ID : PC=00000658 INST=00000000
ERROR: RTL trace FIFO overflow
IF/ID : PC=0000065c INST=00000000
ERROR: RTL trace FIFO overflow
IF/ID : PC=00000660 INST=00000000
ERROR: RTL trace FIFO overflow
IF/ID : PC=00000664 INST=00000000
ERROR: RTL trace FIFO overflow
IF/ID : PC=00000668 INST=00000000
ERROR: RTL trace FIFO overflow
IF/ID : PC=0000066c INST=00000000
ERROR: RTL trace FIFO overflow
IF/ID : PC=00000670 INST=00000000
ERROR: RTL trace FIFO overflow
IF/ID : PC=00000674 INST=00000000
ERROR: RTL trace FIFO overflow
IF/ID : PC=00000678 INST=00000000
ERROR: RTL trace FIFO overflow
IF/ID : PC=0000067c INST=00000000
ERROR: RTL trace FIFO overflow
IF/ID : PC=00000680 INST=00000000
ERROR: RTL trace FIFO overflow
IF/ID : PC=00000684 INST=00000000
ERROR: RTL trace FIFO overflow
IF/ID : PC=00000688 INST=00000000
ERROR: RTL trace FIFO overflow
IF/ID : PC=0000068c INST=00000000
ERROR: RTL trace FIFO overflow
IF/ID : PC=00000690 INST=00000000
ERROR: RTL trace FIFO overflow
IF/ID : PC=00000694 INST=00000000
ERROR: RTL trace FIFO overflow
IF/ID : PC=00000698 INST=00000000
ERROR: RTL trace FIFO overflow
IF/ID : PC=0000069c INST=00000000
ERROR: RTL trace FIFO overflow
IF/ID : PC=000006a0 INST=00000000
ERROR: RTL trace FIFO overflow
IF/ID : PC=000006a4 INST=00000000
ERROR: RTL trace FIFO overflow
IF/ID : PC=000006a8 INST=00000000
ERROR: RTL trace FIFO overflow
IF/ID : PC=000006ac INST=00000000
ERROR: RTL trace FIFO overflow
IF/ID : PC=000006b0 INST=00000000
ERROR: RTL trace FIFO overflow
IF/ID : PC=000006b4 INST=00000000
ERROR: RTL trace FIFO overflow
IF/ID : PC=000006b8 INST=00000000
ERROR: RTL trace FIFO overflow
IF/ID : PC=000006bc INST=00000000
ERROR: RTL trace FIFO overflow
IF/ID : PC=000006c0 INST=00000000
ERROR: RTL trace FIFO overflow
IF/ID : PC=000006c4 INST=00000000
ERROR: RTL trace FIFO overflow
IF/ID : PC=000006c8 INST=00000000
ERROR: RTL trace FIFO overflow
IF/ID : PC=000006cc INST=00000000
ERROR: RTL trace FIFO overflow
IF/ID : PC=000006d0 INST=00000000
ERROR: RTL trace FIFO overflow
IF/ID : PC=000006d4 INST=00000000
ERROR: RTL trace FIFO overflow
IF/ID : PC=000006d8 INST=00000000
ERROR: RTL trace FIFO overflow
IF/ID : PC=000006dc INST=00000000
ERROR: RTL trace FIFO overflow
IF/ID : PC=000006e0 INST=00000000
ERROR: RTL trace FIFO overflow
IF/ID : PC=000006e4 INST=00000000
ERROR: RTL trace FIFO overflow
IF/ID : PC=000006e8 INST=00000000
ERROR: RTL trace FIFO overflow
IF/ID : PC=000006ec INST=00000000
ERROR: RTL trace FIFO overflow
IF/ID : PC=000006f0 INST=00000000
ERROR: RTL trace FIFO overflow
IF/ID : PC=000006f4 INST=00000000
ERROR: RTL trace FIFO overflow
IF/ID : PC=000006f8 INST=00000000
ERROR: RTL trace FIFO overflow
IF/ID : PC=000006fc INST=00000000
ERROR: RTL trace FIFO overflow
IF/ID : PC=00000700 INST=00000000
ERROR: RTL trace FIFO overflow
IF/ID : PC=00000704 INST=00000000
ERROR: RTL trace FIFO overflow
IF/ID : PC=00000708 INST=00000000
ERROR: RTL trace FIFO overflow
IF/ID : PC=0000070c INST=00000000
ERROR: RTL trace FIFO overflow
IF/ID : PC=00000710 INST=00000000
ERROR: RTL trace FIFO overflow
IF/ID : PC=00000714 INST=00000000
ERROR: RTL trace FIFO overflow
IF/ID : PC=00000718 INST=00000000
ERROR: RTL trace FIFO overflow
IF/ID : PC=0000071c INST=00000000
ERROR: RTL trace FIFO overflow
IF/ID : PC=00000720 INST=00000000
ERROR: RTL trace FIFO overflow
IF/ID : PC=00000724 INST=00000000
ERROR: RTL trace FIFO overflow
IF/ID : PC=00000728 INST=00000000
ERROR: RTL trace FIFO overflow
IF/ID : PC=0000072c INST=00000000
ERROR: RTL trace FIFO overflow
IF/ID : PC=00000730 INST=00000000
ERROR: RTL trace FIFO overflow
IF/ID : PC=00000734 INST=00000000
ERROR: RTL trace FIFO overflow
IF/ID : PC=00000738 INST=00000000
ERROR: RTL trace FIFO overflow
IF/ID : PC=0000073c INST=00000000
ERROR: RTL trace FIFO overflow
IF/ID : PC=00000740 INST=00000000
ERROR: RTL trace FIFO overflow
IF/ID : PC=00000744 INST=00000000
ERROR: RTL trace FIFO overflow
IF/ID : PC=00000748 INST=00000000
ERROR: RTL trace FIFO overflow
IF/ID : PC=0000074c INST=00000000
ERROR: RTL trace FIFO overflow
IF/ID : PC=00000750 INST=00000000
ERROR: RTL trace FIFO overflow
IF/ID : PC=00000754 INST=00000000
ERROR: RTL trace FIFO overflow
IF/ID : PC=00000758 INST=00000000
ERROR: RTL trace FIFO overflow
IF/ID : PC=0000075c INST=00000000
ERROR: RTL trace FIFO overflow
IF/ID : PC=00000760 INST=00000000
ERROR: RTL trace FIFO overflow
IF/ID : PC=00000764 INST=00000000
ERROR: RTL trace FIFO overflow
IF/ID : PC=00000768 INST=00000000
ERROR: RTL trace FIFO overflow
IF/ID : PC=0000076c INST=00000000
ERROR: RTL trace FIFO overflow
IF/ID : PC=00000770 INST=00000000
ERROR: RTL trace FIFO overflow
IF/ID : PC=00000774 INST=00000000
ERROR: RTL trace FIFO overflow
IF/ID : PC=00000778 INST=00000000
ERROR: RTL trace FIFO overflow
IF/ID : PC=0000077c INST=00000000
ERROR: RTL trace FIFO overflow
IF/ID : PC=00000780 INST=00000000
ERROR: RTL trace FIFO overflow
IF/ID : PC=00000784 INST=00000000
ERROR: RTL trace FIFO overflow
IF/ID : PC=00000788 INST=00000000
ERROR: RTL trace FIFO overflow
IF/ID : PC=0000078c INST=00000000
ERROR: RTL trace FIFO overflow
IF/ID : PC=00000790 INST=00000000
ERROR: RTL trace FIFO overflow
IF/ID : PC=00000794 INST=00000000
ERROR: RTL trace FIFO overflow
IF/ID : PC=00000798 INST=00000000
ERROR: RTL trace FIFO overflow
IF/ID : PC=0000079c INST=00000000
ERROR: RTL trace FIFO overflow
IF/ID : PC=000007a0 INST=00000000
ERROR: RTL trace FIFO overflow
IF/ID : PC=000007a4 INST=00000000
ERROR: RTL trace FIFO overflow
IF/ID : PC=000007a8 INST=00000000
ERROR: RTL trace FIFO overflow
IF/ID : PC=000007ac INST=00000000
ERROR: RTL trace FIFO overflow
IF/ID : PC=000007b0 INST=00000000
ERROR: RTL trace FIFO overflow
IF/ID : PC=000007b4 INST=00000000
ERROR: RTL trace FIFO overflow
IF/ID : PC=000007b8 INST=00000000
ERROR: RTL trace FIFO overflow
IF/ID : PC=000007bc INST=00000000
ERROR: RTL trace FIFO overflow
IF/ID : PC=000007c0 INST=00000000
ERROR: RTL trace FIFO overflow
IF/ID : PC=000007c4 INST=00000000
ERROR: RTL trace FIFO overflow
IF/ID : PC=000007c8 INST=00000000
ERROR: RTL trace FIFO overflow
IF/ID : PC=000007cc INST=00000000
ERROR: RTL trace FIFO overflow
IF/ID : PC=000007d0 INST=00000000
ERROR: RTL trace FIFO overflow
IF/ID : PC=000007d4 INST=00000000
ERROR: RTL trace FIFO overflow
IF/ID : PC=000007d8 INST=00000000
ERROR: RTL trace FIFO overflow
IF/ID : PC=000007dc INST=00000000
ERROR: RTL trace FIFO overflow
IF/ID : PC=000007e0 INST=00000000
ERROR: RTL trace FIFO overflow
IF/ID : PC=000007e4 INST=00000000
ERROR: RTL trace FIFO overflow
IF/ID : PC=000007e8 INST=00000000
ERROR: RTL trace FIFO overflow
IF/ID : PC=000007ec INST=00000000
ERROR: RTL trace FIFO overflow
IF/ID : PC=000007f0 INST=00000000
ERROR: RTL trace FIFO overflow
IF/ID : PC=000007f4 INST=00000000
ERROR: RTL trace FIFO overflow
IF/ID : PC=000007f8 INST=00000000
ERROR: RTL trace FIFO overflow
IF/ID : PC=000007fc INST=00000000
ERROR: RTL trace FIFO overflow
IF/ID : PC=00000800 INST=00000000
ERROR: RTL trace FIFO overflow
IF/ID : PC=00000804 INST=00000000
ERROR: RTL trace FIFO overflow
IF/ID : PC=00000808 INST=00000000
ERROR: RTL trace FIFO overflow
IF/ID : PC=0000080c INST=00000000
ERROR: RTL trace FIFO overflow
IF/ID : PC=00000810 INST=00000000
ERROR: RTL trace FIFO overflow
IF/ID : PC=00000814 INST=00000000
ERROR: RTL trace FIFO overflow
IF/ID : PC=00000818 INST=00000000
ERROR: RTL trace FIFO overflow
IF/ID : PC=0000081c INST=00000000
ERROR: RTL trace FIFO overflow
IF/ID : PC=00000820 INST=00000000
ERROR: RTL trace FIFO overflow
IF/ID : PC=00000824 INST=00000000
ERROR: RTL trace FIFO overflow
IF/ID : PC=00000828 INST=00000000
ERROR: RTL trace FIFO overflow
IF/ID : PC=0000082c INST=00000000
ERROR: RTL trace FIFO overflow
IF/ID : PC=00000830 INST=00000000
ERROR: RTL trace FIFO overflow
IF/ID : PC=00000834 INST=00000000
ERROR: RTL trace FIFO overflow
IF/ID : PC=00000838 INST=00000000
ERROR: RTL trace FIFO overflow
IF/ID : PC=0000083c INST=00000000
ERROR: RTL trace FIFO overflow
IF/ID : PC=00000840 INST=00000000
ERROR: RTL trace FIFO overflow
IF/ID : PC=00000844 INST=00000000
ERROR: RTL trace FIFO overflow
IF/ID : PC=00000848 INST=00000000
ERROR: RTL trace FIFO overflow
IF/ID : PC=0000084c INST=00000000
ERROR: RTL trace FIFO overflow
IF/ID : PC=00000850 INST=00000000
ERROR: RTL trace FIFO overflow
IF/ID : PC=00000854 INST=00000000
ERROR: RTL trace FIFO overflow
IF/ID : PC=00000858 INST=00000000
ERROR: RTL trace FIFO overflow
IF/ID : PC=0000085c INST=00000000
ERROR: RTL trace FIFO overflow
IF/ID : PC=00000860 INST=00000000
ERROR: RTL trace FIFO overflow
IF/ID : PC=00000864 INST=00000000
ERROR: RTL trace FIFO overflow
IF/ID : PC=00000868 INST=00000000
ERROR: RTL trace FIFO overflow
IF/ID : PC=0000086c INST=00000000
ERROR: RTL trace FIFO overflow
IF/ID : PC=00000870 INST=00000000
ERROR: RTL trace FIFO overflow
IF/ID : PC=00000874 INST=00000000
ERROR: RTL trace FIFO overflow
IF/ID : PC=00000878 INST=00000000
ERROR: RTL trace FIFO overflow
IF/ID : PC=0000087c INST=00000000
ERROR: RTL trace FIFO overflow
IF/ID : PC=00000880 INST=00000000
ERROR: RTL trace FIFO overflow
IF/ID : PC=00000884 INST=00000000
ERROR: RTL trace FIFO overflow
IF/ID : PC=00000888 INST=00000000
ERROR: RTL trace FIFO overflow
IF/ID : PC=0000088c INST=00000000
ERROR: RTL trace FIFO overflow
IF/ID : PC=00000890 INST=00000000
ERROR: RTL trace FIFO overflow
IF/ID : PC=00000894 INST=00000000
ERROR: RTL trace FIFO overflow
IF/ID : PC=00000898 INST=00000000
ERROR: RTL trace FIFO overflow
IF/ID : PC=0000089c INST=00000000
ERROR: RTL trace FIFO overflow
IF/ID : PC=000008a0 INST=00000000
ERROR: RTL trace FIFO overflow
IF/ID : PC=000008a4 INST=00000000
ERROR: RTL trace FIFO overflow
IF/ID : PC=000008a8 INST=00000000
ERROR: RTL trace FIFO overflow
IF/ID : PC=000008ac INST=00000000
ERROR: RTL trace FIFO overflow
IF/ID : PC=000008b0 INST=00000000
ERROR: RTL trace FIFO overflow
IF/ID : PC=000008b4 INST=00000000
ERROR: RTL trace FIFO overflow
IF/ID : PC=000008b8 INST=00000000
ERROR: RTL trace FIFO overflow
IF/ID : PC=000008bc INST=00000000
ERROR: RTL trace FIFO overflow
IF/ID : PC=000008c0 INST=00000000
ERROR: RTL trace FIFO overflow
IF/ID : PC=000008c4 INST=00000000
ERROR: RTL trace FIFO overflow
IF/ID : PC=000008c8 INST=00000000
ERROR: RTL trace FIFO overflow
IF/ID : PC=000008cc INST=00000000
ERROR: RTL trace FIFO overflow
IF/ID : PC=000008d0 INST=00000000
ERROR: RTL trace FIFO overflow
IF/ID : PC=000008d4 INST=00000000
ERROR: RTL trace FIFO overflow
IF/ID : PC=000008d8 INST=00000000
ERROR: RTL trace FIFO overflow
IF/ID : PC=000008dc INST=00000000
ERROR: RTL trace FIFO overflow
IF/ID : PC=000008e0 INST=00000000
ERROR: RTL trace FIFO overflow
IF/ID : PC=000008e4 INST=00000000
ERROR: RTL trace FIFO overflow
IF/ID : PC=000008e8 INST=00000000
ERROR: RTL trace FIFO overflow
IF/ID : PC=000008ec INST=00000000
ERROR: RTL trace FIFO overflow
IF/ID : PC=000008f0 INST=00000000
ERROR: RTL trace FIFO overflow
IF/ID : PC=000008f4 INST=00000000
ERROR: RTL trace FIFO overflow
IF/ID : PC=000008f8 INST=00000000
ERROR: RTL trace FIFO overflow
IF/ID : PC=000008fc INST=00000000
ERROR: RTL trace FIFO overflow
IF/ID : PC=00000900 INST=00000000
ERROR: RTL trace FIFO overflow
IF/ID : PC=00000904 INST=00000000
ERROR: RTL trace FIFO overflow
IF/ID : PC=00000908 INST=00000000
ERROR: RTL trace FIFO overflow
IF/ID : PC=0000090c INST=00000000
ERROR: RTL trace FIFO overflow
IF/ID : PC=00000910 INST=00000000
ERROR: RTL trace FIFO overflow
IF/ID : PC=00000914 INST=00000000
ERROR: RTL trace FIFO overflow
IF/ID : PC=00000918 INST=00000000
ERROR: RTL trace FIFO overflow
IF/ID : PC=0000091c INST=00000000
ERROR: RTL trace FIFO overflow
IF/ID : PC=00000920 INST=00000000
ERROR: RTL trace FIFO overflow
IF/ID : PC=00000924 INST=00000000
ERROR: RTL trace FIFO overflow
IF/ID : PC=00000928 INST=00000000
ERROR: RTL trace FIFO overflow
IF/ID : PC=0000092c INST=00000000
ERROR: RTL trace FIFO overflow
IF/ID : PC=00000930 INST=00000000
ERROR: RTL trace FIFO overflow
IF/ID : PC=00000934 INST=00000000
ERROR: RTL trace FIFO overflow
IF/ID : PC=00000938 INST=00000000
ERROR: RTL trace FIFO overflow
IF/ID : PC=0000093c INST=00000000
ERROR: RTL trace FIFO overflow
IF/ID : PC=00000940 INST=00000000
ERROR: RTL trace FIFO overflow
IF/ID : PC=00000944 INST=00000000
ERROR: RTL trace FIFO overflow
IF/ID : PC=00000948 INST=00000000
ERROR: RTL trace FIFO overflow
IF/ID : PC=0000094c INST=00000000
ERROR: RTL trace FIFO overflow
IF/ID : PC=00000950 INST=00000000
ERROR: RTL trace FIFO overflow
IF/ID : PC=00000954 INST=00000000
ERROR: RTL trace FIFO overflow
IF/ID : PC=00000958 INST=00000000
ERROR: RTL trace FIFO overflow
IF/ID : PC=0000095c INST=00000000
ERROR: RTL trace FIFO overflow
IF/ID : PC=00000960 INST=00000000
ERROR: RTL trace FIFO overflow
IF/ID : PC=00000964 INST=00000000
ERROR: RTL trace FIFO overflow
IF/ID : PC=00000968 INST=00000000
ERROR: RTL trace FIFO overflow
IF/ID : PC=0000096c INST=00000000
ERROR: RTL trace FIFO overflow
IF/ID : PC=00000970 INST=00000000
ERROR: RTL trace FIFO overflow
IF/ID : PC=00000974 INST=00000000
ERROR: RTL trace FIFO overflow
IF/ID : PC=00000978 INST=00000000
ERROR: RTL trace FIFO overflow
IF/ID : PC=0000097c INST=00000000
ERROR: RTL trace FIFO overflow
IF/ID : PC=00000980 INST=00000000
ERROR: RTL trace FIFO overflow
IF/ID : PC=00000984 INST=00000000
ERROR: RTL trace FIFO overflow
IF/ID : PC=00000988 INST=00000000
ERROR: RTL trace FIFO overflow
IF/ID : PC=0000098c INST=00000000
ERROR: RTL trace FIFO overflow
IF/ID : PC=00000990 INST=00000000
ERROR: RTL trace FIFO overflow
IF/ID : PC=00000994 INST=00000000
ERROR: RTL trace FIFO overflow
IF/ID : PC=00000998 INST=00000000
ERROR: RTL trace FIFO overflow
IF/ID : PC=0000099c INST=00000000
ERROR: RTL trace FIFO overflow
IF/ID : PC=000009a0 INST=00000000
ERROR: RTL trace FIFO overflow
IF/ID : PC=000009a4 INST=00000000
ERROR: RTL trace FIFO overflow
IF/ID : PC=000009a8 INST=00000000
ERROR: RTL trace FIFO overflow
IF/ID : PC=000009ac INST=00000000
ERROR: RTL trace FIFO overflow
IF/ID : PC=000009b0 INST=00000000
ERROR: RTL trace FIFO overflow
IF/ID : PC=000009b4 INST=00000000
ERROR: RTL trace FIFO overflow
IF/ID : PC=000009b8 INST=00000000
ERROR: RTL trace FIFO overflow
IF/ID : PC=000009bc INST=00000000
ERROR: RTL trace FIFO overflow
IF/ID : PC=000009c0 INST=00000000
ERROR: RTL trace FIFO overflow
IF/ID : PC=000009c4 INST=00000000
ERROR: RTL trace FIFO overflow
IF/ID : PC=000009c8 INST=00000000
ERROR: RTL trace FIFO overflow
IF/ID : PC=000009cc INST=00000000
ERROR: RTL trace FIFO overflow
IF/ID : PC=000009d0 INST=00000000
ERROR: RTL trace FIFO overflow
IF/ID : PC=000009d4 INST=00000000
ERROR: RTL trace FIFO overflow
IF/ID : PC=000009d8 INST=00000000
ERROR: RTL trace FIFO overflow
IF/ID : PC=000009dc INST=00000000
ERROR: RTL trace FIFO overflow
IF/ID : PC=000009e0 INST=00000000
ERROR: RTL trace FIFO overflow
IF/ID : PC=000009e4 INST=00000000
ERROR: RTL trace FIFO overflow
IF/ID : PC=000009e8 INST=00000000
ERROR: RTL trace FIFO overflow
IF/ID : PC=000009ec INST=00000000
ERROR: RTL trace FIFO overflow
IF/ID : PC=000009f0 INST=00000000
ERROR: RTL trace FIFO overflow
IF/ID : PC=000009f4 INST=00000000
ERROR: RTL trace FIFO overflow
IF/ID : PC=000009f8 INST=00000000
ERROR: RTL trace FIFO overflow
IF/ID : PC=000009fc INST=00000000
ERROR: RTL trace FIFO overflow
IF/ID : PC=00000a00 INST=00000000
ERROR: RTL trace FIFO overflow
IF/ID : PC=00000a04 INST=00000000
ERROR: RTL trace FIFO overflow
IF/ID : PC=00000a08 INST=00000000
ERROR: RTL trace FIFO overflow
IF/ID : PC=00000a0c INST=00000000
ERROR: RTL trace FIFO overflow
IF/ID : PC=00000a10 INST=00000000
ERROR: RTL trace FIFO overflow
IF/ID : PC=00000a14 INST=00000000
ERROR: RTL trace FIFO overflow
IF/ID : PC=00000a18 INST=00000000
ERROR: RTL trace FIFO overflow
IF/ID : PC=00000a1c INST=00000000
ERROR: RTL trace FIFO overflow
IF/ID : PC=00000a20 INST=00000000
ERROR: RTL trace FIFO overflow
IF/ID : PC=00000a24 INST=00000000
ERROR: RTL trace FIFO overflow
IF/ID : PC=00000a28 INST=00000000
ERROR: RTL trace FIFO overflow
IF/ID : PC=00000a2c INST=00000000
ERROR: RTL trace FIFO overflow
IF/ID : PC=00000a30 INST=00000000
ERROR: RTL trace FIFO overflow
IF/ID : PC=00000a34 INST=00000000
ERROR: RTL trace FIFO overflow
IF/ID : PC=00000a38 INST=00000000
ERROR: RTL trace FIFO overflow
IF/ID : PC=00000a3c INST=00000000
ERROR: RTL trace FIFO overflow
IF/ID : PC=00000a40 INST=00000000
ERROR: RTL trace FIFO overflow
IF/ID : PC=00000a44 INST=00000000
ERROR: RTL trace FIFO overflow
IF/ID : PC=00000a48 INST=00000000
ERROR: RTL trace FIFO overflow
IF/ID : PC=00000a4c INST=00000000
ERROR: RTL trace FIFO overflow
IF/ID : PC=00000a50 INST=00000000
ERROR: RTL trace FIFO overflow
IF/ID : PC=00000a54 INST=00000000
ERROR: RTL trace FIFO overflow
IF/ID : PC=00000a58 INST=00000000
ERROR: RTL trace FIFO overflow
IF/ID : PC=00000a5c INST=00000000
ERROR: RTL trace FIFO overflow
IF/ID : PC=00000a60 INST=00000000
ERROR: RTL trace FIFO overflow
IF/ID : PC=00000a64 INST=00000000
ERROR: RTL trace FIFO overflow
IF/ID : PC=00000a68 INST=00000000
ERROR: RTL trace FIFO overflow
IF/ID : PC=00000a6c INST=00000000
ERROR: RTL trace FIFO overflow
IF/ID : PC=00000a70 INST=00000000
ERROR: RTL trace FIFO overflow
IF/ID : PC=00000a74 INST=00000000
ERROR: RTL trace FIFO overflow
IF/ID : PC=00000a78 INST=00000000
ERROR: RTL trace FIFO overflow
IF/ID : PC=00000a7c INST=00000000
ERROR: RTL trace FIFO overflow
IF/ID : PC=00000a80 INST=00000000
ERROR: RTL trace FIFO overflow
IF/ID : PC=00000a84 INST=00000000
ERROR: RTL trace FIFO overflow
IF/ID : PC=00000a88 INST=00000000
ERROR: RTL trace FIFO overflow
IF/ID : PC=00000a8c INST=00000000
ERROR: RTL trace FIFO overflow
IF/ID : PC=00000a90 INST=00000000
ERROR: RTL trace FIFO overflow
IF/ID : PC=00000a94 INST=00000000
ERROR: RTL trace FIFO overflow
IF/ID : PC=00000a98 INST=00000000
ERROR: RTL trace FIFO overflow
IF/ID : PC=00000a9c INST=00000000
ERROR: RTL trace FIFO overflow
IF/ID : PC=00000aa0 INST=00000000
ERROR: RTL trace FIFO overflow
IF/ID : PC=00000aa4 INST=00000000
ERROR: RTL trace FIFO overflow
IF/ID : PC=00000aa8 INST=00000000
ERROR: RTL trace FIFO overflow
IF/ID : PC=00000aac INST=00000000
ERROR: RTL trace FIFO overflow
IF/ID : PC=00000ab0 INST=00000000
ERROR: RTL trace FIFO overflow
IF/ID : PC=00000ab4 INST=00000000
ERROR: RTL trace FIFO overflow
IF/ID : PC=00000ab8 INST=00000000
ERROR: RTL trace FIFO overflow
IF/ID : PC=00000abc INST=00000000
ERROR: RTL trace FIFO overflow
IF/ID : PC=00000ac0 INST=00000000
ERROR: RTL trace FIFO overflow
IF/ID : PC=00000ac4 INST=00000000
ERROR: RTL trace FIFO overflow
IF/ID : PC=00000ac8 INST=00000000
ERROR: RTL trace FIFO overflow
IF/ID : PC=00000acc INST=00000000
ERROR: RTL trace FIFO overflow
IF/ID : PC=00000ad0 INST=00000000
ERROR: RTL trace FIFO overflow
IF/ID : PC=00000ad4 INST=00000000
ERROR: RTL trace FIFO overflow
IF/ID : PC=00000ad8 INST=00000000
ERROR: RTL trace FIFO overflow
IF/ID : PC=00000adc INST=00000000
ERROR: RTL trace FIFO overflow
IF/ID : PC=00000ae0 INST=00000000
ERROR: RTL trace FIFO overflow
IF/ID : PC=00000ae4 INST=00000000
ERROR: RTL trace FIFO overflow
IF/ID : PC=00000ae8 INST=00000000
ERROR: RTL trace FIFO overflow
IF/ID : PC=00000aec INST=00000000
ERROR: RTL trace FIFO overflow
IF/ID : PC=00000af0 INST=00000000
ERROR: RTL trace FIFO overflow
IF/ID : PC=00000af4 INST=00000000
ERROR: RTL trace FIFO overflow
IF/ID : PC=00000af8 INST=00000000
ERROR: RTL trace FIFO overflow
IF/ID : PC=00000afc INST=00000000
ERROR: RTL trace FIFO overflow
IF/ID : PC=00000b00 INST=00000000
ERROR: RTL trace FIFO overflow
IF/ID : PC=00000b04 INST=00000000
ERROR: RTL trace FIFO overflow
IF/ID : PC=00000b08 INST=00000000
ERROR: RTL trace FIFO overflow
IF/ID : PC=00000b0c INST=00000000
ERROR: RTL trace FIFO overflow
IF/ID : PC=00000b10 INST=00000000
ERROR: RTL trace FIFO overflow
IF/ID : PC=00000b14 INST=00000000
ERROR: RTL trace FIFO overflow
IF/ID : PC=00000b18 INST=00000000
ERROR: RTL trace FIFO overflow
IF/ID : PC=00000b1c INST=00000000
ERROR: RTL trace FIFO overflow
IF/ID : PC=00000b20 INST=00000000
ERROR: RTL trace FIFO overflow
IF/ID : PC=00000b24 INST=00000000
ERROR: RTL trace FIFO overflow
IF/ID : PC=00000b28 INST=00000000
ERROR: RTL trace FIFO overflow
IF/ID : PC=00000b2c INST=00000000
ERROR: RTL trace FIFO overflow
IF/ID : PC=00000b30 INST=00000000
ERROR: RTL trace FIFO overflow
IF/ID : PC=00000b34 INST=00000000
ERROR: RTL trace FIFO overflow
IF/ID : PC=00000b38 INST=00000000
ERROR: RTL trace FIFO overflow
IF/ID : PC=00000b3c INST=00000000
ERROR: RTL trace FIFO overflow
IF/ID : PC=00000b40 INST=00000000
ERROR: RTL trace FIFO overflow
IF/ID : PC=00000b44 INST=00000000
ERROR: RTL trace FIFO overflow
IF/ID : PC=00000b48 INST=00000000
ERROR: RTL trace FIFO overflow
IF/ID : PC=00000b4c INST=00000000
ERROR: RTL trace FIFO overflow
IF/ID : PC=00000b50 INST=00000000
ERROR: RTL trace FIFO overflow
IF/ID : PC=00000b54 INST=00000000
ERROR: RTL trace FIFO overflow
IF/ID : PC=00000b58 INST=00000000
ERROR: RTL trace FIFO overflow
IF/ID : PC=00000b5c INST=00000000
ERROR: RTL trace FIFO overflow
IF/ID : PC=00000b60 INST=00000000
ERROR: RTL trace FIFO overflow
IF/ID : PC=00000b64 INST=00000000
ERROR: RTL trace FIFO overflow
IF/ID : PC=00000b68 INST=00000000
ERROR: RTL trace FIFO overflow
IF/ID : PC=00000b6c INST=00000000
ERROR: RTL trace FIFO overflow
IF/ID : PC=00000b70 INST=00000000
ERROR: RTL trace FIFO overflow
IF/ID : PC=00000b74 INST=00000000
ERROR: RTL trace FIFO overflow
IF/ID : PC=00000b78 INST=00000000
ERROR: RTL trace FIFO overflow
IF/ID : PC=00000b7c INST=00000000
ERROR: RTL trace FIFO overflow
IF/ID : PC=00000b80 INST=00000000
ERROR: RTL trace FIFO overflow
IF/ID : PC=00000b84 INST=00000000
ERROR: RTL trace FIFO overflow
IF/ID : PC=00000b88 INST=00000000
ERROR: RTL trace FIFO overflow
IF/ID : PC=00000b8c INST=00000000
ERROR: RTL trace FIFO overflow
IF/ID : PC=00000b90 INST=00000000
ERROR: RTL trace FIFO overflow
IF/ID : PC=00000b94 INST=00000000
ERROR: RTL trace FIFO overflow
IF/ID : PC=00000b98 INST=00000000
ERROR: RTL trace FIFO overflow
IF/ID : PC=00000b9c INST=00000000
ERROR: RTL trace FIFO overflow
IF/ID : PC=00000ba0 INST=00000000
ERROR: RTL trace FIFO overflow
IF/ID : PC=00000ba4 INST=00000000
ERROR: RTL trace FIFO overflow
IF/ID : PC=00000ba8 INST=00000000
ERROR: RTL trace FIFO overflow
IF/ID : PC=00000bac INST=00000000
ERROR: RTL trace FIFO overflow
IF/ID : PC=00000bb0 INST=00000000
ERROR: RTL trace FIFO overflow
IF/ID : PC=00000bb4 INST=00000000
ERROR: RTL trace FIFO overflow
IF/ID : PC=00000bb8 INST=00000000
ERROR: RTL trace FIFO overflow
IF/ID : PC=00000bbc INST=00000000
ERROR: RTL trace FIFO overflow
IF/ID : PC=00000bc0 INST=00000000
ERROR: RTL trace FIFO overflow
IF/ID : PC=00000bc4 INST=00000000
ERROR: RTL trace FIFO overflow
IF/ID : PC=00000bc8 INST=00000000
ERROR: RTL trace FIFO overflow
IF/ID : PC=00000bcc INST=00000000
ERROR: RTL trace FIFO overflow
IF/ID : PC=00000bd0 INST=00000000
ERROR: RTL trace FIFO overflow
IF/ID : PC=00000bd4 INST=00000000
ERROR: RTL trace FIFO overflow
IF/ID : PC=00000bd8 INST=00000000
ERROR: RTL trace FIFO overflow
IF/ID : PC=00000bdc INST=00000000
ERROR: RTL trace FIFO overflow
IF/ID : PC=00000be0 INST=00000000
ERROR: RTL trace FIFO overflow
IF/ID : PC=00000be4 INST=00000000
ERROR: RTL trace FIFO overflow
IF/ID : PC=00000be8 INST=00000000
ERROR: RTL trace FIFO overflow
IF/ID : PC=00000bec INST=00000000
ERROR: RTL trace FIFO overflow
IF/ID : PC=00000bf0 INST=00000000
ERROR: RTL trace FIFO overflow
IF/ID : PC=00000bf4 INST=00000000
ERROR: RTL trace FIFO overflow
IF/ID : PC=00000bf8 INST=00000000
ERROR: RTL trace FIFO overflow
IF/ID : PC=00000bfc INST=00000000
ERROR: RTL trace FIFO overflow
IF/ID : PC=00000c00 INST=00000000
ERROR: RTL trace FIFO overflow
IF/ID : PC=00000c04 INST=00000000
ERROR: RTL trace FIFO overflow
IF/ID : PC=00000c08 INST=00000000
ERROR: RTL trace FIFO overflow
IF/ID : PC=00000c0c INST=00000000
ERROR: RTL trace FIFO overflow
IF/ID : PC=00000c10 INST=00000000
ERROR: RTL trace FIFO overflow
IF/ID : PC=00000c14 INST=00000000
ERROR: RTL trace FIFO overflow
IF/ID : PC=00000c18 INST=00000000
ERROR: RTL trace FIFO overflow
IF/ID : PC=00000c1c INST=00000000
ERROR: RTL trace FIFO overflow
IF/ID : PC=00000c20 INST=00000000
ERROR: RTL trace FIFO overflow
IF/ID : PC=00000c24 INST=00000000
ERROR: RTL trace FIFO overflow
IF/ID : PC=00000c28 INST=00000000
ERROR: RTL trace FIFO overflow
IF/ID : PC=00000c2c INST=00000000
ERROR: RTL trace FIFO overflow
IF/ID : PC=00000c30 INST=00000000
ERROR: RTL trace FIFO overflow
IF/ID : PC=00000c34 INST=00000000
ERROR: RTL trace FIFO overflow
IF/ID : PC=00000c38 INST=00000000
ERROR: RTL trace FIFO overflow
IF/ID : PC=00000c3c INST=00000000
ERROR: RTL trace FIFO overflow
IF/ID : PC=00000c40 INST=00000000
ERROR: RTL trace FIFO overflow
IF/ID : PC=00000c44 INST=00000000
ERROR: RTL trace FIFO overflow
IF/ID : PC=00000c48 INST=00000000
ERROR: RTL trace FIFO overflow
IF/ID : PC=00000c4c INST=00000000
ERROR: RTL trace FIFO overflow
IF/ID : PC=00000c50 INST=00000000
ERROR: RTL trace FIFO overflow
IF/ID : PC=00000c54 INST=00000000
ERROR: RTL trace FIFO overflow
IF/ID : PC=00000c58 INST=00000000
ERROR: RTL trace FIFO overflow
IF/ID : PC=00000c5c INST=00000000
ERROR: RTL trace FIFO overflow
IF/ID : PC=00000c60 INST=00000000
ERROR: RTL trace FIFO overflow
IF/ID : PC=00000c64 INST=00000000
ERROR: RTL trace FIFO overflow
IF/ID : PC=00000c68 INST=00000000
ERROR: RTL trace FIFO overflow
IF/ID : PC=00000c6c INST=00000000
ERROR: RTL trace FIFO overflow
IF/ID : PC=00000c70 INST=00000000
ERROR: RTL trace FIFO overflow
IF/ID : PC=00000c74 INST=00000000
ERROR: RTL trace FIFO overflow
IF/ID : PC=00000c78 INST=00000000
ERROR: RTL trace FIFO overflow
IF/ID : PC=00000c7c INST=00000000
ERROR: RTL trace FIFO overflow
IF/ID : PC=00000c80 INST=00000000
ERROR: RTL trace FIFO overflow
IF/ID : PC=00000c84 INST=00000000
ERROR: RTL trace FIFO overflow
IF/ID : PC=00000c88 INST=00000000
ERROR: RTL trace FIFO overflow
IF/ID : PC=00000c8c INST=00000000
ERROR: RTL trace FIFO overflow
IF/ID : PC=00000c90 INST=00000000
ERROR: RTL trace FIFO overflow
IF/ID : PC=00000c94 INST=00000000
ERROR: RTL trace FIFO overflow
IF/ID : PC=00000c98 INST=00000000
ERROR: RTL trace FIFO overflow
IF/ID : PC=00000c9c INST=00000000
ERROR: RTL trace FIFO overflow
IF/ID : PC=00000ca0 INST=00000000
ERROR: RTL trace FIFO overflow
IF/ID : PC=00000ca4 INST=00000000
ERROR: RTL trace FIFO overflow
IF/ID : PC=00000ca8 INST=00000000
ERROR: RTL trace FIFO overflow
IF/ID : PC=00000cac INST=00000000
ERROR: RTL trace FIFO overflow
IF/ID : PC=00000cb0 INST=00000000
ERROR: RTL trace FIFO overflow
IF/ID : PC=00000cb4 INST=00000000
ERROR: RTL trace FIFO overflow
IF/ID : PC=00000cb8 INST=00000000
ERROR: RTL trace FIFO overflow
IF/ID : PC=00000cbc INST=00000000
ERROR: RTL trace FIFO overflow
IF/ID : PC=00000cc0 INST=00000000
ERROR: RTL trace FIFO overflow
IF/ID : PC=00000cc4 INST=00000000
ERROR: RTL trace FIFO overflow
IF/ID : PC=00000cc8 INST=00000000
ERROR: RTL trace FIFO overflow
IF/ID : PC=00000ccc INST=00000000
ERROR: RTL trace FIFO overflow
IF/ID : PC=00000cd0 INST=00000000
ERROR: RTL trace FIFO overflow
IF/ID : PC=00000cd4 INST=00000000
ERROR: RTL trace FIFO overflow
IF/ID : PC=00000cd8 INST=00000000
ERROR: RTL trace FIFO overflow
IF/ID : PC=00000cdc INST=00000000
ERROR: RTL trace FIFO overflow
IF/ID : PC=00000ce0 INST=00000000
ERROR: RTL trace FIFO overflow
IF/ID : PC=00000ce4 INST=00000000
ERROR: RTL trace FIFO overflow
IF/ID : PC=00000ce8 INST=00000000
ERROR: RTL trace FIFO overflow
IF/ID : PC=00000cec INST=00000000
ERROR: RTL trace FIFO overflow
IF/ID : PC=00000cf0 INST=00000000
ERROR: RTL trace FIFO overflow
IF/ID : PC=00000cf4 INST=00000000
ERROR: RTL trace FIFO overflow
IF/ID : PC=00000cf8 INST=00000000
ERROR: RTL trace FIFO overflow
IF/ID : PC=00000cfc INST=00000000
ERROR: RTL trace FIFO overflow
IF/ID : PC=00000d00 INST=00000000
ERROR: RTL trace FIFO overflow
IF/ID : PC=00000d04 INST=00000000
ERROR: RTL trace FIFO overflow
IF/ID : PC=00000d08 INST=00000000
ERROR: RTL trace FIFO overflow
IF/ID : PC=00000d0c INST=00000000
ERROR: RTL trace FIFO overflow
IF/ID : PC=00000d10 INST=00000000
ERROR: RTL trace FIFO overflow
IF/ID : PC=00000d14 INST=00000000
ERROR: RTL trace FIFO overflow
IF/ID : PC=00000d18 INST=00000000
ERROR: RTL trace FIFO overflow
IF/ID : PC=00000d1c INST=00000000
ERROR: RTL trace FIFO overflow
IF/ID : PC=00000d20 INST=00000000
ERROR: RTL trace FIFO overflow
IF/ID : PC=00000d24 INST=00000000
ERROR: RTL trace FIFO overflow
IF/ID : PC=00000d28 INST=00000000
ERROR: RTL trace FIFO overflow
IF/ID : PC=00000d2c INST=00000000
ERROR: RTL trace FIFO overflow
IF/ID : PC=00000d30 INST=00000000
ERROR: RTL trace FIFO overflow
IF/ID : PC=00000d34 INST=00000000
ERROR: RTL trace FIFO overflow
IF/ID : PC=00000d38 INST=00000000
ERROR: RTL trace FIFO overflow
IF/ID : PC=00000d3c INST=00000000
ERROR: RTL trace FIFO overflow
IF/ID : PC=00000d40 INST=00000000
ERROR: RTL trace FIFO overflow
IF/ID : PC=00000d44 INST=00000000
ERROR: RTL trace FIFO overflow
IF/ID : PC=00000d48 INST=00000000
ERROR: RTL trace FIFO overflow
IF/ID : PC=00000d4c INST=00000000
ERROR: RTL trace FIFO overflow
IF/ID : PC=00000d50 INST=00000000
ERROR: RTL trace FIFO overflow
IF/ID : PC=00000d54 INST=00000000
ERROR: RTL trace FIFO overflow
IF/ID : PC=00000d58 INST=00000000
ERROR: RTL trace FIFO overflow
IF/ID : PC=00000d5c INST=00000000
ERROR: RTL trace FIFO overflow
IF/ID : PC=00000d60 INST=00000000
ERROR: RTL trace FIFO overflow
IF/ID : PC=00000d64 INST=00000000
ERROR: RTL trace FIFO overflow
IF/ID : PC=00000d68 INST=00000000
ERROR: RTL trace FIFO overflow
IF/ID : PC=00000d6c INST=00000000
ERROR: RTL trace FIFO overflow
IF/ID : PC=00000d70 INST=00000000
ERROR: RTL trace FIFO overflow
IF/ID : PC=00000d74 INST=00000000
ERROR: RTL trace FIFO overflow
IF/ID : PC=00000d78 INST=00000000
ERROR: RTL trace FIFO overflow
IF/ID : PC=00000d7c INST=00000000
ERROR: RTL trace FIFO overflow
IF/ID : PC=00000d80 INST=00000000
ERROR: RTL trace FIFO overflow
IF/ID : PC=00000d84 INST=00000000
ERROR: RTL trace FIFO overflow
IF/ID : PC=00000d88 INST=00000000
ERROR: RTL trace FIFO overflow
IF/ID : PC=00000d8c INST=00000000
ERROR: RTL trace FIFO overflow
IF/ID : PC=00000d90 INST=00000000
ERROR: RTL trace FIFO overflow
IF/ID : PC=00000d94 INST=00000000
ERROR: RTL trace FIFO overflow
IF/ID : PC=00000d98 INST=00000000
ERROR: RTL trace FIFO overflow
IF/ID : PC=00000d9c INST=00000000
ERROR: RTL trace FIFO overflow
IF/ID : PC=00000da0 INST=00000000
ERROR: RTL trace FIFO overflow
IF/ID : PC=00000da4 INST=00000000
ERROR: RTL trace FIFO overflow
IF/ID : PC=00000da8 INST=00000000
ERROR: RTL trace FIFO overflow
IF/ID : PC=00000dac INST=00000000
ERROR: RTL trace FIFO overflow
IF/ID : PC=00000db0 INST=00000000
ERROR: RTL trace FIFO overflow
IF/ID : PC=00000db4 INST=00000000
ERROR: RTL trace FIFO overflow
IF/ID : PC=00000db8 INST=00000000
ERROR: RTL trace FIFO overflow
IF/ID : PC=00000dbc INST=00000000
ERROR: RTL trace FIFO overflow
IF/ID : PC=00000dc0 INST=00000000
ERROR: RTL trace FIFO overflow
IF/ID : PC=00000dc4 INST=00000000
ERROR: RTL trace FIFO overflow
IF/ID : PC=00000dc8 INST=00000000
ERROR: RTL trace FIFO overflow
IF/ID : PC=00000dcc INST=00000000
ERROR: RTL trace FIFO overflow
IF/ID : PC=00000dd0 INST=00000000
ERROR: RTL trace FIFO overflow
IF/ID : PC=00000dd4 INST=00000000
ERROR: RTL trace FIFO overflow
IF/ID : PC=00000dd8 INST=00000000
ERROR: RTL trace FIFO overflow
IF/ID : PC=00000ddc INST=00000000
ERROR: RTL trace FIFO overflow
IF/ID : PC=00000de0 INST=00000000
ERROR: RTL trace FIFO overflow
IF/ID : PC=00000de4 INST=00000000
ERROR: RTL trace FIFO overflow
IF/ID : PC=00000de8 INST=00000000
ERROR: RTL trace FIFO overflow
IF/ID : PC=00000dec INST=00000000
ERROR: RTL trace FIFO overflow
IF/ID : PC=00000df0 INST=00000000
ERROR: RTL trace FIFO overflow
IF/ID : PC=00000df4 INST=00000000
ERROR: RTL trace FIFO overflow
IF/ID : PC=00000df8 INST=00000000
ERROR: RTL trace FIFO overflow
IF/ID : PC=00000dfc INST=00000000
ERROR: RTL trace FIFO overflow
IF/ID : PC=00000e00 INST=00000000
ERROR: RTL trace FIFO overflow
IF/ID : PC=00000e04 INST=00000000
ERROR: RTL trace FIFO overflow
IF/ID : PC=00000e08 INST=00000000
ERROR: RTL trace FIFO overflow
IF/ID : PC=00000e0c INST=00000000
ERROR: RTL trace FIFO overflow
IF/ID : PC=00000e10 INST=00000000
ERROR: RTL trace FIFO overflow
IF/ID : PC=00000e14 INST=00000000
ERROR: RTL trace FIFO overflow
IF/ID : PC=00000e18 INST=00000000
ERROR: RTL trace FIFO overflow
IF/ID : PC=00000e1c INST=00000000
ERROR: RTL trace FIFO overflow
IF/ID : PC=00000e20 INST=00000000
ERROR: RTL trace FIFO overflow
IF/ID : PC=00000e24 INST=00000000
ERROR: RTL trace FIFO overflow
IF/ID : PC=00000e28 INST=00000000
ERROR: RTL trace FIFO overflow
IF/ID : PC=00000e2c INST=00000000
ERROR: RTL trace FIFO overflow
IF/ID : PC=00000e30 INST=00000000
ERROR: RTL trace FIFO overflow
IF/ID : PC=00000e34 INST=00000000
ERROR: RTL trace FIFO overflow
IF/ID : PC=00000e38 INST=00000000
ERROR: RTL trace FIFO overflow
IF/ID : PC=00000e3c INST=00000000
ERROR: RTL trace FIFO overflow
IF/ID : PC=00000e40 INST=00000000
ERROR: RTL trace FIFO overflow
IF/ID : PC=00000e44 INST=00000000
ERROR: RTL trace FIFO overflow
IF/ID : PC=00000e48 INST=00000000
ERROR: RTL trace FIFO overflow
IF/ID : PC=00000e4c INST=00000000
ERROR: RTL trace FIFO overflow
IF/ID : PC=00000e50 INST=00000000
ERROR: RTL trace FIFO overflow
IF/ID : PC=00000e54 INST=00000000
ERROR: RTL trace FIFO overflow
IF/ID : PC=00000e58 INST=00000000
ERROR: RTL trace FIFO overflow
IF/ID : PC=00000e5c INST=00000000
ERROR: RTL trace FIFO overflow
IF/ID : PC=00000e60 INST=00000000
ERROR: RTL trace FIFO overflow
IF/ID : PC=00000e64 INST=00000000
ERROR: RTL trace FIFO overflow
IF/ID : PC=00000e68 INST=00000000
ERROR: RTL trace FIFO overflow
IF/ID : PC=00000e6c INST=00000000
ERROR: RTL trace FIFO overflow
IF/ID : PC=00000e70 INST=00000000
ERROR: RTL trace FIFO overflow
IF/ID : PC=00000e74 INST=00000000
ERROR: RTL trace FIFO overflow
IF/ID : PC=00000e78 INST=00000000
ERROR: RTL trace FIFO overflow
IF/ID : PC=00000e7c INST=00000000
ERROR: RTL trace FIFO overflow
IF/ID : PC=00000e80 INST=00000000
ERROR: RTL trace FIFO overflow
IF/ID : PC=00000e84 INST=00000000
ERROR: RTL trace FIFO overflow
IF/ID : PC=00000e88 INST=00000000
ERROR: RTL trace FIFO overflow
IF/ID : PC=00000e8c INST=00000000
ERROR: RTL trace FIFO overflow
IF/ID : PC=00000e90 INST=00000000
ERROR: RTL trace FIFO overflow
IF/ID : PC=00000e94 INST=00000000
ERROR: RTL trace FIFO overflow
IF/ID : PC=00000e98 INST=00000000
ERROR: RTL trace FIFO overflow
IF/ID : PC=00000e9c INST=00000000
ERROR: RTL trace FIFO overflow
IF/ID : PC=00000ea0 INST=00000000
ERROR: RTL trace FIFO overflow
IF/ID : PC=00000ea4 INST=00000000
ERROR: RTL trace FIFO overflow
IF/ID : PC=00000ea8 INST=00000000
ERROR: RTL trace FIFO overflow
IF/ID : PC=00000eac INST=00000000
ERROR: RTL trace FIFO overflow
IF/ID : PC=00000eb0 INST=00000000
ERROR: RTL trace FIFO overflow
IF/ID : PC=00000eb4 INST=00000000
ERROR: RTL trace FIFO overflow
IF/ID : PC=00000eb8 INST=00000000
ERROR: RTL trace FIFO overflow
IF/ID : PC=00000ebc INST=00000000
ERROR: RTL trace FIFO overflow
IF/ID : PC=00000ec0 INST=00000000
ERROR: RTL trace FIFO overflow
IF/ID : PC=00000ec4 INST=00000000
ERROR: RTL trace FIFO overflow
IF/ID : PC=00000ec8 INST=00000000
ERROR: RTL trace FIFO overflow
IF/ID : PC=00000ecc INST=00000000
ERROR: RTL trace FIFO overflow
IF/ID : PC=00000ed0 INST=00000000
ERROR: RTL trace FIFO overflow
IF/ID : PC=00000ed4 INST=00000000
ERROR: RTL trace FIFO overflow
IF/ID : PC=00000ed8 INST=00000000
ERROR: RTL trace FIFO overflow
IF/ID : PC=00000edc INST=00000000
ERROR: RTL trace FIFO overflow
IF/ID : PC=00000ee0 INST=00000000
ERROR: RTL trace FIFO overflow
IF/ID : PC=00000ee4 INST=00000000
ERROR: RTL trace FIFO overflow
IF/ID : PC=00000ee8 INST=00000000
ERROR: RTL trace FIFO overflow
IF/ID : PC=00000eec INST=00000000
ERROR: RTL trace FIFO overflow
IF/ID : PC=00000ef0 INST=00000000
ERROR: RTL trace FIFO overflow
IF/ID : PC=00000ef4 INST=00000000
ERROR: RTL trace FIFO overflow
IF/ID : PC=00000ef8 INST=00000000
ERROR: RTL trace FIFO overflow
IF/ID : PC=00000efc INST=00000000
ERROR: RTL trace FIFO overflow
IF/ID : PC=00000f00 INST=00000000
ERROR: RTL trace FIFO overflow
IF/ID : PC=00000f04 INST=00000000
ERROR: RTL trace FIFO overflow
IF/ID : PC=00000f08 INST=00000000
ERROR: RTL trace FIFO overflow
IF/ID : PC=00000f0c INST=00000000
ERROR: RTL trace FIFO overflow
IF/ID : PC=00000f10 INST=00000000
ERROR: RTL trace FIFO overflow
IF/ID : PC=00000f14 INST=00000000
ERROR: RTL trace FIFO overflow
IF/ID : PC=00000f18 INST=00000000
ERROR: RTL trace FIFO overflow
IF/ID : PC=00000f1c INST=00000000
ERROR: RTL trace FIFO overflow
IF/ID : PC=00000f20 INST=00000000
ERROR: RTL trace FIFO overflow
IF/ID : PC=00000f24 INST=00000000
ERROR: RTL trace FIFO overflow
IF/ID : PC=00000f28 INST=00000000
ERROR: RTL trace FIFO overflow
IF/ID : PC=00000f2c INST=00000000
ERROR: RTL trace FIFO overflow
IF/ID : PC=00000f30 INST=00000000
ERROR: RTL trace FIFO overflow
IF/ID : PC=00000f34 INST=00000000
ERROR: RTL trace FIFO overflow
IF/ID : PC=00000f38 INST=00000000
ERROR: RTL trace FIFO overflow
IF/ID : PC=00000f3c INST=00000000
ERROR: RTL trace FIFO overflow
IF/ID : PC=00000f40 INST=00000000
ERROR: RTL trace FIFO overflow
IF/ID : PC=00000f44 INST=00000000
ERROR: RTL trace FIFO overflow
IF/ID : PC=00000f48 INST=00000000
ERROR: RTL trace FIFO overflow
IF/ID : PC=00000f4c INST=00000000
ERROR: RTL trace FIFO overflow
IF/ID : PC=00000f50 INST=00000000
ERROR: RTL trace FIFO overflow
IF/ID : PC=00000f54 INST=00000000
ERROR: RTL trace FIFO overflow
IF/ID : PC=00000f58 INST=00000000
ERROR: RTL trace FIFO overflow
IF/ID : PC=00000f5c INST=00000000
ERROR: RTL trace FIFO overflow
IF/ID : PC=00000f60 INST=00000000
ERROR: RTL trace FIFO overflow
IF/ID : PC=00000f64 INST=00000000
ERROR: RTL trace FIFO overflow
IF/ID : PC=00000f68 INST=00000000
ERROR: RTL trace FIFO overflow
IF/ID : PC=00000f6c INST=00000000
ERROR: RTL trace FIFO overflow
IF/ID : PC=00000f70 INST=00000000
ERROR: RTL trace FIFO overflow
IF/ID : PC=00000f74 INST=00000000
ERROR: RTL trace FIFO overflow
IF/ID : PC=00000f78 INST=00000000
ERROR: RTL trace FIFO overflow
IF/ID : PC=00000f7c INST=00000000
ERROR: RTL trace FIFO overflow
IF/ID : PC=00000f80 INST=00000000
ERROR: RTL trace FIFO overflow
IF/ID : PC=00000f84 INST=00000000
ERROR: RTL trace FIFO overflow
IF/ID : PC=00000f88 INST=00000000
ERROR: RTL trace FIFO overflow
IF/ID : PC=00000f8c INST=00000000
ERROR: RTL trace FIFO overflow
IF/ID : PC=00000f90 INST=00000000
ERROR: RTL trace FIFO overflow
IF/ID : PC=00000f94 INST=00000000
ERROR: RTL trace FIFO overflow
IF/ID : PC=00000f98 INST=00000000
ERROR: RTL trace FIFO overflow
IF/ID : PC=00000f9c INST=00000000
ERROR: RTL trace FIFO overflow
IF/ID : PC=00000fa0 INST=00000000
ERROR: RTL trace FIFO overflow
IF/ID : PC=00000fa4 INST=00000000
ERROR: RTL trace FIFO overflow
IF/ID : PC=00000fa8 INST=00000000
ERROR: RTL trace FIFO overflow
IF/ID : PC=00000fac INST=00000000
ERROR: RTL trace FIFO overflow
IF/ID : PC=00000fb0 INST=00000000
ERROR: RTL trace FIFO overflow
IF/ID : PC=00000fb4 INST=00000000
ERROR: RTL trace FIFO overflow
IF/ID : PC=00000fb8 INST=00000000
ERROR: RTL trace FIFO overflow
IF/ID : PC=00000fbc INST=00000000
ERROR: RTL trace FIFO overflow
IF/ID : PC=00000fc0 INST=00000000
ERROR: RTL trace FIFO overflow
IF/ID : PC=00000fc4 INST=00000000
ERROR: RTL trace FIFO overflow
IF/ID : PC=00000fc8 INST=00000000
ERROR: RTL trace FIFO overflow
IF/ID : PC=00000fcc INST=00000000
ERROR: RTL trace FIFO overflow
IF/ID : PC=00000fd0 INST=00000000
ERROR: RTL trace FIFO overflow
IF/ID : PC=00000fd4 INST=00000000
ERROR: RTL trace FIFO overflow
IF/ID : PC=00000fd8 INST=00000000
ERROR: RTL trace FIFO overflow
IF/ID : PC=00000fdc INST=00000000
ERROR: RTL trace FIFO overflow
IF/ID : PC=00000fe0 INST=00000000
ERROR: RTL trace FIFO overflow
IF/ID : PC=00000fe4 INST=00000000
ERROR: RTL trace FIFO overflow
IF/ID : PC=00000fe8 INST=00000000
ERROR: RTL trace FIFO overflow
IF/ID : PC=00000fec INST=00000000
ERROR: RTL trace FIFO overflow
IF/ID : PC=00000ff0 INST=00000000
ERROR: RTL trace FIFO overflow
IF/ID : PC=00000ff4 INST=00000000
ERROR: RTL trace FIFO overflow
IF/ID : PC=00000ff8 INST=00000000
ERROR: RTL trace FIFO overflow
IF/ID : PC=00000ffc INST=00000000
ERROR: RTL trace FIFO overflow
IF/ID : PC=00001000 INST=00000000
ERROR: RTL trace FIFO overflow
IF/ID : PC=00001004 INST=00000000
ERROR: RTL trace FIFO overflow
IF/ID : PC=00001008 INST=00000000
ERROR: RTL trace FIFO overflow
IF/ID : PC=0000100c INST=00000000
ERROR: RTL trace FIFO overflow
IF/ID : PC=00001010 INST=00000000
ERROR: RTL trace FIFO overflow
IF/ID : PC=00001014 INST=00000000
ERROR: RTL trace FIFO overflow
IF/ID : PC=00001018 INST=00000000
ERROR: RTL trace FIFO overflow
IF/ID : PC=0000101c INST=00000000
ERROR: RTL trace FIFO overflow
IF/ID : PC=00001020 INST=00000000
ERROR: RTL trace FIFO overflow
IF/ID : PC=00001024 INST=00000000
ERROR: RTL trace FIFO overflow
IF/ID : PC=00001028 INST=00000000
ERROR: RTL trace FIFO overflow
IF/ID : PC=0000102c INST=00000000
ERROR: RTL trace FIFO overflow
IF/ID : PC=00001030 INST=00000000
ERROR: RTL trace FIFO overflow
IF/ID : PC=00001034 INST=00000000
ERROR: RTL trace FIFO overflow
IF/ID : PC=00001038 INST=00000000
ERROR: RTL trace FIFO overflow
IF/ID : PC=0000103c INST=00000000
ERROR: RTL trace FIFO overflow
IF/ID : PC=00001040 INST=00000000
ERROR: RTL trace FIFO overflow
IF/ID : PC=00001044 INST=00000000
ERROR: RTL trace FIFO overflow
IF/ID : PC=00001048 INST=00000000
ERROR: RTL trace FIFO overflow
IF/ID : PC=0000104c INST=xxxxxxxx
ERROR: RTL trace FIFO overflow
IF/ID : PC=00001050 INST=xxxxxxxx
ERROR: RTL trace FIFO overflow
IF/ID : PC=00001054 INST=xxxxxxxx
ERROR: RTL trace FIFO overflow
IF/ID : PC=00001058 INST=xxxxxxxx
ERROR: RTL trace FIFO overflow
IF/ID : PC=0000105c INST=xxxxxxxx
ERROR: RTL trace FIFO overflow
IF/ID : PC=00001060 INST=xxxxxxxx
ERROR: RTL trace FIFO overflow
IF/ID : PC=00001064 INST=xxxxxxxx
ERROR: RTL trace FIFO overflow
IF/ID : PC=00001068 INST=xxxxxxxx
ERROR: RTL trace FIFO overflow
IF/ID : PC=0000106c INST=xxxxxxxx
ERROR: RTL trace FIFO overflow
IF/ID : PC=00001070 INST=xxxxxxxx
ERROR: RTL trace FIFO overflow
IF/ID : PC=00001074 INST=xxxxxxxx
ERROR: RTL trace FIFO overflow
IF/ID : PC=00001078 INST=xxxxxxxx
ERROR: RTL trace FIFO overflow
IF/ID : PC=0000107c INST=xxxxxxxx
ERROR: RTL trace FIFO overflow
IF/ID : PC=00001080 INST=xxxxxxxx
ERROR: RTL trace FIFO overflow
IF/ID : PC=00001084 INST=xxxxxxxx
ERROR: RTL trace FIFO overflow
IF/ID : PC=00001088 INST=xxxxxxxx
ERROR: RTL trace FIFO overflow
IF/ID : PC=0000108c INST=xxxxxxxx
ERROR: RTL trace FIFO overflow
IF/ID : PC=00001090 INST=xxxxxxxx
ERROR: RTL trace FIFO overflow
IF/ID : PC=00001094 INST=xxxxxxxx
ERROR: RTL trace FIFO overflow
IF/ID : PC=00001098 INST=xxxxxxxx
ERROR: RTL trace FIFO overflow
IF/ID : PC=0000109c INST=xxxxxxxx
ERROR: RTL trace FIFO overflow
IF/ID : PC=000010a0 INST=xxxxxxxx
ERROR: RTL trace FIFO overflow
IF/ID : PC=000010a4 INST=xxxxxxxx
ERROR: RTL trace FIFO overflow
IF/ID : PC=000010a8 INST=xxxxxxxx
ERROR: RTL trace FIFO overflow
IF/ID : PC=000010ac INST=xxxxxxxx
ERROR: RTL trace FIFO overflow
IF/ID : PC=000010b0 INST=xxxxxxxx
ERROR: RTL trace FIFO overflow
IF/ID : PC=000010b4 INST=xxxxxxxx
ERROR: RTL trace FIFO overflow
IF/ID : PC=000010b8 INST=xxxxxxxx
ERROR: RTL trace FIFO overflow
IF/ID : PC=000010bc INST=xxxxxxxx
ERROR: RTL trace FIFO overflow
IF/ID : PC=000010c0 INST=xxxxxxxx
ERROR: RTL trace FIFO overflow
IF/ID : PC=000010c4 INST=xxxxxxxx
ERROR: RTL trace FIFO overflow
IF/ID : PC=000010c8 INST=xxxxxxxx
ERROR: RTL trace FIFO overflow
IF/ID : PC=000010cc INST=xxxxxxxx
ERROR: RTL trace FIFO overflow
IF/ID : PC=000010d0 INST=xxxxxxxx
ERROR: RTL trace FIFO overflow
IF/ID : PC=000010d4 INST=xxxxxxxx
ERROR: RTL trace FIFO overflow
IF/ID : PC=000010d8 INST=xxxxxxxx
ERROR: RTL trace FIFO overflow
IF/ID : PC=000010dc INST=xxxxxxxx
ERROR: RTL trace FIFO overflow
IF/ID : PC=000010e0 INST=xxxxxxxx
ERROR: RTL trace FIFO overflow
IF/ID : PC=000010e4 INST=xxxxxxxx
ERROR: RTL trace FIFO overflow
IF/ID : PC=000010e8 INST=xxxxxxxx
ERROR: RTL trace FIFO overflow
IF/ID : PC=000010ec INST=xxxxxxxx
ERROR: RTL trace FIFO overflow
IF/ID : PC=000010f0 INST=xxxxxxxx
ERROR: RTL trace FIFO overflow
IF/ID : PC=000010f4 INST=xxxxxxxx
ERROR: RTL trace FIFO overflow
IF/ID : PC=000010f8 INST=xxxxxxxx
ERROR: RTL trace FIFO overflow
IF/ID : PC=000010fc INST=xxxxxxxx
ERROR: RTL trace FIFO overflow
IF/ID : PC=00001100 INST=xxxxxxxx
ERROR: RTL trace FIFO overflow
IF/ID : PC=00001104 INST=xxxxxxxx
ERROR: RTL trace FIFO overflow
IF/ID : PC=00001108 INST=xxxxxxxx
ERROR: RTL trace FIFO overflow
IF/ID : PC=0000110c INST=xxxxxxxx
ERROR: RTL trace FIFO overflow
IF/ID : PC=00001110 INST=xxxxxxxx
ERROR: RTL trace FIFO overflow
IF/ID : PC=00001114 INST=xxxxxxxx
ERROR: RTL trace FIFO overflow
IF/ID : PC=00001118 INST=xxxxxxxx
ERROR: RTL trace FIFO overflow
IF/ID : PC=0000111c INST=xxxxxxxx
ERROR: RTL trace FIFO overflow
IF/ID : PC=00001120 INST=xxxxxxxx
ERROR: RTL trace FIFO overflow
IF/ID : PC=00001124 INST=xxxxxxxx
ERROR: RTL trace FIFO overflow
IF/ID : PC=00001128 INST=xxxxxxxx
ERROR: RTL trace FIFO overflow
IF/ID : PC=0000112c INST=xxxxxxxx
ERROR: RTL trace FIFO overflow
IF/ID : PC=00001130 INST=xxxxxxxx
ERROR: RTL trace FIFO overflow
IF/ID : PC=00001134 INST=xxxxxxxx
ERROR: RTL trace FIFO overflow
IF/ID : PC=00001138 INST=xxxxxxxx
ERROR: RTL trace FIFO overflow
IF/ID : PC=0000113c INST=xxxxxxxx
ERROR: RTL trace FIFO overflow
IF/ID : PC=00001140 INST=xxxxxxxx
ERROR: RTL trace FIFO overflow
IF/ID : PC=00001144 INST=xxxxxxxx
ERROR: RTL trace FIFO overflow
IF/ID : PC=00001148 INST=xxxxxxxx
ERROR: RTL trace FIFO overflow
IF/ID : PC=0000114c INST=xxxxxxxx
ERROR: RTL trace FIFO overflow
IF/ID : PC=00001150 INST=xxxxxxxx
ERROR: RTL trace FIFO overflow
IF/ID : PC=00001154 INST=xxxxxxxx
ERROR: RTL trace FIFO overflow
IF/ID : PC=00001158 INST=xxxxxxxx
ERROR: RTL trace FIFO overflow
IF/ID : PC=0000115c INST=xxxxxxxx
ERROR: RTL trace FIFO overflow
IF/ID : PC=00001160 INST=xxxxxxxx
ERROR: RTL trace FIFO overflow
IF/ID : PC=00001164 INST=xxxxxxxx
ERROR: RTL trace FIFO overflow
IF/ID : PC=00001168 INST=xxxxxxxx
ERROR: RTL trace FIFO overflow
IF/ID : PC=0000116c INST=xxxxxxxx
ERROR: RTL trace FIFO overflow
IF/ID : PC=00001170 INST=xxxxxxxx
ERROR: RTL trace FIFO overflow
IF/ID : PC=00001174 INST=xxxxxxxx
ERROR: RTL trace FIFO overflow
IF/ID : PC=00001178 INST=xxxxxxxx
ERROR: RTL trace FIFO overflow
IF/ID : PC=0000117c INST=xxxxxxxx
ERROR: RTL trace FIFO overflow
IF/ID : PC=00001180 INST=xxxxxxxx
ERROR: RTL trace FIFO overflow
IF/ID : PC=00001184 INST=xxxxxxxx
ERROR: RTL trace FIFO overflow
IF/ID : PC=00001188 INST=xxxxxxxx
ERROR: RTL trace FIFO overflow
IF/ID : PC=0000118c INST=xxxxxxxx
ERROR: RTL trace FIFO overflow
IF/ID : PC=00001190 INST=xxxxxxxx
ERROR: RTL trace FIFO overflow
IF/ID : PC=00001194 INST=xxxxxxxx
ERROR: RTL trace FIFO overflow
IF/ID : PC=00001198 INST=xxxxxxxx
ERROR: RTL trace FIFO overflow
IF/ID : PC=0000119c INST=xxxxxxxx
ERROR: RTL trace FIFO overflow
IF/ID : PC=000011a0 INST=xxxxxxxx
ERROR: RTL trace FIFO overflow
IF/ID : PC=000011a4 INST=xxxxxxxx
ERROR: RTL trace FIFO overflow
IF/ID : PC=000011a8 INST=xxxxxxxx
ERROR: RTL trace FIFO overflow
IF/ID : PC=000011ac INST=xxxxxxxx
ERROR: RTL trace FIFO overflow
IF/ID : PC=000011b0 INST=xxxxxxxx
ERROR: RTL trace FIFO overflow
IF/ID : PC=000011b4 INST=xxxxxxxx
ERROR: RTL trace FIFO overflow
IF/ID : PC=000011b8 INST=xxxxxxxx
ERROR: RTL trace FIFO overflow
IF/ID : PC=000011bc INST=xxxxxxxx
ERROR: RTL trace FIFO overflow
IF/ID : PC=000011c0 INST=xxxxxxxx
ERROR: RTL trace FIFO overflow
IF/ID : PC=000011c4 INST=xxxxxxxx
ERROR: RTL trace FIFO overflow
IF/ID : PC=000011c8 INST=xxxxxxxx
ERROR: RTL trace FIFO overflow
IF/ID : PC=000011cc INST=xxxxxxxx
ERROR: RTL trace FIFO overflow
IF/ID : PC=000011d0 INST=xxxxxxxx
ERROR: RTL trace FIFO overflow
IF/ID : PC=000011d4 INST=xxxxxxxx
ERROR: RTL trace FIFO overflow
IF/ID : PC=000011d8 INST=xxxxxxxx
ERROR: RTL trace FIFO overflow
IF/ID : PC=000011dc INST=xxxxxxxx
ERROR: RTL trace FIFO overflow
IF/ID : PC=000011e0 INST=xxxxxxxx
ERROR: RTL trace FIFO overflow
IF/ID : PC=000011e4 INST=xxxxxxxx
ERROR: RTL trace FIFO overflow
IF/ID : PC=000011e8 INST=xxxxxxxx
ERROR: RTL trace FIFO overflow
IF/ID : PC=000011ec INST=xxxxxxxx
ERROR: RTL trace FIFO overflow
IF/ID : PC=000011f0 INST=xxxxxxxx
ERROR: RTL trace FIFO overflow
IF/ID : PC=000011f4 INST=xxxxxxxx
ERROR: RTL trace FIFO overflow
IF/ID : PC=000011f8 INST=xxxxxxxx
ERROR: RTL trace FIFO overflow
IF/ID : PC=000011fc INST=xxxxxxxx
ERROR: RTL trace FIFO overflow
IF/ID : PC=00001200 INST=xxxxxxxx
ERROR: RTL trace FIFO overflow
IF/ID : PC=00001204 INST=xxxxxxxx
ERROR: RTL trace FIFO overflow
IF/ID : PC=00001208 INST=xxxxxxxx
ERROR: RTL trace FIFO overflow
IF/ID : PC=0000120c INST=xxxxxxxx
ERROR: RTL trace FIFO overflow
IF/ID : PC=00001210 INST=xxxxxxxx
ERROR: RTL trace FIFO overflow
IF/ID : PC=00001214 INST=xxxxxxxx
ERROR: RTL trace FIFO overflow
IF/ID : PC=00001218 INST=xxxxxxxx
ERROR: RTL trace FIFO overflow
IF/ID : PC=0000121c INST=xxxxxxxx
ERROR: RTL trace FIFO overflow
IF/ID : PC=00001220 INST=xxxxxxxx
ERROR: RTL trace FIFO overflow
IF/ID : PC=00001224 INST=xxxxxxxx
ERROR: RTL trace FIFO overflow
IF/ID : PC=00001228 INST=xxxxxxxx
ERROR: RTL trace FIFO overflow
IF/ID : PC=0000122c INST=xxxxxxxx
ERROR: RTL trace FIFO overflow
IF/ID : PC=00001230 INST=xxxxxxxx
ERROR: RTL trace FIFO overflow
IF/ID : PC=00001234 INST=xxxxxxxx
ERROR: RTL trace FIFO overflow
IF/ID : PC=00001238 INST=xxxxxxxx
ERROR: RTL trace FIFO overflow
IF/ID : PC=0000123c INST=xxxxxxxx
ERROR: RTL trace FIFO overflow
IF/ID : PC=00001240 INST=xxxxxxxx
ERROR: RTL trace FIFO overflow
IF/ID : PC=00001244 INST=xxxxxxxx
ERROR: RTL trace FIFO overflow
IF/ID : PC=00001248 INST=xxxxxxxx
ERROR: RTL trace FIFO overflow
IF/ID : PC=0000124c INST=xxxxxxxx
ERROR: RTL trace FIFO overflow
IF/ID : PC=00001250 INST=xxxxxxxx
ERROR: RTL trace FIFO overflow
IF/ID : PC=00001254 INST=xxxxxxxx
ERROR: RTL trace FIFO overflow
IF/ID : PC=00001258 INST=xxxxxxxx
ERROR: RTL trace FIFO overflow
IF/ID : PC=0000125c INST=xxxxxxxx
ERROR: RTL trace FIFO overflow
IF/ID : PC=00001260 INST=xxxxxxxx
ERROR: RTL trace FIFO overflow
IF/ID : PC=00001264 INST=xxxxxxxx
ERROR: RTL trace FIFO overflow
IF/ID : PC=00001268 INST=xxxxxxxx
ERROR: RTL trace FIFO overflow
IF/ID : PC=0000126c INST=xxxxxxxx
ERROR: RTL trace FIFO overflow
IF/ID : PC=00001270 INST=xxxxxxxx
ERROR: RTL trace FIFO overflow
IF/ID : PC=00001274 INST=xxxxxxxx
ERROR: RTL trace FIFO overflow
IF/ID : PC=00001278 INST=xxxxxxxx
ERROR: RTL trace FIFO overflow
IF/ID : PC=0000127c INST=xxxxxxxx
ERROR: RTL trace FIFO overflow
IF/ID : PC=00001280 INST=xxxxxxxx
ERROR: RTL trace FIFO overflow
IF/ID : PC=00001284 INST=xxxxxxxx
ERROR: RTL trace FIFO overflow
IF/ID : PC=00001288 INST=xxxxxxxx
ERROR: RTL trace FIFO overflow
IF/ID : PC=0000128c INST=xxxxxxxx
ERROR: RTL trace FIFO overflow
IF/ID : PC=00001290 INST=xxxxxxxx
ERROR: RTL trace FIFO overflow
IF/ID : PC=00001294 INST=xxxxxxxx
ERROR: RTL trace FIFO overflow
IF/ID : PC=00001298 INST=xxxxxxxx
ERROR: RTL trace FIFO overflow
IF/ID : PC=0000129c INST=xxxxxxxx
ERROR: RTL trace FIFO overflow
IF/ID : PC=000012a0 INST=xxxxxxxx
ERROR: RTL trace FIFO overflow
IF/ID : PC=000012a4 INST=xxxxxxxx
ERROR: RTL trace FIFO overflow
IF/ID : PC=000012a8 INST=xxxxxxxx
ERROR: RTL trace FIFO overflow
IF/ID : PC=000012ac INST=xxxxxxxx
ERROR: RTL trace FIFO overflow
IF/ID : PC=000012b0 INST=xxxxxxxx
ERROR: RTL trace FIFO overflow
IF/ID : PC=000012b4 INST=xxxxxxxx
ERROR: RTL trace FIFO overflow
IF/ID : PC=000012b8 INST=xxxxxxxx
ERROR: RTL trace FIFO overflow
IF/ID : PC=000012bc INST=xxxxxxxx
ERROR: RTL trace FIFO overflow
IF/ID : PC=000012c0 INST=xxxxxxxx
ERROR: RTL trace FIFO overflow
IF/ID : PC=000012c4 INST=xxxxxxxx
ERROR: RTL trace FIFO overflow
IF/ID : PC=000012c8 INST=xxxxxxxx
ERROR: RTL trace FIFO overflow
IF/ID : PC=000012cc INST=xxxxxxxx
ERROR: RTL trace FIFO overflow
IF/ID : PC=000012d0 INST=xxxxxxxx
ERROR: RTL trace FIFO overflow
IF/ID : PC=000012d4 INST=xxxxxxxx
ERROR: RTL trace FIFO overflow
IF/ID : PC=000012d8 INST=xxxxxxxx
ERROR: RTL trace FIFO overflow
IF/ID : PC=000012dc INST=xxxxxxxx
ERROR: RTL trace FIFO overflow
IF/ID : PC=000012e0 INST=xxxxxxxx
ERROR: RTL trace FIFO overflow
IF/ID : PC=000012e4 INST=xxxxxxxx
ERROR: RTL trace FIFO overflow
IF/ID : PC=000012e8 INST=xxxxxxxx
ERROR: RTL trace FIFO overflow
IF/ID : PC=000012ec INST=xxxxxxxx
ERROR: RTL trace FIFO overflow
IF/ID : PC=000012f0 INST=xxxxxxxx
ERROR: RTL trace FIFO overflow
IF/ID : PC=000012f4 INST=xxxxxxxx
ERROR: RTL trace FIFO overflow
IF/ID : PC=000012f8 INST=xxxxxxxx
ERROR: RTL trace FIFO overflow
IF/ID : PC=000012fc INST=xxxxxxxx
ERROR: RTL trace FIFO overflow
IF/ID : PC=00001300 INST=xxxxxxxx
ERROR: RTL trace FIFO overflow
IF/ID : PC=00001304 INST=xxxxxxxx
ERROR: RTL trace FIFO overflow
IF/ID : PC=00001308 INST=xxxxxxxx
ERROR: RTL trace FIFO overflow
IF/ID : PC=0000130c INST=xxxxxxxx
ERROR: RTL trace FIFO overflow
IF/ID : PC=00001310 INST=xxxxxxxx
ERROR: RTL trace FIFO overflow
IF/ID : PC=00001314 INST=xxxxxxxx
ERROR: RTL trace FIFO overflow
IF/ID : PC=00001318 INST=xxxxxxxx
ERROR: RTL trace FIFO overflow
IF/ID : PC=0000131c INST=xxxxxxxx
ERROR: RTL trace FIFO overflow
IF/ID : PC=00001320 INST=xxxxxxxx
ERROR: RTL trace FIFO overflow
IF/ID : PC=00001324 INST=xxxxxxxx
ERROR: RTL trace FIFO overflow
IF/ID : PC=00001328 INST=xxxxxxxx
ERROR: RTL trace FIFO overflow
IF/ID : PC=0000132c INST=xxxxxxxx
ERROR: RTL trace FIFO overflow
IF/ID : PC=00001330 INST=xxxxxxxx
ERROR: RTL trace FIFO overflow
IF/ID : PC=00001334 INST=xxxxxxxx
ERROR: RTL trace FIFO overflow
IF/ID : PC=00001338 INST=xxxxxxxx
ERROR: RTL trace FIFO overflow
IF/ID : PC=0000133c INST=xxxxxxxx
ERROR: RTL trace FIFO overflow
IF/ID : PC=00001340 INST=xxxxxxxx
ERROR: RTL trace FIFO overflow
IF/ID : PC=00001344 INST=xxxxxxxx
ERROR: RTL trace FIFO overflow
IF/ID : PC=00001348 INST=xxxxxxxx
ERROR: RTL trace FIFO overflow
IF/ID : PC=0000134c INST=xxxxxxxx
ERROR: RTL trace FIFO overflow
IF/ID : PC=00001350 INST=xxxxxxxx
ERROR: RTL trace FIFO overflow
IF/ID : PC=00001354 INST=xxxxxxxx
ERROR: RTL trace FIFO overflow
IF/ID : PC=00001358 INST=xxxxxxxx
ERROR: RTL trace FIFO overflow
IF/ID : PC=0000135c INST=xxxxxxxx
ERROR: RTL trace FIFO overflow
IF/ID : PC=00001360 INST=xxxxxxxx
ERROR: RTL trace FIFO overflow
IF/ID : PC=00001364 INST=xxxxxxxx
ERROR: RTL trace FIFO overflow
IF/ID : PC=00001368 INST=xxxxxxxx
ERROR: RTL trace FIFO overflow
IF/ID : PC=0000136c INST=xxxxxxxx
ERROR: RTL trace FIFO overflow
IF/ID : PC=00001370 INST=xxxxxxxx
ERROR: RTL trace FIFO overflow
IF/ID : PC=00001374 INST=xxxxxxxx
ERROR: RTL trace FIFO overflow
IF/ID : PC=00001378 INST=xxxxxxxx
ERROR: RTL trace FIFO overflow
IF/ID : PC=0000137c INST=xxxxxxxx
ERROR: RTL trace FIFO overflow
IF/ID : PC=00001380 INST=xxxxxxxx
ERROR: RTL trace FIFO overflow
IF/ID : PC=00001384 INST=xxxxxxxx
ERROR: RTL trace FIFO overflow
IF/ID : PC=00001388 INST=xxxxxxxx
ERROR: RTL trace FIFO overflow
IF/ID : PC=0000138c INST=xxxxxxxx
ERROR: RTL trace FIFO overflow
IF/ID : PC=00001390 INST=xxxxxxxx
ERROR: RTL trace FIFO overflow
IF/ID : PC=00001394 INST=xxxxxxxx
ERROR: RTL trace FIFO overflow
IF/ID : PC=00001398 INST=xxxxxxxx
ERROR: RTL trace FIFO overflow
IF/ID : PC=0000139c INST=xxxxxxxx
ERROR: RTL trace FIFO overflow
IF/ID : PC=000013a0 INST=xxxxxxxx
ERROR: RTL trace FIFO overflow
IF/ID : PC=000013a4 INST=xxxxxxxx
ERROR: RTL trace FIFO overflow
IF/ID : PC=000013a8 INST=xxxxxxxx
ERROR: RTL trace FIFO overflow
IF/ID : PC=000013ac INST=xxxxxxxx
ERROR: RTL trace FIFO overflow
IF/ID : PC=000013b0 INST=xxxxxxxx
ERROR: RTL trace FIFO overflow
IF/ID : PC=000013b4 INST=xxxxxxxx
ERROR: RTL trace FIFO overflow
IF/ID : PC=000013b8 INST=xxxxxxxx
ERROR: RTL trace FIFO overflow
IF/ID : PC=000013bc INST=xxxxxxxx
ERROR: RTL trace FIFO overflow
IF/ID : PC=000013c0 INST=xxxxxxxx
ERROR: RTL trace FIFO overflow
IF/ID : PC=000013c4 INST=xxxxxxxx
ERROR: RTL trace FIFO overflow
IF/ID : PC=000013c8 INST=xxxxxxxx
ERROR: RTL trace FIFO overflow
IF/ID : PC=000013cc INST=xxxxxxxx
ERROR: RTL trace FIFO overflow
IF/ID : PC=000013d0 INST=xxxxxxxx
ERROR: RTL trace FIFO overflow
IF/ID : PC=000013d4 INST=xxxxxxxx
ERROR: RTL trace FIFO overflow
IF/ID : PC=000013d8 INST=xxxxxxxx
ERROR: RTL trace FIFO overflow
IF/ID : PC=000013dc INST=xxxxxxxx
ERROR: RTL trace FIFO overflow
IF/ID : PC=000013e0 INST=xxxxxxxx
ERROR: RTL trace FIFO overflow
IF/ID : PC=000013e4 INST=xxxxxxxx
ERROR: RTL trace FIFO overflow
IF/ID : PC=000013e8 INST=xxxxxxxx
ERROR: RTL trace FIFO overflow
IF/ID : PC=000013ec INST=xxxxxxxx
ERROR: RTL trace FIFO overflow
IF/ID : PC=000013f0 INST=xxxxxxxx
ERROR: RTL trace FIFO overflow
IF/ID : PC=000013f4 INST=xxxxxxxx
ERROR: RTL trace FIFO overflow
IF/ID : PC=000013f8 INST=xxxxxxxx
ERROR: RTL trace FIFO overflow
IF/ID : PC=000013fc INST=xxxxxxxx
ERROR: RTL trace FIFO overflow
IF/ID : PC=00001400 INST=xxxxxxxx
ERROR: RTL trace FIFO overflow
IF/ID : PC=00001404 INST=xxxxxxxx
ERROR: RTL trace FIFO overflow
IF/ID : PC=00001408 INST=xxxxxxxx
ERROR: RTL trace FIFO overflow
IF/ID : PC=0000140c INST=xxxxxxxx
ERROR: RTL trace FIFO overflow
IF/ID : PC=00001410 INST=xxxxxxxx
ERROR: RTL trace FIFO overflow
IF/ID : PC=00001414 INST=xxxxxxxx
ERROR: RTL trace FIFO overflow
IF/ID : PC=00001418 INST=xxxxxxxx
ERROR: RTL trace FIFO overflow
IF/ID : PC=0000141c INST=xxxxxxxx
ERROR: RTL trace FIFO overflow
IF/ID : PC=00001420 INST=xxxxxxxx
ERROR: RTL trace FIFO overflow
IF/ID : PC=00001424 INST=xxxxxxxx
ERROR: RTL trace FIFO overflow
IF/ID : PC=00001428 INST=xxxxxxxx
ERROR: RTL trace FIFO overflow
IF/ID : PC=0000142c INST=xxxxxxxx
ERROR: RTL trace FIFO overflow
IF/ID : PC=00001430 INST=xxxxxxxx
ERROR: RTL trace FIFO overflow
IF/ID : PC=00001434 INST=xxxxxxxx
ERROR: RTL trace FIFO overflow
IF/ID : PC=00001438 INST=xxxxxxxx
ERROR: RTL trace FIFO overflow
IF/ID : PC=0000143c INST=xxxxxxxx
ERROR: RTL trace FIFO overflow
IF/ID : PC=00001440 INST=xxxxxxxx
ERROR: RTL trace FIFO overflow
IF/ID : PC=00001444 INST=xxxxxxxx
ERROR: RTL trace FIFO overflow
IF/ID : PC=00001448 INST=xxxxxxxx
ERROR: RTL trace FIFO overflow
IF/ID : PC=0000144c INST=xxxxxxxx
ERROR: RTL trace FIFO overflow
IF/ID : PC=00001450 INST=xxxxxxxx
ERROR: RTL trace FIFO overflow
IF/ID : PC=00001454 INST=xxxxxxxx
ERROR: RTL trace FIFO overflow
IF/ID : PC=00001458 INST=xxxxxxxx
ERROR: RTL trace FIFO overflow
IF/ID : PC=0000145c INST=xxxxxxxx
ERROR: RTL trace FIFO overflow
IF/ID : PC=00001460 INST=xxxxxxxx
ERROR: RTL trace FIFO overflow
IF/ID : PC=00001464 INST=xxxxxxxx
ERROR: RTL trace FIFO overflow
IF/ID : PC=00001468 INST=xxxxxxxx
ERROR: RTL trace FIFO overflow
IF/ID : PC=0000146c INST=xxxxxxxx
ERROR: RTL trace FIFO overflow
IF/ID : PC=00001470 INST=xxxxxxxx
ERROR: RTL trace FIFO overflow
IF/ID : PC=00001474 INST=xxxxxxxx
ERROR: RTL trace FIFO overflow
IF/ID : PC=00001478 INST=xxxxxxxx
ERROR: RTL trace FIFO overflow
IF/ID : PC=0000147c INST=xxxxxxxx
ERROR: RTL trace FIFO overflow
IF/ID : PC=00001480 INST=xxxxxxxx
ERROR: RTL trace FIFO overflow
IF/ID : PC=00001484 INST=xxxxxxxx
ERROR: RTL trace FIFO overflow
IF/ID : PC=00001488 INST=xxxxxxxx
ERROR: RTL trace FIFO overflow
IF/ID : PC=0000148c INST=xxxxxxxx
ERROR: RTL trace FIFO overflow
IF/ID : PC=00001490 INST=xxxxxxxx
ERROR: RTL trace FIFO overflow
IF/ID : PC=00001494 INST=xxxxxxxx
ERROR: RTL trace FIFO overflow
IF/ID : PC=00001498 INST=xxxxxxxx
ERROR: RTL trace FIFO overflow
IF/ID : PC=0000149c INST=xxxxxxxx
ERROR: RTL trace FIFO overflow
IF/ID : PC=000014a0 INST=xxxxxxxx
ERROR: RTL trace FIFO overflow
IF/ID : PC=000014a4 INST=xxxxxxxx
ERROR: RTL trace FIFO overflow
IF/ID : PC=000014a8 INST=xxxxxxxx
ERROR: RTL trace FIFO overflow
IF/ID : PC=000014ac INST=xxxxxxxx
ERROR: RTL trace FIFO overflow
IF/ID : PC=000014b0 INST=xxxxxxxx
ERROR: RTL trace FIFO overflow
IF/ID : PC=000014b4 INST=xxxxxxxx
ERROR: RTL trace FIFO overflow
IF/ID : PC=000014b8 INST=xxxxxxxx
ERROR: RTL trace FIFO overflow
IF/ID : PC=000014bc INST=xxxxxxxx
ERROR: RTL trace FIFO overflow
IF/ID : PC=000014c0 INST=xxxxxxxx
ERROR: RTL trace FIFO overflow
IF/ID : PC=000014c4 INST=xxxxxxxx
ERROR: RTL trace FIFO overflow
IF/ID : PC=000014c8 INST=xxxxxxxx
ERROR: RTL trace FIFO overflow
IF/ID : PC=000014cc INST=xxxxxxxx
ERROR: RTL trace FIFO overflow
IF/ID : PC=000014d0 INST=xxxxxxxx
ERROR: RTL trace FIFO overflow
IF/ID : PC=000014d4 INST=xxxxxxxx
ERROR: RTL trace FIFO overflow
IF/ID : PC=000014d8 INST=xxxxxxxx
ERROR: RTL trace FIFO overflow
IF/ID : PC=000014dc INST=xxxxxxxx
ERROR: RTL trace FIFO overflow
IF/ID : PC=000014e0 INST=xxxxxxxx
ERROR: RTL trace FIFO overflow
IF/ID : PC=000014e4 INST=xxxxxxxx
ERROR: RTL trace FIFO overflow
IF/ID : PC=000014e8 INST=xxxxxxxx
ERROR: RTL trace FIFO overflow
IF/ID : PC=000014ec INST=xxxxxxxx
ERROR: RTL trace FIFO overflow
IF/ID : PC=000014f0 INST=xxxxxxxx
ERROR: RTL trace FIFO overflow
IF/ID : PC=000014f4 INST=xxxxxxxx
ERROR: RTL trace FIFO overflow
IF/ID : PC=000014f8 INST=xxxxxxxx
ERROR: RTL trace FIFO overflow
IF/ID : PC=000014fc INST=xxxxxxxx
ERROR: RTL trace FIFO overflow
IF/ID : PC=00001500 INST=xxxxxxxx
ERROR: RTL trace FIFO overflow
IF/ID : PC=00001504 INST=xxxxxxxx
ERROR: RTL trace FIFO overflow
IF/ID : PC=00001508 INST=xxxxxxxx
ERROR: RTL trace FIFO overflow
IF/ID : PC=0000150c INST=xxxxxxxx
ERROR: RTL trace FIFO overflow
IF/ID : PC=00001510 INST=xxxxxxxx
ERROR: RTL trace FIFO overflow
IF/ID : PC=00001514 INST=xxxxxxxx
ERROR: RTL trace FIFO overflow
IF/ID : PC=00001518 INST=xxxxxxxx
ERROR: RTL trace FIFO overflow
IF/ID : PC=0000151c INST=xxxxxxxx
ERROR: RTL trace FIFO overflow
IF/ID : PC=00001520 INST=xxxxxxxx
ERROR: RTL trace FIFO overflow
IF/ID : PC=00001524 INST=xxxxxxxx
ERROR: RTL trace FIFO overflow
IF/ID : PC=00001528 INST=xxxxxxxx
ERROR: RTL trace FIFO overflow
IF/ID : PC=0000152c INST=xxxxxxxx
ERROR: RTL trace FIFO overflow
IF/ID : PC=00001530 INST=xxxxxxxx
ERROR: RTL trace FIFO overflow
IF/ID : PC=00001534 INST=xxxxxxxx
ERROR: RTL trace FIFO overflow
IF/ID : PC=00001538 INST=xxxxxxxx
ERROR: RTL trace FIFO overflow
IF/ID : PC=0000153c INST=xxxxxxxx
ERROR: RTL trace FIFO overflow
IF/ID : PC=00001540 INST=xxxxxxxx
ERROR: RTL trace FIFO overflow
IF/ID : PC=00001544 INST=xxxxxxxx
ERROR: RTL trace FIFO overflow
IF/ID : PC=00001548 INST=xxxxxxxx
ERROR: RTL trace FIFO overflow
IF/ID : PC=0000154c INST=xxxxxxxx
ERROR: RTL trace FIFO overflow
IF/ID : PC=00001550 INST=xxxxxxxx
ERROR: RTL trace FIFO overflow
IF/ID : PC=00001554 INST=xxxxxxxx
ERROR: RTL trace FIFO overflow
IF/ID : PC=00001558 INST=xxxxxxxx
ERROR: RTL trace FIFO overflow
IF/ID : PC=0000155c INST=xxxxxxxx
ERROR: RTL trace FIFO overflow
IF/ID : PC=00001560 INST=xxxxxxxx
ERROR: RTL trace FIFO overflow
IF/ID : PC=00001564 INST=xxxxxxxx
ERROR: RTL trace FIFO overflow
IF/ID : PC=00001568 INST=xxxxxxxx
ERROR: RTL trace FIFO overflow
IF/ID : PC=0000156c INST=xxxxxxxx
ERROR: RTL trace FIFO overflow
IF/ID : PC=00001570 INST=xxxxxxxx
ERROR: RTL trace FIFO overflow
IF/ID : PC=00001574 INST=xxxxxxxx
ERROR: RTL trace FIFO overflow
IF/ID : PC=00001578 INST=xxxxxxxx
ERROR: RTL trace FIFO overflow
IF/ID : PC=0000157c INST=xxxxxxxx
ERROR: RTL trace FIFO overflow
IF/ID : PC=00001580 INST=xxxxxxxx
ERROR: RTL trace FIFO overflow
IF/ID : PC=00001584 INST=xxxxxxxx
ERROR: RTL trace FIFO overflow
IF/ID : PC=00001588 INST=xxxxxxxx
ERROR: RTL trace FIFO overflow
IF/ID : PC=0000158c INST=xxxxxxxx
ERROR: RTL trace FIFO overflow
IF/ID : PC=00001590 INST=xxxxxxxx
ERROR: RTL trace FIFO overflow
IF/ID : PC=00001594 INST=xxxxxxxx
ERROR: RTL trace FIFO overflow
IF/ID : PC=00001598 INST=xxxxxxxx
ERROR: RTL trace FIFO overflow
IF/ID : PC=0000159c INST=xxxxxxxx
ERROR: RTL trace FIFO overflow
IF/ID : PC=000015a0 INST=xxxxxxxx
ERROR: RTL trace FIFO overflow
IF/ID : PC=000015a4 INST=xxxxxxxx
ERROR: RTL trace FIFO overflow
IF/ID : PC=000015a8 INST=xxxxxxxx
ERROR: RTL trace FIFO overflow
IF/ID : PC=000015ac INST=xxxxxxxx
ERROR: RTL trace FIFO overflow
IF/ID : PC=000015b0 INST=xxxxxxxx
ERROR: RTL trace FIFO overflow
IF/ID : PC=000015b4 INST=xxxxxxxx
ERROR: RTL trace FIFO overflow
IF/ID : PC=000015b8 INST=xxxxxxxx
ERROR: RTL trace FIFO overflow
IF/ID : PC=000015bc INST=xxxxxxxx
ERROR: RTL trace FIFO overflow
IF/ID : PC=000015c0 INST=xxxxxxxx
ERROR: RTL trace FIFO overflow
IF/ID : PC=000015c4 INST=xxxxxxxx
ERROR: RTL trace FIFO overflow
IF/ID : PC=000015c8 INST=xxxxxxxx
ERROR: RTL trace FIFO overflow
IF/ID : PC=000015cc INST=xxxxxxxx
ERROR: RTL trace FIFO overflow
IF/ID : PC=000015d0 INST=xxxxxxxx
ERROR: RTL trace FIFO overflow
IF/ID : PC=000015d4 INST=xxxxxxxx
ERROR: RTL trace FIFO overflow
IF/ID : PC=000015d8 INST=xxxxxxxx
ERROR: RTL trace FIFO overflow
IF/ID : PC=000015dc INST=xxxxxxxx
ERROR: RTL trace FIFO overflow
IF/ID : PC=000015e0 INST=xxxxxxxx
ERROR: RTL trace FIFO overflow
IF/ID : PC=000015e4 INST=xxxxxxxx
ERROR: RTL trace FIFO overflow
IF/ID : PC=000015e8 INST=xxxxxxxx
ERROR: RTL trace FIFO overflow
IF/ID : PC=000015ec INST=xxxxxxxx
ERROR: RTL trace FIFO overflow
IF/ID : PC=000015f0 INST=xxxxxxxx
ERROR: RTL trace FIFO overflow
IF/ID : PC=000015f4 INST=xxxxxxxx
ERROR: RTL trace FIFO overflow
IF/ID : PC=000015f8 INST=xxxxxxxx
ERROR: RTL trace FIFO overflow
IF/ID : PC=000015fc INST=xxxxxxxx
ERROR: RTL trace FIFO overflow
IF/ID : PC=00001600 INST=xxxxxxxx
ERROR: RTL trace FIFO overflow
IF/ID : PC=00001604 INST=xxxxxxxx
ERROR: RTL trace FIFO overflow
IF/ID : PC=00001608 INST=xxxxxxxx
ERROR: RTL trace FIFO overflow
IF/ID : PC=0000160c INST=xxxxxxxx
ERROR: RTL trace FIFO overflow
IF/ID : PC=00001610 INST=xxxxxxxx
ERROR: RTL trace FIFO overflow
IF/ID : PC=00001614 INST=xxxxxxxx
ERROR: RTL trace FIFO overflow
IF/ID : PC=00001618 INST=xxxxxxxx
ERROR: RTL trace FIFO overflow
IF/ID : PC=0000161c INST=xxxxxxxx
ERROR: RTL trace FIFO overflow
IF/ID : PC=00001620 INST=xxxxxxxx
ERROR: RTL trace FIFO overflow
IF/ID : PC=00001624 INST=xxxxxxxx
ERROR: RTL trace FIFO overflow
IF/ID : PC=00001628 INST=xxxxxxxx
ERROR: RTL trace FIFO overflow
IF/ID : PC=0000162c INST=xxxxxxxx
ERROR: RTL trace FIFO overflow
IF/ID : PC=00001630 INST=xxxxxxxx
ERROR: RTL trace FIFO overflow
IF/ID : PC=00001634 INST=xxxxxxxx
ERROR: RTL trace FIFO overflow
IF/ID : PC=00001638 INST=xxxxxxxx
ERROR: RTL trace FIFO overflow
IF/ID : PC=0000163c INST=xxxxxxxx
ERROR: RTL trace FIFO overflow
IF/ID : PC=00001640 INST=xxxxxxxx
ERROR: RTL trace FIFO overflow
IF/ID : PC=00001644 INST=xxxxxxxx
ERROR: RTL trace FIFO overflow
IF/ID : PC=00001648 INST=xxxxxxxx
ERROR: RTL trace FIFO overflow
IF/ID : PC=0000164c INST=xxxxxxxx
ERROR: RTL trace FIFO overflow
IF/ID : PC=00001650 INST=xxxxxxxx
ERROR: RTL trace FIFO overflow
IF/ID : PC=00001654 INST=xxxxxxxx
ERROR: RTL trace FIFO overflow
IF/ID : PC=00001658 INST=xxxxxxxx
ERROR: RTL trace FIFO overflow
IF/ID : PC=0000165c INST=xxxxxxxx
ERROR: RTL trace FIFO overflow
IF/ID : PC=00001660 INST=xxxxxxxx
ERROR: RTL trace FIFO overflow
IF/ID : PC=00001664 INST=xxxxxxxx
ERROR: RTL trace FIFO overflow
IF/ID : PC=00001668 INST=xxxxxxxx
ERROR: RTL trace FIFO overflow
IF/ID : PC=0000166c INST=xxxxxxxx
ERROR: RTL trace FIFO overflow
IF/ID : PC=00001670 INST=xxxxxxxx
ERROR: RTL trace FIFO overflow
IF/ID : PC=00001674 INST=xxxxxxxx
ERROR: RTL trace FIFO overflow
IF/ID : PC=00001678 INST=xxxxxxxx
ERROR: RTL trace FIFO overflow
IF/ID : PC=0000167c INST=xxxxxxxx
ERROR: RTL trace FIFO overflow
IF/ID : PC=00001680 INST=xxxxxxxx
ERROR: RTL trace FIFO overflow
IF/ID : PC=00001684 INST=xxxxxxxx
ERROR: RTL trace FIFO overflow
IF/ID : PC=00001688 INST=xxxxxxxx
ERROR: RTL trace FIFO overflow
IF/ID : PC=0000168c INST=xxxxxxxx
ERROR: RTL trace FIFO overflow
IF/ID : PC=00001690 INST=xxxxxxxx
ERROR: RTL trace FIFO overflow
IF/ID : PC=00001694 INST=xxxxxxxx
ERROR: RTL trace FIFO overflow
IF/ID : PC=00001698 INST=xxxxxxxx
ERROR: RTL trace FIFO overflow
IF/ID : PC=0000169c INST=xxxxxxxx
ERROR: RTL trace FIFO overflow
IF/ID : PC=000016a0 INST=xxxxxxxx
ERROR: RTL trace FIFO overflow
IF/ID : PC=000016a4 INST=xxxxxxxx
ERROR: RTL trace FIFO overflow
IF/ID : PC=000016a8 INST=xxxxxxxx
ERROR: RTL trace FIFO overflow
IF/ID : PC=000016ac INST=xxxxxxxx
ERROR: RTL trace FIFO overflow
IF/ID : PC=000016b0 INST=xxxxxxxx
ERROR: RTL trace FIFO overflow
IF/ID : PC=000016b4 INST=xxxxxxxx
ERROR: RTL trace FIFO overflow
IF/ID : PC=000016b8 INST=xxxxxxxx
ERROR: RTL trace FIFO overflow
IF/ID : PC=000016bc INST=xxxxxxxx
ERROR: RTL trace FIFO overflow
IF/ID : PC=000016c0 INST=xxxxxxxx
ERROR: RTL trace FIFO overflow
IF/ID : PC=000016c4 INST=xxxxxxxx
ERROR: RTL trace FIFO overflow
IF/ID : PC=000016c8 INST=xxxxxxxx
ERROR: RTL trace FIFO overflow
IF/ID : PC=000016cc INST=xxxxxxxx
ERROR: RTL trace FIFO overflow
IF/ID : PC=000016d0 INST=xxxxxxxx
ERROR: RTL trace FIFO overflow
IF/ID : PC=000016d4 INST=xxxxxxxx
ERROR: RTL trace FIFO overflow
IF/ID : PC=000016d8 INST=xxxxxxxx
ERROR: RTL trace FIFO overflow
IF/ID : PC=000016dc INST=xxxxxxxx
ERROR: RTL trace FIFO overflow
IF/ID : PC=000016e0 INST=xxxxxxxx
ERROR: RTL trace FIFO overflow
IF/ID : PC=000016e4 INST=xxxxxxxx
ERROR: RTL trace FIFO overflow
IF/ID : PC=000016e8 INST=xxxxxxxx
ERROR: RTL trace FIFO overflow
IF/ID : PC=000016ec INST=xxxxxxxx
ERROR: RTL trace FIFO overflow
IF/ID : PC=000016f0 INST=xxxxxxxx
ERROR: RTL trace FIFO overflow
IF/ID : PC=000016f4 INST=xxxxxxxx
ERROR: RTL trace FIFO overflow
IF/ID : PC=000016f8 INST=xxxxxxxx
ERROR: RTL trace FIFO overflow
IF/ID : PC=000016fc INST=xxxxxxxx
ERROR: RTL trace FIFO overflow
IF/ID : PC=00001700 INST=xxxxxxxx
ERROR: RTL trace FIFO overflow
IF/ID : PC=00001704 INST=xxxxxxxx
ERROR: RTL trace FIFO overflow
IF/ID : PC=00001708 INST=xxxxxxxx
ERROR: RTL trace FIFO overflow
IF/ID : PC=0000170c INST=xxxxxxxx
ERROR: RTL trace FIFO overflow
IF/ID : PC=00001710 INST=xxxxxxxx
ERROR: RTL trace FIFO overflow
IF/ID : PC=00001714 INST=xxxxxxxx
ERROR: RTL trace FIFO overflow
IF/ID : PC=00001718 INST=xxxxxxxx
ERROR: RTL trace FIFO overflow
IF/ID : PC=0000171c INST=xxxxxxxx
ERROR: RTL trace FIFO overflow
IF/ID : PC=00001720 INST=xxxxxxxx
ERROR: RTL trace FIFO overflow
IF/ID : PC=00001724 INST=xxxxxxxx
ERROR: RTL trace FIFO overflow
IF/ID : PC=00001728 INST=xxxxxxxx
ERROR: RTL trace FIFO overflow
IF/ID : PC=0000172c INST=xxxxxxxx
ERROR: RTL trace FIFO overflow
IF/ID : PC=00001730 INST=xxxxxxxx
ERROR: RTL trace FIFO overflow
IF/ID : PC=00001734 INST=xxxxxxxx
ERROR: RTL trace FIFO overflow
IF/ID : PC=00001738 INST=xxxxxxxx
ERROR: RTL trace FIFO overflow
IF/ID : PC=0000173c INST=xxxxxxxx
ERROR: RTL trace FIFO overflow
IF/ID : PC=00001740 INST=xxxxxxxx
ERROR: RTL trace FIFO overflow
IF/ID : PC=00001744 INST=xxxxxxxx
ERROR: RTL trace FIFO overflow
IF/ID : PC=00001748 INST=xxxxxxxx
ERROR: RTL trace FIFO overflow
IF/ID : PC=0000174c INST=xxxxxxxx
ERROR: RTL trace FIFO overflow
IF/ID : PC=00001750 INST=xxxxxxxx
ERROR: RTL trace FIFO overflow
IF/ID : PC=00001754 INST=xxxxxxxx
ERROR: RTL trace FIFO overflow
IF/ID : PC=00001758 INST=xxxxxxxx
ERROR: RTL trace FIFO overflow
IF/ID : PC=0000175c INST=xxxxxxxx
ERROR: RTL trace FIFO overflow
IF/ID : PC=00001760 INST=xxxxxxxx
ERROR: RTL trace FIFO overflow
IF/ID : PC=00001764 INST=xxxxxxxx
ERROR: RTL trace FIFO overflow
IF/ID : PC=00001768 INST=xxxxxxxx
ERROR: RTL trace FIFO overflow
IF/ID : PC=0000176c INST=xxxxxxxx
ERROR: RTL trace FIFO overflow
IF/ID : PC=00001770 INST=xxxxxxxx
ERROR: RTL trace FIFO overflow
IF/ID : PC=00001774 INST=xxxxxxxx
ERROR: RTL trace FIFO overflow
IF/ID : PC=00001778 INST=xxxxxxxx
ERROR: RTL trace FIFO overflow
IF/ID : PC=0000177c INST=xxxxxxxx
ERROR: RTL trace FIFO overflow
IF/ID : PC=00001780 INST=xxxxxxxx
ERROR: RTL trace FIFO overflow
IF/ID : PC=00001784 INST=xxxxxxxx
ERROR: RTL trace FIFO overflow
IF/ID : PC=00001788 INST=xxxxxxxx
ERROR: RTL trace FIFO overflow
IF/ID : PC=0000178c INST=xxxxxxxx
ERROR: RTL trace FIFO overflow
IF/ID : PC=00001790 INST=xxxxxxxx
ERROR: RTL trace FIFO overflow
IF/ID : PC=00001794 INST=xxxxxxxx
ERROR: RTL trace FIFO overflow
IF/ID : PC=00001798 INST=xxxxxxxx
ERROR: RTL trace FIFO overflow
IF/ID : PC=0000179c INST=xxxxxxxx
ERROR: RTL trace FIFO overflow
IF/ID : PC=000017a0 INST=xxxxxxxx
ERROR: RTL trace FIFO overflow
IF/ID : PC=000017a4 INST=xxxxxxxx
ERROR: RTL trace FIFO overflow
IF/ID : PC=000017a8 INST=xxxxxxxx
ERROR: RTL trace FIFO overflow
IF/ID : PC=000017ac INST=xxxxxxxx
ERROR: RTL trace FIFO overflow
IF/ID : PC=000017b0 INST=xxxxxxxx
ERROR: RTL trace FIFO overflow
IF/ID : PC=000017b4 INST=xxxxxxxx
ERROR: RTL trace FIFO overflow
IF/ID : PC=000017b8 INST=xxxxxxxx
ERROR: RTL trace FIFO overflow
IF/ID : PC=000017bc INST=xxxxxxxx
ERROR: RTL trace FIFO overflow
IF/ID : PC=000017c0 INST=xxxxxxxx
ERROR: RTL trace FIFO overflow
IF/ID : PC=000017c4 INST=xxxxxxxx
ERROR: RTL trace FIFO overflow
IF/ID : PC=000017c8 INST=xxxxxxxx
ERROR: RTL trace FIFO overflow
IF/ID : PC=000017cc INST=xxxxxxxx
ERROR: RTL trace FIFO overflow
IF/ID : PC=000017d0 INST=xxxxxxxx
ERROR: RTL trace FIFO overflow
IF/ID : PC=000017d4 INST=xxxxxxxx
ERROR: RTL trace FIFO overflow
IF/ID : PC=000017d8 INST=xxxxxxxx
ERROR: RTL trace FIFO overflow
IF/ID : PC=000017dc INST=xxxxxxxx
ERROR: RTL trace FIFO overflow
IF/ID : PC=000017e0 INST=xxxxxxxx
ERROR: RTL trace FIFO overflow
IF/ID : PC=000017e4 INST=xxxxxxxx
ERROR: RTL trace FIFO overflow
IF/ID : PC=000017e8 INST=xxxxxxxx
ERROR: RTL trace FIFO overflow
IF/ID : PC=000017ec INST=xxxxxxxx
ERROR: RTL trace FIFO overflow
IF/ID : PC=000017f0 INST=xxxxxxxx
ERROR: RTL trace FIFO overflow
IF/ID : PC=000017f4 INST=xxxxxxxx
ERROR: RTL trace FIFO overflow
IF/ID : PC=000017f8 INST=xxxxxxxx
ERROR: RTL trace FIFO overflow
IF/ID : PC=000017fc INST=xxxxxxxx
ERROR: RTL trace FIFO overflow
IF/ID : PC=00001800 INST=xxxxxxxx
ERROR: RTL trace FIFO overflow
IF/ID : PC=00001804 INST=xxxxxxxx
ERROR: RTL trace FIFO overflow
IF/ID : PC=00001808 INST=xxxxxxxx
ERROR: RTL trace FIFO overflow
IF/ID : PC=0000180c INST=xxxxxxxx
ERROR: RTL trace FIFO overflow
IF/ID : PC=00001810 INST=xxxxxxxx
ERROR: RTL trace FIFO overflow
IF/ID : PC=00001814 INST=xxxxxxxx
ERROR: RTL trace FIFO overflow
IF/ID : PC=00001818 INST=xxxxxxxx
ERROR: RTL trace FIFO overflow
IF/ID : PC=0000181c INST=xxxxxxxx
ERROR: RTL trace FIFO overflow
IF/ID : PC=00001820 INST=xxxxxxxx
ERROR: RTL trace FIFO overflow
IF/ID : PC=00001824 INST=xxxxxxxx
ERROR: RTL trace FIFO overflow
IF/ID : PC=00001828 INST=xxxxxxxx
ERROR: RTL trace FIFO overflow
IF/ID : PC=0000182c INST=xxxxxxxx
ERROR: RTL trace FIFO overflow
IF/ID : PC=00001830 INST=xxxxxxxx
ERROR: RTL trace FIFO overflow
IF/ID : PC=00001834 INST=xxxxxxxx
ERROR: RTL trace FIFO overflow
IF/ID : PC=00001838 INST=xxxxxxxx
ERROR: RTL trace FIFO overflow
IF/ID : PC=0000183c INST=xxxxxxxx
ERROR: RTL trace FIFO overflow
IF/ID : PC=00001840 INST=xxxxxxxx
ERROR: RTL trace FIFO overflow
IF/ID : PC=00001844 INST=xxxxxxxx
ERROR: RTL trace FIFO overflow
IF/ID : PC=00001848 INST=xxxxxxxx
ERROR: RTL trace FIFO overflow
IF/ID : PC=0000184c INST=xxxxxxxx
ERROR: RTL trace FIFO overflow
IF/ID : PC=00001850 INST=xxxxxxxx
ERROR: RTL trace FIFO overflow
IF/ID : PC=00001854 INST=xxxxxxxx
ERROR: RTL trace FIFO overflow
IF/ID : PC=00001858 INST=xxxxxxxx
ERROR: RTL trace FIFO overflow
IF/ID : PC=0000185c INST=xxxxxxxx
ERROR: RTL trace FIFO overflow
IF/ID : PC=00001860 INST=xxxxxxxx
ERROR: RTL trace FIFO overflow
IF/ID : PC=00001864 INST=xxxxxxxx
ERROR: RTL trace FIFO overflow
IF/ID : PC=00001868 INST=xxxxxxxx
ERROR: RTL trace FIFO overflow
IF/ID : PC=0000186c INST=xxxxxxxx
ERROR: RTL trace FIFO overflow
IF/ID : PC=00001870 INST=xxxxxxxx
ERROR: RTL trace FIFO overflow
IF/ID : PC=00001874 INST=xxxxxxxx
ERROR: RTL trace FIFO overflow
IF/ID : PC=00001878 INST=xxxxxxxx
ERROR: RTL trace FIFO overflow
IF/ID : PC=0000187c INST=xxxxxxxx
ERROR: RTL trace FIFO overflow
IF/ID : PC=00001880 INST=xxxxxxxx
ERROR: RTL trace FIFO overflow
IF/ID : PC=00001884 INST=xxxxxxxx
ERROR: RTL trace FIFO overflow
IF/ID : PC=00001888 INST=xxxxxxxx
ERROR: RTL trace FIFO overflow
IF/ID : PC=0000188c INST=xxxxxxxx
ERROR: RTL trace FIFO overflow
IF/ID : PC=00001890 INST=xxxxxxxx
ERROR: RTL trace FIFO overflow
IF/ID : PC=00001894 INST=xxxxxxxx
ERROR: RTL trace FIFO overflow
IF/ID : PC=00001898 INST=xxxxxxxx
ERROR: RTL trace FIFO overflow
IF/ID : PC=0000189c INST=xxxxxxxx
ERROR: RTL trace FIFO overflow
IF/ID : PC=000018a0 INST=xxxxxxxx
ERROR: RTL trace FIFO overflow
IF/ID : PC=000018a4 INST=xxxxxxxx
ERROR: RTL trace FIFO overflow
IF/ID : PC=000018a8 INST=xxxxxxxx
ERROR: RTL trace FIFO overflow
IF/ID : PC=000018ac INST=xxxxxxxx
ERROR: RTL trace FIFO overflow
IF/ID : PC=000018b0 INST=xxxxxxxx
ERROR: RTL trace FIFO overflow
IF/ID : PC=000018b4 INST=xxxxxxxx
ERROR: RTL trace FIFO overflow
IF/ID : PC=000018b8 INST=xxxxxxxx
ERROR: RTL trace FIFO overflow
IF/ID : PC=000018bc INST=xxxxxxxx
ERROR: RTL trace FIFO overflow
IF/ID : PC=000018c0 INST=xxxxxxxx
ERROR: RTL trace FIFO overflow
IF/ID : PC=000018c4 INST=xxxxxxxx
ERROR: RTL trace FIFO overflow
IF/ID : PC=000018c8 INST=xxxxxxxx
ERROR: RTL trace FIFO overflow
IF/ID : PC=000018cc INST=xxxxxxxx
ERROR: RTL trace FIFO overflow
IF/ID : PC=000018d0 INST=xxxxxxxx
ERROR: RTL trace FIFO overflow
IF/ID : PC=000018d4 INST=xxxxxxxx
ERROR: RTL trace FIFO overflow
IF/ID : PC=000018d8 INST=xxxxxxxx
ERROR: RTL trace FIFO overflow
IF/ID : PC=000018dc INST=xxxxxxxx
ERROR: RTL trace FIFO overflow
IF/ID : PC=000018e0 INST=xxxxxxxx
ERROR: RTL trace FIFO overflow
IF/ID : PC=000018e4 INST=xxxxxxxx
ERROR: RTL trace FIFO overflow
IF/ID : PC=000018e8 INST=xxxxxxxx
ERROR: RTL trace FIFO overflow
IF/ID : PC=000018ec INST=xxxxxxxx
ERROR: RTL trace FIFO overflow
IF/ID : PC=000018f0 INST=xxxxxxxx
ERROR: RTL trace FIFO overflow
IF/ID : PC=000018f4 INST=xxxxxxxx
ERROR: RTL trace FIFO overflow
IF/ID : PC=000018f8 INST=xxxxxxxx
ERROR: RTL trace FIFO overflow
IF/ID : PC=000018fc INST=xxxxxxxx
ERROR: RTL trace FIFO overflow
IF/ID : PC=00001900 INST=xxxxxxxx
ERROR: RTL trace FIFO overflow
IF/ID : PC=00001904 INST=xxxxxxxx
ERROR: RTL trace FIFO overflow
IF/ID : PC=00001908 INST=xxxxxxxx
ERROR: RTL trace FIFO overflow
IF/ID : PC=0000190c INST=xxxxxxxx
ERROR: RTL trace FIFO overflow
IF/ID : PC=00001910 INST=xxxxxxxx
ERROR: RTL trace FIFO overflow
IF/ID : PC=00001914 INST=xxxxxxxx
ERROR: RTL trace FIFO overflow
IF/ID : PC=00001918 INST=xxxxxxxx
ERROR: RTL trace FIFO overflow
IF/ID : PC=0000191c INST=xxxxxxxx
ERROR: RTL trace FIFO overflow
IF/ID : PC=00001920 INST=xxxxxxxx
ERROR: RTL trace FIFO overflow
IF/ID : PC=00001924 INST=xxxxxxxx
ERROR: RTL trace FIFO overflow
IF/ID : PC=00001928 INST=xxxxxxxx
ERROR: RTL trace FIFO overflow
IF/ID : PC=0000192c INST=xxxxxxxx
ERROR: RTL trace FIFO overflow
IF/ID : PC=00001930 INST=xxxxxxxx
ERROR: RTL trace FIFO overflow
IF/ID : PC=00001934 INST=xxxxxxxx
ERROR: RTL trace FIFO overflow
IF/ID : PC=00001938 INST=xxxxxxxx
ERROR: RTL trace FIFO overflow
IF/ID : PC=0000193c INST=xxxxxxxx
ERROR: RTL trace FIFO overflow
IF/ID : PC=00001940 INST=xxxxxxxx
ERROR: RTL trace FIFO overflow
IF/ID : PC=00001944 INST=xxxxxxxx
ERROR: RTL trace FIFO overflow
IF/ID : PC=00001948 INST=xxxxxxxx
ERROR: RTL trace FIFO overflow
IF/ID : PC=0000194c INST=xxxxxxxx
ERROR: RTL trace FIFO overflow
IF/ID : PC=00001950 INST=xxxxxxxx
ERROR: RTL trace FIFO overflow
IF/ID : PC=00001954 INST=xxxxxxxx
ERROR: RTL trace FIFO overflow
IF/ID : PC=00001958 INST=xxxxxxxx
ERROR: RTL trace FIFO overflow
IF/ID : PC=0000195c INST=xxxxxxxx
ERROR: RTL trace FIFO overflow
IF/ID : PC=00001960 INST=xxxxxxxx
ERROR: RTL trace FIFO overflow
IF/ID : PC=00001964 INST=xxxxxxxx
ERROR: RTL trace FIFO overflow
IF/ID : PC=00001968 INST=xxxxxxxx
ERROR: RTL trace FIFO overflow
IF/ID : PC=0000196c INST=xxxxxxxx
ERROR: RTL trace FIFO overflow
IF/ID : PC=00001970 INST=xxxxxxxx
ERROR: RTL trace FIFO overflow
IF/ID : PC=00001974 INST=xxxxxxxx
ERROR: RTL trace FIFO overflow
IF/ID : PC=00001978 INST=xxxxxxxx
ERROR: RTL trace FIFO overflow
IF/ID : PC=0000197c INST=xxxxxxxx
ERROR: RTL trace FIFO overflow
IF/ID : PC=00001980 INST=xxxxxxxx
ERROR: RTL trace FIFO overflow
IF/ID : PC=00001984 INST=xxxxxxxx
ERROR: RTL trace FIFO overflow
IF/ID : PC=00001988 INST=xxxxxxxx
ERROR: RTL trace FIFO overflow
IF/ID : PC=0000198c INST=xxxxxxxx
ERROR: RTL trace FIFO overflow
IF/ID : PC=00001990 INST=xxxxxxxx
ERROR: RTL trace FIFO overflow
IF/ID : PC=00001994 INST=xxxxxxxx
ERROR: RTL trace FIFO overflow
IF/ID : PC=00001998 INST=xxxxxxxx
ERROR: RTL trace FIFO overflow
IF/ID : PC=0000199c INST=xxxxxxxx
ERROR: RTL trace FIFO overflow
IF/ID : PC=000019a0 INST=xxxxxxxx
ERROR: RTL trace FIFO overflow
IF/ID : PC=000019a4 INST=xxxxxxxx
ERROR: RTL trace FIFO overflow
IF/ID : PC=000019a8 INST=xxxxxxxx
ERROR: RTL trace FIFO overflow
IF/ID : PC=000019ac INST=xxxxxxxx
ERROR: RTL trace FIFO overflow
IF/ID : PC=000019b0 INST=xxxxxxxx
ERROR: RTL trace FIFO overflow
IF/ID : PC=000019b4 INST=xxxxxxxx
ERROR: RTL trace FIFO overflow
IF/ID : PC=000019b8 INST=xxxxxxxx
ERROR: RTL trace FIFO overflow
IF/ID : PC=000019bc INST=xxxxxxxx
ERROR: RTL trace FIFO overflow
IF/ID : PC=000019c0 INST=xxxxxxxx
ERROR: RTL trace FIFO overflow
IF/ID : PC=000019c4 INST=xxxxxxxx
ERROR: RTL trace FIFO overflow
IF/ID : PC=000019c8 INST=xxxxxxxx
ERROR: RTL trace FIFO overflow
IF/ID : PC=000019cc INST=xxxxxxxx
ERROR: RTL trace FIFO overflow
IF/ID : PC=000019d0 INST=xxxxxxxx
ERROR: RTL trace FIFO overflow
IF/ID : PC=000019d4 INST=xxxxxxxx
ERROR: RTL trace FIFO overflow
IF/ID : PC=000019d8 INST=xxxxxxxx
ERROR: RTL trace FIFO overflow
IF/ID : PC=000019dc INST=xxxxxxxx
ERROR: RTL trace FIFO overflow
IF/ID : PC=000019e0 INST=xxxxxxxx
ERROR: RTL trace FIFO overflow
IF/ID : PC=000019e4 INST=xxxxxxxx
ERROR: RTL trace FIFO overflow
IF/ID : PC=000019e8 INST=xxxxxxxx
ERROR: RTL trace FIFO overflow
IF/ID : PC=000019ec INST=xxxxxxxx
ERROR: RTL trace FIFO overflow
IF/ID : PC=000019f0 INST=xxxxxxxx
ERROR: RTL trace FIFO overflow
IF/ID : PC=000019f4 INST=xxxxxxxx
ERROR: RTL trace FIFO overflow
IF/ID : PC=000019f8 INST=xxxxxxxx
ERROR: RTL trace FIFO overflow
IF/ID : PC=000019fc INST=xxxxxxxx
ERROR: RTL trace FIFO overflow
IF/ID : PC=00001a00 INST=xxxxxxxx
ERROR: RTL trace FIFO overflow
IF/ID : PC=00001a04 INST=xxxxxxxx
ERROR: RTL trace FIFO overflow
IF/ID : PC=00001a08 INST=xxxxxxxx
ERROR: RTL trace FIFO overflow
IF/ID : PC=00001a0c INST=xxxxxxxx
ERROR: RTL trace FIFO overflow
IF/ID : PC=00001a10 INST=xxxxxxxx
ERROR: RTL trace FIFO overflow
IF/ID : PC=00001a14 INST=xxxxxxxx
ERROR: RTL trace FIFO overflow
IF/ID : PC=00001a18 INST=xxxxxxxx
ERROR: RTL trace FIFO overflow
IF/ID : PC=00001a1c INST=xxxxxxxx
ERROR: RTL trace FIFO overflow
IF/ID : PC=00001a20 INST=xxxxxxxx
ERROR: RTL trace FIFO overflow
IF/ID : PC=00001a24 INST=xxxxxxxx
ERROR: RTL trace FIFO overflow
IF/ID : PC=00001a28 INST=xxxxxxxx
ERROR: RTL trace FIFO overflow
IF/ID : PC=00001a2c INST=xxxxxxxx
ERROR: RTL trace FIFO overflow
IF/ID : PC=00001a30 INST=xxxxxxxx
ERROR: RTL trace FIFO overflow
IF/ID : PC=00001a34 INST=xxxxxxxx
ERROR: RTL trace FIFO overflow
IF/ID : PC=00001a38 INST=xxxxxxxx
ERROR: RTL trace FIFO overflow
IF/ID : PC=00001a3c INST=xxxxxxxx
ERROR: RTL trace FIFO overflow
IF/ID : PC=00001a40 INST=xxxxxxxx
ERROR: RTL trace FIFO overflow
IF/ID : PC=00001a44 INST=xxxxxxxx
ERROR: RTL trace FIFO overflow
IF/ID : PC=00001a48 INST=xxxxxxxx
ERROR: RTL trace FIFO overflow
IF/ID : PC=00001a4c INST=xxxxxxxx
ERROR: RTL trace FIFO overflow
IF/ID : PC=00001a50 INST=xxxxxxxx
ERROR: RTL trace FIFO overflow
IF/ID : PC=00001a54 INST=xxxxxxxx
ERROR: RTL trace FIFO overflow
IF/ID : PC=00001a58 INST=xxxxxxxx
ERROR: RTL trace FIFO overflow
IF/ID : PC=00001a5c INST=xxxxxxxx
ERROR: RTL trace FIFO overflow
IF/ID : PC=00001a60 INST=xxxxxxxx
ERROR: RTL trace FIFO overflow
IF/ID : PC=00001a64 INST=xxxxxxxx
ERROR: RTL trace FIFO overflow
IF/ID : PC=00001a68 INST=xxxxxxxx
ERROR: RTL trace FIFO overflow
IF/ID : PC=00001a6c INST=xxxxxxxx
ERROR: RTL trace FIFO overflow
IF/ID : PC=00001a70 INST=xxxxxxxx
ERROR: RTL trace FIFO overflow
IF/ID : PC=00001a74 INST=xxxxxxxx
ERROR: RTL trace FIFO overflow
IF/ID : PC=00001a78 INST=xxxxxxxx
ERROR: RTL trace FIFO overflow
IF/ID : PC=00001a7c INST=xxxxxxxx
ERROR: RTL trace FIFO overflow
IF/ID : PC=00001a80 INST=xxxxxxxx
ERROR: RTL trace FIFO overflow
IF/ID : PC=00001a84 INST=xxxxxxxx
ERROR: RTL trace FIFO overflow
IF/ID : PC=00001a88 INST=xxxxxxxx
ERROR: RTL trace FIFO overflow
IF/ID : PC=00001a8c INST=xxxxxxxx
ERROR: RTL trace FIFO overflow
IF/ID : PC=00001a90 INST=xxxxxxxx
ERROR: RTL trace FIFO overflow
IF/ID : PC=00001a94 INST=xxxxxxxx
ERROR: RTL trace FIFO overflow
IF/ID : PC=00001a98 INST=xxxxxxxx
ERROR: RTL trace FIFO overflow
IF/ID : PC=00001a9c INST=xxxxxxxx
ERROR: RTL trace FIFO overflow
IF/ID : PC=00001aa0 INST=xxxxxxxx
ERROR: RTL trace FIFO overflow
IF/ID : PC=00001aa4 INST=xxxxxxxx
ERROR: RTL trace FIFO overflow
IF/ID : PC=00001aa8 INST=xxxxxxxx
ERROR: RTL trace FIFO overflow
IF/ID : PC=00001aac INST=xxxxxxxx
ERROR: RTL trace FIFO overflow
IF/ID : PC=00001ab0 INST=xxxxxxxx
ERROR: RTL trace FIFO overflow
IF/ID : PC=00001ab4 INST=xxxxxxxx
ERROR: RTL trace FIFO overflow
IF/ID : PC=00001ab8 INST=xxxxxxxx
ERROR: RTL trace FIFO overflow
IF/ID : PC=00001abc INST=xxxxxxxx
ERROR: RTL trace FIFO overflow
IF/ID : PC=00001ac0 INST=xxxxxxxx
ERROR: RTL trace FIFO overflow
IF/ID : PC=00001ac4 INST=xxxxxxxx
ERROR: RTL trace FIFO overflow
IF/ID : PC=00001ac8 INST=xxxxxxxx
ERROR: RTL trace FIFO overflow
IF/ID : PC=00001acc INST=xxxxxxxx
ERROR: RTL trace FIFO overflow
IF/ID : PC=00001ad0 INST=xxxxxxxx
ERROR: RTL trace FIFO overflow
IF/ID : PC=00001ad4 INST=xxxxxxxx
ERROR: RTL trace FIFO overflow
IF/ID : PC=00001ad8 INST=xxxxxxxx
ERROR: RTL trace FIFO overflow
IF/ID : PC=00001adc INST=xxxxxxxx
ERROR: RTL trace FIFO overflow
IF/ID : PC=00001ae0 INST=xxxxxxxx
ERROR: RTL trace FIFO overflow
IF/ID : PC=00001ae4 INST=xxxxxxxx
ERROR: RTL trace FIFO overflow
IF/ID : PC=00001ae8 INST=xxxxxxxx
ERROR: RTL trace FIFO overflow
IF/ID : PC=00001aec INST=xxxxxxxx
ERROR: RTL trace FIFO overflow
IF/ID : PC=00001af0 INST=xxxxxxxx
ERROR: RTL trace FIFO overflow
IF/ID : PC=00001af4 INST=xxxxxxxx
ERROR: RTL trace FIFO overflow
IF/ID : PC=00001af8 INST=xxxxxxxx
ERROR: RTL trace FIFO overflow
IF/ID : PC=00001afc INST=xxxxxxxx
ERROR: RTL trace FIFO overflow
IF/ID : PC=00001b00 INST=xxxxxxxx
ERROR: RTL trace FIFO overflow
IF/ID : PC=00001b04 INST=xxxxxxxx
ERROR: RTL trace FIFO overflow
IF/ID : PC=00001b08 INST=xxxxxxxx
ERROR: RTL trace FIFO overflow
IF/ID : PC=00001b0c INST=xxxxxxxx
ERROR: RTL trace FIFO overflow
IF/ID : PC=00001b10 INST=xxxxxxxx
ERROR: RTL trace FIFO overflow
IF/ID : PC=00001b14 INST=xxxxxxxx
ERROR: RTL trace FIFO overflow
IF/ID : PC=00001b18 INST=xxxxxxxx
ERROR: RTL trace FIFO overflow
IF/ID : PC=00001b1c INST=xxxxxxxx
ERROR: RTL trace FIFO overflow
IF/ID : PC=00001b20 INST=xxxxxxxx
ERROR: RTL trace FIFO overflow
IF/ID : PC=00001b24 INST=xxxxxxxx
ERROR: RTL trace FIFO overflow
IF/ID : PC=00001b28 INST=xxxxxxxx
ERROR: RTL trace FIFO overflow
IF/ID : PC=00001b2c INST=xxxxxxxx
ERROR: RTL trace FIFO overflow
IF/ID : PC=00001b30 INST=xxxxxxxx
ERROR: RTL trace FIFO overflow
IF/ID : PC=00001b34 INST=xxxxxxxx
ERROR: RTL trace FIFO overflow
IF/ID : PC=00001b38 INST=xxxxxxxx
ERROR: RTL trace FIFO overflow
IF/ID : PC=00001b3c INST=xxxxxxxx
ERROR: RTL trace FIFO overflow
IF/ID : PC=00001b40 INST=xxxxxxxx
ERROR: RTL trace FIFO overflow
IF/ID : PC=00001b44 INST=xxxxxxxx
ERROR: RTL trace FIFO overflow
IF/ID : PC=00001b48 INST=xxxxxxxx
ERROR: RTL trace FIFO overflow
IF/ID : PC=00001b4c INST=xxxxxxxx
ERROR: RTL trace FIFO overflow
IF/ID : PC=00001b50 INST=xxxxxxxx
ERROR: RTL trace FIFO overflow
IF/ID : PC=00001b54 INST=xxxxxxxx
ERROR: RTL trace FIFO overflow
IF/ID : PC=00001b58 INST=xxxxxxxx
ERROR: RTL trace FIFO overflow
IF/ID : PC=00001b5c INST=xxxxxxxx
ERROR: RTL trace FIFO overflow
IF/ID : PC=00001b60 INST=xxxxxxxx
ERROR: RTL trace FIFO overflow
IF/ID : PC=00001b64 INST=xxxxxxxx
ERROR: RTL trace FIFO overflow
IF/ID : PC=00001b68 INST=xxxxxxxx
ERROR: RTL trace FIFO overflow
IF/ID : PC=00001b6c INST=xxxxxxxx
ERROR: RTL trace FIFO overflow
IF/ID : PC=00001b70 INST=xxxxxxxx
ERROR: RTL trace FIFO overflow
IF/ID : PC=00001b74 INST=xxxxxxxx
ERROR: RTL trace FIFO overflow
IF/ID : PC=00001b78 INST=xxxxxxxx
ERROR: RTL trace FIFO overflow
IF/ID : PC=00001b7c INST=xxxxxxxx
ERROR: RTL trace FIFO overflow
IF/ID : PC=00001b80 INST=xxxxxxxx
ERROR: RTL trace FIFO overflow
IF/ID : PC=00001b84 INST=xxxxxxxx
ERROR: RTL trace FIFO overflow
IF/ID : PC=00001b88 INST=xxxxxxxx
ERROR: RTL trace FIFO overflow
IF/ID : PC=00001b8c INST=xxxxxxxx
ERROR: RTL trace FIFO overflow
IF/ID : PC=00001b90 INST=xxxxxxxx
ERROR: RTL trace FIFO overflow
IF/ID : PC=00001b94 INST=xxxxxxxx
ERROR: RTL trace FIFO overflow
IF/ID : PC=00001b98 INST=xxxxxxxx
ERROR: RTL trace FIFO overflow
IF/ID : PC=00001b9c INST=xxxxxxxx
ERROR: RTL trace FIFO overflow
IF/ID : PC=00001ba0 INST=xxxxxxxx
ERROR: RTL trace FIFO overflow
IF/ID : PC=00001ba4 INST=xxxxxxxx
ERROR: RTL trace FIFO overflow
IF/ID : PC=00001ba8 INST=xxxxxxxx
ERROR: RTL trace FIFO overflow
IF/ID : PC=00001bac INST=xxxxxxxx
ERROR: RTL trace FIFO overflow
IF/ID : PC=00001bb0 INST=xxxxxxxx
ERROR: RTL trace FIFO overflow
IF/ID : PC=00001bb4 INST=xxxxxxxx
ERROR: RTL trace FIFO overflow
IF/ID : PC=00001bb8 INST=xxxxxxxx
ERROR: RTL trace FIFO overflow
IF/ID : PC=00001bbc INST=xxxxxxxx
ERROR: RTL trace FIFO overflow
IF/ID : PC=00001bc0 INST=xxxxxxxx
ERROR: RTL trace FIFO overflow
IF/ID : PC=00001bc4 INST=xxxxxxxx
ERROR: RTL trace FIFO overflow
IF/ID : PC=00001bc8 INST=xxxxxxxx
ERROR: RTL trace FIFO overflow
IF/ID : PC=00001bcc INST=xxxxxxxx
ERROR: RTL trace FIFO overflow
IF/ID : PC=00001bd0 INST=xxxxxxxx
ERROR: RTL trace FIFO overflow
IF/ID : PC=00001bd4 INST=xxxxxxxx
ERROR: RTL trace FIFO overflow
IF/ID : PC=00001bd8 INST=xxxxxxxx
ERROR: RTL trace FIFO overflow
IF/ID : PC=00001bdc INST=xxxxxxxx
ERROR: RTL trace FIFO overflow
IF/ID : PC=00001be0 INST=xxxxxxxx
ERROR: RTL trace FIFO overflow
IF/ID : PC=00001be4 INST=xxxxxxxx
ERROR: RTL trace FIFO overflow
IF/ID : PC=00001be8 INST=xxxxxxxx
ERROR: RTL trace FIFO overflow
IF/ID : PC=00001bec INST=xxxxxxxx
ERROR: RTL trace FIFO overflow
IF/ID : PC=00001bf0 INST=xxxxxxxx
ERROR: RTL trace FIFO overflow
IF/ID : PC=00001bf4 INST=xxxxxxxx
ERROR: RTL trace FIFO overflow
IF/ID : PC=00001bf8 INST=xxxxxxxx
ERROR: RTL trace FIFO overflow
IF/ID : PC=00001bfc INST=xxxxxxxx
ERROR: RTL trace FIFO overflow
IF/ID : PC=00001c00 INST=xxxxxxxx
ERROR: RTL trace FIFO overflow
IF/ID : PC=00001c04 INST=xxxxxxxx
ERROR: RTL trace FIFO overflow
IF/ID : PC=00001c08 INST=xxxxxxxx
ERROR: RTL trace FIFO overflow
IF/ID : PC=00001c0c INST=xxxxxxxx
ERROR: RTL trace FIFO overflow
IF/ID : PC=00001c10 INST=xxxxxxxx
ERROR: RTL trace FIFO overflow
IF/ID : PC=00001c14 INST=xxxxxxxx
ERROR: RTL trace FIFO overflow
IF/ID : PC=00001c18 INST=xxxxxxxx
ERROR: RTL trace FIFO overflow
IF/ID : PC=00001c1c INST=xxxxxxxx
ERROR: RTL trace FIFO overflow
IF/ID : PC=00001c20 INST=xxxxxxxx
ERROR: RTL trace FIFO overflow
IF/ID : PC=00001c24 INST=xxxxxxxx
ERROR: RTL trace FIFO overflow
IF/ID : PC=00001c28 INST=xxxxxxxx
ERROR: RTL trace FIFO overflow
IF/ID : PC=00001c2c INST=xxxxxxxx
ERROR: RTL trace FIFO overflow
IF/ID : PC=00001c30 INST=xxxxxxxx
ERROR: RTL trace FIFO overflow
IF/ID : PC=00001c34 INST=xxxxxxxx
ERROR: RTL trace FIFO overflow
IF/ID : PC=00001c38 INST=xxxxxxxx
ERROR: RTL trace FIFO overflow
IF/ID : PC=00001c3c INST=xxxxxxxx
ERROR: RTL trace FIFO overflow
IF/ID : PC=00001c40 INST=xxxxxxxx
ERROR: RTL trace FIFO overflow
IF/ID : PC=00001c44 INST=xxxxxxxx
ERROR: RTL trace FIFO overflow
IF/ID : PC=00001c48 INST=xxxxxxxx
ERROR: RTL trace FIFO overflow
IF/ID : PC=00001c4c INST=xxxxxxxx
ERROR: RTL trace FIFO overflow
IF/ID : PC=00001c50 INST=xxxxxxxx
ERROR: RTL trace FIFO overflow
IF/ID : PC=00001c54 INST=xxxxxxxx
ERROR: RTL trace FIFO overflow
IF/ID : PC=00001c58 INST=xxxxxxxx
ERROR: RTL trace FIFO overflow
IF/ID : PC=00001c5c INST=xxxxxxxx
ERROR: RTL trace FIFO overflow
IF/ID : PC=00001c60 INST=xxxxxxxx
ERROR: RTL trace FIFO overflow
IF/ID : PC=00001c64 INST=xxxxxxxx
ERROR: RTL trace FIFO overflow
IF/ID : PC=00001c68 INST=xxxxxxxx
ERROR: RTL trace FIFO overflow
IF/ID : PC=00001c6c INST=xxxxxxxx
ERROR: RTL trace FIFO overflow
IF/ID : PC=00001c70 INST=xxxxxxxx
ERROR: RTL trace FIFO overflow
IF/ID : PC=00001c74 INST=xxxxxxxx
ERROR: RTL trace FIFO overflow
IF/ID : PC=00001c78 INST=xxxxxxxx
ERROR: RTL trace FIFO overflow
IF/ID : PC=00001c7c INST=xxxxxxxx
ERROR: RTL trace FIFO overflow
IF/ID : PC=00001c80 INST=xxxxxxxx
ERROR: RTL trace FIFO overflow
IF/ID : PC=00001c84 INST=xxxxxxxx
ERROR: RTL trace FIFO overflow
IF/ID : PC=00001c88 INST=xxxxxxxx
ERROR: RTL trace FIFO overflow
IF/ID : PC=00001c8c INST=xxxxxxxx
ERROR: RTL trace FIFO overflow
IF/ID : PC=00001c90 INST=xxxxxxxx
ERROR: RTL trace FIFO overflow
IF/ID : PC=00001c94 INST=xxxxxxxx
ERROR: RTL trace FIFO overflow
IF/ID : PC=00001c98 INST=xxxxxxxx
ERROR: RTL trace FIFO overflow
IF/ID : PC=00001c9c INST=xxxxxxxx
ERROR: RTL trace FIFO overflow
IF/ID : PC=00001ca0 INST=xxxxxxxx
ERROR: RTL trace FIFO overflow
IF/ID : PC=00001ca4 INST=xxxxxxxx
ERROR: RTL trace FIFO overflow
IF/ID : PC=00001ca8 INST=xxxxxxxx
ERROR: RTL trace FIFO overflow
IF/ID : PC=00001cac INST=xxxxxxxx
ERROR: RTL trace FIFO overflow
IF/ID : PC=00001cb0 INST=xxxxxxxx
ERROR: RTL trace FIFO overflow
IF/ID : PC=00001cb4 INST=xxxxxxxx
ERROR: RTL trace FIFO overflow
IF/ID : PC=00001cb8 INST=xxxxxxxx
ERROR: RTL trace FIFO overflow
IF/ID : PC=00001cbc INST=xxxxxxxx
ERROR: RTL trace FIFO overflow
IF/ID : PC=00001cc0 INST=xxxxxxxx
ERROR: RTL trace FIFO overflow
IF/ID : PC=00001cc4 INST=xxxxxxxx
ERROR: RTL trace FIFO overflow
IF/ID : PC=00001cc8 INST=xxxxxxxx
ERROR: RTL trace FIFO overflow
IF/ID : PC=00001ccc INST=xxxxxxxx
ERROR: RTL trace FIFO overflow
IF/ID : PC=00001cd0 INST=xxxxxxxx
ERROR: RTL trace FIFO overflow
IF/ID : PC=00001cd4 INST=xxxxxxxx
ERROR: RTL trace FIFO overflow
IF/ID : PC=00001cd8 INST=xxxxxxxx
ERROR: RTL trace FIFO overflow
IF/ID : PC=00001cdc INST=xxxxxxxx
ERROR: RTL trace FIFO overflow
IF/ID : PC=00001ce0 INST=xxxxxxxx
ERROR: RTL trace FIFO overflow
IF/ID : PC=00001ce4 INST=xxxxxxxx
ERROR: RTL trace FIFO overflow
IF/ID : PC=00001ce8 INST=xxxxxxxx
ERROR: RTL trace FIFO overflow
IF/ID : PC=00001cec INST=xxxxxxxx
ERROR: RTL trace FIFO overflow
IF/ID : PC=00001cf0 INST=xxxxxxxx
ERROR: RTL trace FIFO overflow
IF/ID : PC=00001cf4 INST=xxxxxxxx
ERROR: RTL trace FIFO overflow
IF/ID : PC=00001cf8 INST=xxxxxxxx
ERROR: RTL trace FIFO overflow
IF/ID : PC=00001cfc INST=xxxxxxxx
ERROR: RTL trace FIFO overflow
IF/ID : PC=00001d00 INST=xxxxxxxx
ERROR: RTL trace FIFO overflow
IF/ID : PC=00001d04 INST=xxxxxxxx
ERROR: RTL trace FIFO overflow
IF/ID : PC=00001d08 INST=xxxxxxxx
ERROR: RTL trace FIFO overflow
IF/ID : PC=00001d0c INST=xxxxxxxx
ERROR: RTL trace FIFO overflow
IF/ID : PC=00001d10 INST=xxxxxxxx
ERROR: RTL trace FIFO overflow
IF/ID : PC=00001d14 INST=xxxxxxxx
ERROR: RTL trace FIFO overflow
IF/ID : PC=00001d18 INST=xxxxxxxx
ERROR: RTL trace FIFO overflow
IF/ID : PC=00001d1c INST=xxxxxxxx
ERROR: RTL trace FIFO overflow
IF/ID : PC=00001d20 INST=xxxxxxxx
ERROR: RTL trace FIFO overflow
IF/ID : PC=00001d24 INST=xxxxxxxx
ERROR: RTL trace FIFO overflow
IF/ID : PC=00001d28 INST=xxxxxxxx
ERROR: RTL trace FIFO overflow
IF/ID : PC=00001d2c INST=xxxxxxxx
ERROR: RTL trace FIFO overflow
IF/ID : PC=00001d30 INST=xxxxxxxx
ERROR: RTL trace FIFO overflow
IF/ID : PC=00001d34 INST=xxxxxxxx
ERROR: RTL trace FIFO overflow
IF/ID : PC=00001d38 INST=xxxxxxxx
ERROR: RTL trace FIFO overflow
IF/ID : PC=00001d3c INST=xxxxxxxx
ERROR: RTL trace FIFO overflow
IF/ID : PC=00001d40 INST=xxxxxxxx
ERROR: RTL trace FIFO overflow
IF/ID : PC=00001d44 INST=xxxxxxxx
ERROR: RTL trace FIFO overflow
IF/ID : PC=00001d48 INST=xxxxxxxx
ERROR: RTL trace FIFO overflow
IF/ID : PC=00001d4c INST=xxxxxxxx
ERROR: RTL trace FIFO overflow
IF/ID : PC=00001d50 INST=xxxxxxxx
ERROR: RTL trace FIFO overflow
IF/ID : PC=00001d54 INST=xxxxxxxx
ERROR: RTL trace FIFO overflow
IF/ID : PC=00001d58 INST=xxxxxxxx
ERROR: RTL trace FIFO overflow
IF/ID : PC=00001d5c INST=xxxxxxxx
ERROR: RTL trace FIFO overflow
IF/ID : PC=00001d60 INST=xxxxxxxx
ERROR: RTL trace FIFO overflow
IF/ID : PC=00001d64 INST=xxxxxxxx
ERROR: RTL trace FIFO overflow
IF/ID : PC=00001d68 INST=xxxxxxxx
ERROR: RTL trace FIFO overflow
IF/ID : PC=00001d6c INST=xxxxxxxx
ERROR: RTL trace FIFO overflow
IF/ID : PC=00001d70 INST=xxxxxxxx
ERROR: RTL trace FIFO overflow
IF/ID : PC=00001d74 INST=xxxxxxxx
ERROR: RTL trace FIFO overflow
IF/ID : PC=00001d78 INST=xxxxxxxx
ERROR: RTL trace FIFO overflow
IF/ID : PC=00001d7c INST=xxxxxxxx
ERROR: RTL trace FIFO overflow
IF/ID : PC=00001d80 INST=xxxxxxxx
ERROR: RTL trace FIFO overflow
IF/ID : PC=00001d84 INST=xxxxxxxx
ERROR: RTL trace FIFO overflow
IF/ID : PC=00001d88 INST=xxxxxxxx
ERROR: RTL trace FIFO overflow
IF/ID : PC=00001d8c INST=xxxxxxxx
ERROR: RTL trace FIFO overflow
IF/ID : PC=00001d90 INST=xxxxxxxx
ERROR: RTL trace FIFO overflow
IF/ID : PC=00001d94 INST=xxxxxxxx
ERROR: RTL trace FIFO overflow
IF/ID : PC=00001d98 INST=xxxxxxxx
ERROR: RTL trace FIFO overflow
IF/ID : PC=00001d9c INST=xxxxxxxx
ERROR: RTL trace FIFO overflow
IF/ID : PC=00001da0 INST=xxxxxxxx
ERROR: RTL trace FIFO overflow
IF/ID : PC=00001da4 INST=xxxxxxxx
ERROR: RTL trace FIFO overflow
IF/ID : PC=00001da8 INST=xxxxxxxx
ERROR: RTL trace FIFO overflow
IF/ID : PC=00001dac INST=xxxxxxxx
ERROR: RTL trace FIFO overflow
IF/ID : PC=00001db0 INST=xxxxxxxx
ERROR: RTL trace FIFO overflow
IF/ID : PC=00001db4 INST=xxxxxxxx
ERROR: RTL trace FIFO overflow
IF/ID : PC=00001db8 INST=xxxxxxxx
ERROR: RTL trace FIFO overflow
IF/ID : PC=00001dbc INST=xxxxxxxx
ERROR: RTL trace FIFO overflow
IF/ID : PC=00001dc0 INST=xxxxxxxx
ERROR: RTL trace FIFO overflow
IF/ID : PC=00001dc4 INST=xxxxxxxx
ERROR: RTL trace FIFO overflow
IF/ID : PC=00001dc8 INST=xxxxxxxx
ERROR: RTL trace FIFO overflow
IF/ID : PC=00001dcc INST=xxxxxxxx
ERROR: RTL trace FIFO overflow
IF/ID : PC=00001dd0 INST=xxxxxxxx
ERROR: RTL trace FIFO overflow
IF/ID : PC=00001dd4 INST=xxxxxxxx
ERROR: RTL trace FIFO overflow
IF/ID : PC=00001dd8 INST=xxxxxxxx
ERROR: RTL trace FIFO overflow
IF/ID : PC=00001ddc INST=xxxxxxxx
ERROR: RTL trace FIFO overflow
IF/ID : PC=00001de0 INST=xxxxxxxx
ERROR: RTL trace FIFO overflow
IF/ID : PC=00001de4 INST=xxxxxxxx
FP execution complete. Finishing simulation.
Simulation complete via $finish(1) at time 20065 NS + 0
./pinaka_fp_tb.sv:34     $finish;
ncsim> exit
TOOL:	irun(64)	15.20-s051: Exiting on Feb 19, 2019 at 05:35:51 IST  (total: 00:00:01)
