core   0: 3 0x00001000 (0x00000297) x 5 0x00001000
core   0: 3 0x00001004 (0x02028593) x11 0x00001020
core   0: 3 0x00001008 (0xf1402573) x10 0x00000000
core   0: 3 0x0000100c (0x0182a283) x 5 0x80000000 mem 0x00001018
core   0: 3 0x00001010 (0x00028067)
core   0: 3 0x80000000 (0x000060b7) x 1 0x00006000
core   0: 3 0x80000004 (0x3000a073) c768_mstatus 0x80006000
core   0: 3 0x80000008 (0xd0007053) c768_mstatus 0x80006000 f 0 0x00000000
core   0: 3 0x8000000c (0xd00070d3) c768_mstatus 0x80006000 f 1 0x00000000
core   0: 3 0x80000010 (0xd0007153) c768_mstatus 0x80006000 f 2 0x00000000
core   0: 3 0x80000014 (0xd00071d3) c768_mstatus 0x80006000 f 3 0x00000000
core   0: 3 0x80000018 (0xd0007253) c768_mstatus 0x80006000 f 4 0x00000000
core   0: 3 0x8000001c (0xd00072d3) c768_mstatus 0x80006000 f 5 0x00000000
core   0: 3 0x80000020 (0xd0007353) c768_mstatus 0x80006000 f 6 0x00000000
core   0: 3 0x80000024 (0xd00073d3) c768_mstatus 0x80006000 f 7 0x00000000
core   0: 3 0x80000028 (0xd0007453) c768_mstatus 0x80006000 f 8 0x00000000
core   0: 3 0x8000002c (0xd00074d3) c768_mstatus 0x80006000 f 9 0x00000000
core   0: 3 0x80000030 (0xd0007553) c768_mstatus 0x80006000 f10 0x00000000
core   0: 3 0x80000034 (0xd00075d3) c768_mstatus 0x80006000 f11 0x00000000
core   0: 3 0x80000038 (0xd0007653) c768_mstatus 0x80006000 f12 0x00000000
core   0: 3 0x8000003c (0xd00076d3) c768_mstatus 0x80006000 f13 0x00000000
core   0: 3 0x80000040 (0xd0007753) c768_mstatus 0x80006000 f14 0x00000000
core   0: 3 0x80000044 (0xd00077d3) c768_mstatus 0x80006000 f15 0x00000000
core   0: 3 0x80000048 (0xd0007853) c768_mstatus 0x80006000 f16 0x00000000
core   0: 3 0x8000004c (0xd00078d3) c768_mstatus 0x80006000 f17 0x00000000
core   0: 3 0x80000050 (0xd0007953) c768_mstatus 0x80006000 f18 0x00000000
core   0: 3 0x80000054 (0xd00079d3) c768_mstatus 0x80006000 f19 0x00000000
core   0: 3 0x80000058 (0xd0007a53) c768_mstatus 0x80006000 f20 0x00000000
core   0: 3 0x8000005c (0xd0007ad3) c768_mstatus 0x80006000 f21 0x00000000
core   0: 3 0x80000060 (0xd0007b53) c768_mstatus 0x80006000 f22 0x00000000
core   0: 3 0x80000064 (0xd0007bd3) c768_mstatus 0x80006000 f23 0x00000000
core   0: 3 0x80000068 (0xd0007c53) c768_mstatus 0x80006000 f24 0x00000000
core   0: 3 0x8000006c (0xd0007cd3) c768_mstatus 0x80006000 f25 0x00000000
core   0: 3 0x80000070 (0xd0007d53) c768_mstatus 0x80006000 f26 0x00000000
core   0: 3 0x80000074 (0xd0007dd3) c768_mstatus 0x80006000 f27 0x00000000
core   0: 3 0x80000078 (0xd0007e53) c768_mstatus 0x80006000 f28 0x00000000
core   0: 3 0x8000007c (0xd0007ed3) c768_mstatus 0x80006000 f29 0x00000000
core   0: 3 0x80000080 (0xd0007f53) c768_mstatus 0x80006000 f30 0x00000000
core   0: 3 0x80000084 (0xd0007fd3) c768_mstatus 0x80006000 f31 0x00000000
core   0: 3 0x80000088 (0x29771353) c768_mstatus 0x80006000 f 6 0x00000000
core   0: 3 0x8000008c (0x28519653) c768_mstatus 0x80006000 f12 0x00000000
core   0: 3 0x80000090 (0x284c0853) c768_mstatus 0x80006000 f16 0x00000000
core   0: 3 0x80000094 (0x28640053) c768_mstatus 0x80006000 f 0 0x00000000
core   0: 3 0x80000098 (0x290780d3) c768_mstatus 0x80006000 f 1 0x00000000
core   0: 3 0x8000009c (0x29269ad3) c768_mstatus 0x80006000 f21 0x00000000
core   0: 3 0x800000a0 (0xc0170ed3) x29 0x00000000
core   0: 3 0x800000a4 (0xd01b0cd3) c768_mstatus 0x80006000 f25 0x00000000
core   0: 3 0x800000a8 (0xc0028b53) x22 0x00000000
core   0: 3 0x800000ac (0x58058bd3) c768_mstatus 0x80006000 f23 0x00000000
core   0: 3 0x800000b0 (0xd00a8ed3) c768_mstatus 0x80006000 f29 0x00000000
core   0: 3 0x800000b4 (0x10b50dd3) c768_mstatus 0x80006000 f27 0x00000000
core   0: 3 0x800000b8 (0xc01d02d3) x 5 0x00000000
core   0: 3 0x800000bc (0xd01e0253) c768_mstatus 0x80006000 f 4 0x00000000
core   0: 3 0x800000c0 (0xc0128453) x 8 0x00000000
core   0: 3 0x800000c4 (0x08b509d3) c768_mstatus 0x80006000 f19 0x00000000
core   0: 3 0x800000c8 (0x18b50a53) c1_fflags 0x00000010 c768_mstatus 0x80006000 f20 0x7fc00000
core   0: 3 0x800000cc (0x10da8553) c768_mstatus 0x80006000 f10 0x00000000
core   0: 3 0x800000d0 (0xd01d8ed3) c768_mstatus 0x80006000 f29 0x00000000
core   0: 3 0x800000d4 (0xd0088253) c768_mstatus 0x80006000 f 4 0x00000000
core   0: 3 0x800000d8 (0x297d0c53) c768_mstatus 0x80006000 f24 0x00000000
core   0: 3 0x800000dc (0x580b0e53) c768_mstatus 0x80006000 f28 0x00000000
core   0: 3 0x800000e0 (0x58098253) c768_mstatus 0x80006000 f 4 0x00000000
core   0: 3 0x800000e4 (0x195087d3) c1_fflags 0x00000010 c768_mstatus 0x80006000 f15 0x7fc00000
core   0: 3 0x800000e8 (0xc01b0fd3) x31 0x00000000
core   0: 3 0x800000ec (0x296d18d3) c768_mstatus 0x80006000 f17 0x00000000
core   0: 3 0x800000f0 (0x09928a53) c768_mstatus 0x80006000 f20 0x00000000
core   0: 3 0x800000f4 (0x58070553) c768_mstatus 0x80006000 f10 0x00000000
core   0: 3 0x800000f8 (0x19698453) c1_fflags 0x00000010 c768_mstatus 0x80006000 f 8 0x7fc00000
core   0: 3 0x800000fc (0x580d87d3) c768_mstatus 0x80006000 f15 0x00000000
core   0: 3 0x80000100 (0x19e98953) c1_fflags 0x00000010 c768_mstatus 0x80006000 f18 0x7fc00000
core   0: 3 0x80000104 (0x281d98d3) c768_mstatus 0x80006000 f17 0x00000000
core   0: 3 0x80000108 (0xc0158c53) x24 0x00000000
core   0: 3 0x8000010c (0x580f0553) c768_mstatus 0x80006000 f10 0x00000000
core   0: 3 0x80000110 (0xc0070a53) x20 0x00000000
core   0: 3 0x80000114 (0x58058153) c768_mstatus 0x80006000 f 2 0x00000000
core   0: 3 0x80000118 (0x19db0253) c1_fflags 0x00000010 c768_mstatus 0x80006000 f 4 0x7fc00000
core   0: 3 0x8000011c (0x29af8dd3) c768_mstatus 0x80006000 f27 0x00000000
core   0: 3 0x80000120 (0x08980253) c768_mstatus 0x80006000 f 4 0x00000000
core   0: 3 0x80000124 (0x007688d3) c768_mstatus 0x80006000 f17 0x00000000
core   0: 3 0x80000128 (0xc0118ad3) x21 0x00000000
core   0: 3 0x8000012c (0xd00a8253) c768_mstatus 0x80006000 f 4 0x00000000
core   0: 3 0x80000130 (0x28b310d3) c768_mstatus 0x80006000 f 1 0x00000000
core   0: 3 0x80000134 (0x28ad04d3) c768_mstatus 0x80006000 f 9 0x00000000
core   0: 3 0x80000138 (0x091580d3) c768_mstatus 0x80006000 f 1 0x00000000
core   0: 3 0x8000013c (0xd01c8dd3) c768_mstatus 0x80006000 f27 0x00000000
core   0: 3 0x80000140 (0xc0060953) x18 0x00000000
core   0: 3 0x80000144 (0x29361853) c768_mstatus 0x80006000 f16 0x00000000
core   0: 3 0x80000148 (0x28ab11d3) c768_mstatus 0x80006000 f 3 0x00000000
core   0: 3 0x8000014c (0x58070bd3) c768_mstatus 0x80006000 f23 0x00000000
core   0: 3 0x80000150 (0xc01d00d3) x 1 0x00000000
core   0: 3 0x80000154 (0x09038fd3) c768_mstatus 0x80006000 f31 0x00000000
core   0: 3 0x80000158 (0xd00d8153) c768_mstatus 0x80006000 f 2 0x00000000
core   0: 3 0x8000015c (0x11f58253) c768_mstatus 0x80006000 f 4 0x00000000
core   0: 3 0x80000160 (0xc0090ed3) c1_fflags 0x00000010 c768_mstatus 0x80006000 x29 0x7fffffff
core   0: 3 0x80000164 (0xd00a8ed3) c768_mstatus 0x80006000 f29 0x00000000
core   0: 3 0x80000168 (0xd0110e53) c768_mstatus 0x80006000 f28 0x00000000
core   0: 3 0x8000016c (0xd00901d3) c768_mstatus 0x80006000 f 3 0x00000000
core   0: 3 0x80000170 (0xc0130653) x12 0x00000000
core   0: 3 0x80000174 (0xc0108e53) x28 0x00000000
core   0: 3 0x80000178 (0x29588dd3) c768_mstatus 0x80006000 f27 0x00000000
core   0: 3 0x8000017c (0xd01282d3) c768_mstatus 0x80006000 f 5 0x00000000
core   0: 3 0x80000180 (0x10060cd3) c768_mstatus 0x80006000 f25 0x00000000
core   0: 3 0x80000184 (0x580a0853) c768_mstatus 0x80006000 f16 0x00000000
core   0: 3 0x80000188 (0xd01d06d3) c768_mstatus 0x80006000 f13 0x00000000
core   0: 3 0x8000018c (0x580d89d3) c768_mstatus 0x80006000 f19 0x00000000
core   0: 3 0x80000190 (0x08468b53) c768_mstatus 0x80006000 f22 0x00000000
core   0: 3 0x80000194 (0x192e04d3) c768_mstatus 0x80006000 f 9 0x7fc00000
core   0: 3 0x80000198 (0xd0058b53) c768_mstatus 0x80006000 f22 0x45810000
core   0: 3 0x8000019c (0x580a82d3) c768_mstatus 0x80006000 f 5 0x00000000
core   0: 3 0x800001a0 (0x58080c53) c768_mstatus 0x80006000 f24 0x00000000
core   0: 3 0x800001a4 (0x580386d3) c768_mstatus 0x80006000 f13 0x00000000
core   0: 3 0x800001a8 (0xd01e84d3) c1_fflags 0x00000011 c768_mstatus 0x80006000 f 9 0x4f000000
core   0: 3 0x800001ac (0x01730753) c768_mstatus 0x80006000 f14 0x00000000
core   0: 3 0x800001b0 (0xc01604d3) x 9 0x00000000
core   0: 3 0x800001b4 (0x580a0fd3) c768_mstatus 0x80006000 f31 0x00000000
core   0: 3 0x800001b8 (0xd0188b53) c768_mstatus 0x80006000 f22 0x00000000
core   0: 3 0x800001bc (0xd0148053) c768_mstatus 0x80006000 f 0 0x00000000
core   0: 3 0x800001c0 (0x580707d3) c768_mstatus 0x80006000 f15 0x00000000
core   0: 3 0x800001c4 (0xc0180753) x14 0x00000000
core   0: 3 0x800001c8 (0x29469d53) c768_mstatus 0x80006000 f26 0x00000000
core   0: 3 0x800001cc (0x28769c53) c768_mstatus 0x80006000 f24 0x00000000
core   0: 3 0x800001d0 (0x580f0253) c768_mstatus 0x80006000 f 4 0x00000000
core   0: 3 0x800001d4 (0x01bd8853) c768_mstatus 0x80006000 f16 0x00000000
core   0: 3 0x800001d8 (0x580f0bd3) c768_mstatus 0x80006000 f23 0x00000000
core   0: 3 0x800001dc (0x58070dd3) c768_mstatus 0x80006000 f27 0x00000000
core   0: 3 0x800001e0 (0xd0040cd3) c768_mstatus 0x80006000 f25 0x00000000
core   0: 3 0x800001e4 (0x58080153) c768_mstatus 0x80006000 f 2 0x00000000
core   0: 3 0x800001e8 (0x28b08cd3) c768_mstatus 0x80006000 f25 0x00000000
core   0: 3 0x800001ec (0x58070453) c768_mstatus 0x80006000 f 8 0x00000000
core   0: 3 0x800001f0 (0x014c0ed3) c768_mstatus 0x80006000 f29 0x00000000
core   0: 3 0x800001f4 (0x58038cd3) c768_mstatus 0x80006000 f25 0x00000000
core   0: 3 0x800001f8 (0x009882d3) c768_mstatus 0x80006000 f 5 0x4f000000
core   0: 3 0x800001fc (0x58048d53) c1_fflags 0x00000011 c768_mstatus 0x80006000 f26 0x473504f3
core   0: 3 0x80000200 (0x19b683d3) c1_fflags 0x00000011 c768_mstatus 0x80006000 f 7 0x7fc00000
core   0: 3 0x80000204 (0x01f20253) c768_mstatus 0x80006000 f 4 0x00000000
core   0: 3 0x80000208 (0x01910ed3) c768_mstatus 0x80006000 f29 0x00000000
core   0: 3 0x8000020c (0x295a9f53) c768_mstatus 0x80006000 f30 0x00000000
core   0: 3 0x80000210 (0xc0148c53) x24 0x80000000
core   0: 3 0x80000214 (0xd0118253) c768_mstatus 0x80006000 f 4 0x00000000
core   0: 3 0x80000218 (0x10d08653) c768_mstatus 0x80006000 f12 0x00000000
core   0: 3 0x8000021c (0x28f10553) c768_mstatus 0x80006000 f10 0x00000000
core   0: 3 0x80000220 (0x58088353) c768_mstatus 0x80006000 f 6 0x00000000
core   0: 3 0x80000224 (0x290e9853) c768_mstatus 0x80006000 f16 0x00000000
core   0: 3 0x80000228 (0x284e1d53) c768_mstatus 0x80006000 f26 0x00000000
core   0: 3 0x8000022c (0xd0138753) c768_mstatus 0x80006000 f14 0x00000000
core   0: 3 0x80000230 (0xd00480d3) c768_mstatus 0x80006000 f 1 0x00000000
core   0: 3 0x80000234 (0x28d298d3) c768_mstatus 0x80006000 f17 0x4f000000
core   0: 3 0x80000238 (0x19c38553) c768_mstatus 0x80006000 f10 0x7fc00000
core   0: 3 0x8000023c (0xc0028cd3) c1_fflags 0x00000011 c768_mstatus 0x80006000 x25 0x7fffffff
core   0: 3 0x80000240 (0x092083d3) c768_mstatus 0x80006000 f 7 0x7fc00000
core   0: 3 0x80000244 (0xc0188ad3) x21 0x80000000
core   0: 3 0x80000248 (0x29138153) c768_mstatus 0x80006000 f 2 0x4f000000
core   0: 3 0x8000024c (0xc0030753) x14 0x00000000
core   0: 3 0x80000250 (0x580e8253) c768_mstatus 0x80006000 f 4 0x00000000
core   0: 3 0x80000254 (0xc00d86d3) x13 0x00000000
core   0: 3 0x80000258 (0x287d8a53) c768_mstatus 0x80006000 f20 0x00000000
core   0: 3 0x8000025c (0xd0088053) c768_mstatus 0x80006000 f 0 0x00000000
core   0: 3 0x80000260 (0x287f1353) c768_mstatus 0x80006000 f 6 0x00000000
core   0: 3 0x80000264 (0x580d0bd3) c768_mstatus 0x80006000 f23 0x00000000
core   0: 3 0x80000268 (0xd00b85d3) c768_mstatus 0x80006000 f11 0x00000000
core   0: 3 0x8000026c (0x58068553) c768_mstatus 0x80006000 f10 0x00000000
core   0: 3 0x80000270 (0x580d8d53) c768_mstatus 0x80006000 f26 0x00000000
core   0: 3 0x80000274 (0x580f0453) c768_mstatus 0x80006000 f 8 0x00000000
core   0: 3 0x80000278 (0xd00a0dd3) c768_mstatus 0x80006000 f27 0x00000000
core   0: 3 0x8000027c (0x09f98453) c768_mstatus 0x80006000 f 8 0x00000000
core   0: 3 0x80000280 (0xc00b0553) x10 0x00000000
core   0: 3 0x80000284 (0xd00401d3) c768_mstatus 0x80006000 f 3 0x00000000
core   0: 3 0x80000288 (0x09790f53) c768_mstatus 0x80006000 f30 0x7fc00000
core   0: 3 0x8000028c (0xc0100fd3) x31 0x00000000
core   0: 3 0x80000290 (0xc00a0853) x16 0x00000000
core   0: 3 0x80000294 (0xc0030f53) x30 0x00000000
core   0: 3 0x80000298 (0xd00f0553) c768_mstatus 0x80006000 f10 0x00000000
core   0: 3 0x8000029c (0x28a09f53) c768_mstatus 0x80006000 f30 0x00000000
core   0: 3 0x800002a0 (0xd01e0a53) c768_mstatus 0x80006000 f20 0x00000000
core   0: 3 0x800002a4 (0x181386d3) c768_mstatus 0x80006000 f13 0x7fc00000
core   0: 3 0x800002a8 (0x298507d3) c768_mstatus 0x80006000 f15 0x00000000
core   0: 3 0x800002ac (0x580c01d3) c768_mstatus 0x80006000 f 3 0x00000000
core   0: 3 0x800002b0 (0xd0058353) c768_mstatus 0x80006000 f 6 0x45810000
core   0: 3 0x800002b4 (0xc01408d3) x17 0x00000000
core   0: 3 0x800002b8 (0xc00180d3) x 1 0x00000000
core   0: 3 0x800002bc (0xc00382d3) c1_fflags 0x00000011 c768_mstatus 0x80006000 x 5 0x7fffffff
core   0: 3 0x800002c0 (0xd00488d3) c768_mstatus 0x80006000 f17 0x00000000
core   0: 3 0x800002c4 (0x580580d3) c768_mstatus 0x80006000 f 1 0x00000000
core   0: 3 0x800002c8 (0xd01589d3) c768_mstatus 0x80006000 f19 0x45810000
core   0: 3 0x800002cc (0xd01684d3) c768_mstatus 0x80006000 f 9 0x00000000
core   0: 3 0x800002d0 (0x580788d3) c768_mstatus 0x80006000 f17 0x00000000
core   0: 3 0x800002d4 (0xc01c0ad3) x21 0x00000000
core   0: 3 0x800002d8 (0xd01c03d3) c768_mstatus 0x80006000 f 7 0x4f000000
core   0: 3 0x800002dc (0xd01802d3) c768_mstatus 0x80006000 f 5 0x00000000
core   0: 3 0x800002e0 (0x58030fd3) c1_fflags 0x00000011 c768_mstatus 0x80006000 f31 0x42807fc0
core   0: 3 0x800002e4 (0xc0090fd3) c1_fflags 0x00000011 c768_mstatus 0x80006000 x31 0x7fffffff
core   0: 3 0x800002e8 (0x09e683d3) c768_mstatus 0x80006000 f 7 0x7fc00000
core   0: 3 0x800002ec (0x580d07d3) c768_mstatus 0x80006000 f15 0x00000000
core   0: 3 0x800002f0 (0xd01d09d3) c768_mstatus 0x80006000 f19 0x00000000
core   0: 3 0x800002f4 (0x01940153) c768_mstatus 0x80006000 f 2 0x00000000
core   0: 3 0x800002f8 (0xc0170353) x 6 0x00000000
core   0: 3 0x800002fc (0x580c8953) c768_mstatus 0x80006000 f18 0x00000000
core   0: 3 0x80000300 (0x580c0fd3) c768_mstatus 0x80006000 f31 0x00000000
core   0: 3 0x80000304 (0xc0188e53) x28 0x00000000
core   0: 3 0x80000308 (0xc0100cd3) x25 0x00000000
core   0: 3 0x8000030c (0x580c82d3) c768_mstatus 0x80006000 f 5 0x00000000
core   0: 3 0x80000310 (0xd01d0a53) c768_mstatus 0x80006000 f20 0x00000000
core   0: 3 0x80000314 (0xd00b80d3) c768_mstatus 0x80006000 f 1 0x00000000
core   0: 3 0x80000318 (0x00730953) c768_mstatus 0x80006000 f18 0x7fc00000
core   0: 3 0x8000031c (0xd0080fd3) c768_mstatus 0x80006000 f31 0x00000000
core   0: 3 0x80000320 (0x58070fd3) c768_mstatus 0x80006000 f31 0x00000000
core   0: 3 0x80000324 (0xc0040dd3) x27 0x00000000
core   0: 3 0x80000328 (0x58040ed3) c768_mstatus 0x80006000 f29 0x00000000
core   0: 3 0x8000032c (0x299d90d3) c768_mstatus 0x80006000 f 1 0x00000000
core   0: 3 0x80000330 (0x18de87d3) c768_mstatus 0x80006000 f15 0x7fc00000
core   0: 3 0x80000334 (0x580d81d3) c768_mstatus 0x80006000 f 3 0x00000000
core   0: 3 0x80000338 (0xd0188153) c768_mstatus 0x80006000 f 2 0x00000000
core   0: 3 0x8000033c (0xd0080b53) c768_mstatus 0x80006000 f22 0x00000000
core   0: 3 0x80000340 (0xd01c07d3) c768_mstatus 0x80006000 f15 0x4f000000
core   0: 3 0x80000344 (0xc0020d53) x26 0x00000000
core   0: 3 0x80000348 (0xc01307d3) x15 0x00001020
core   0: 3 0x8000034c (0x58038553) c768_mstatus 0x80006000 f10 0x7fc00000
core   0: 3 0x80000350 (0x29a986d3) c768_mstatus 0x80006000 f13 0x00000000
core   0: 3 0x80000354 (0xd01f0cd3) c768_mstatus 0x80006000 f25 0x00000000
core   0: 3 0x80000358 (0xd01d09d3) c768_mstatus 0x80006000 f19 0x00000000
core   0: 3 0x8000035c (0x28d293d3) c768_mstatus 0x80006000 f 7 0x00000000
core   0: 3 0x80000360 (0x580d0753) c768_mstatus 0x80006000 f14 0x00000000
core   0: 3 0x80000364 (0x580186d3) c768_mstatus 0x80006000 f13 0x00000000
core   0: 3 0x80000368 (0x08a68b53) c768_mstatus 0x80006000 f22 0x7fc00000
core   0: 3 0x8000036c (0xd00e8253) c1_fflags 0x00000011 c768_mstatus 0x80006000 f 4 0x4f000000
core   0: 3 0x80000370 (0xd00e8dd3) c1_fflags 0x00000011 c768_mstatus 0x80006000 f27 0x4f000000
core   0: 3 0x80000374 (0xc0178b53) x22 0x80000000
core   0: 3 0x80000378 (0xd00c0cd3) c768_mstatus 0x80006000 f25 0xcf000000
core   0: 3 0x8000037c (0x11270e53) c768_mstatus 0x80006000 f28 0x7fc00000
core   0: 3 0x80000380 (0x29410f53) c768_mstatus 0x80006000 f30 0x00000000
core   0: 3 0x80000384 (0xc01b8953) x18 0x00000000
core   0: 3 0x80000388 (0x091309d3) c768_mstatus 0x80006000 f19 0x45810000
core   0: 3 0x8000038c (0x58018cd3) c768_mstatus 0x80006000 f25 0x00000000
core   0: 3 0x80000390 (0x580e0bd3) c768_mstatus 0x80006000 f23 0x7fc00000
core   0: 3 0x80000394 (0xc00b0553) c1_fflags 0x00000011 c768_mstatus 0x80006000 x10 0x7fffffff
core   0: 3 0x80000398 (0xc0008ad3) x21 0x00000000
core   0: 3 0x8000039c (0xc01e8bd3) x23 0x00000000
core   0: 3 0x800003a0 (0x58020cd3) c1_fflags 0x00000011 c768_mstatus 0x80006000 f25 0x473504f3
core   0: 3 0x800003a4 (0x084800d3) c768_mstatus 0x80006000 f 1 0xcf000000
core   0: 3 0x800003a8 (0xc00f81d3) x 3 0x00000000
core   0: 3 0x800003ac (0x012782d3) c768_mstatus 0x80006000 f 5 0x7fc00000
core   0: 3 0x800003b0 (0xc0060ed3) x29 0x00000000
core   0: 3 0x800003b4 (0x29941953) c768_mstatus 0x80006000 f18 0x473504f3
core   0: 3 0x800003b8 (0x580e0cd3) c768_mstatus 0x80006000 f25 0x7fc00000
core   0: 3 0x800003bc (0xd0110ed3) c768_mstatus 0x80006000 f29 0x00000000
core   0: 3 0x800003c0 (0xc01b0953) c1_fflags 0x00000011 c768_mstatus 0x80006000 x18 0xffffffff
core   0: 3 0x800003c4 (0xd0158cd3) c768_mstatus 0x80006000 f25 0x45810000
core   0: 3 0x800003c8 (0xc00984d3) x 9 0x00001020
core   0: 3 0x800003cc (0x28948353) c768_mstatus 0x80006000 f 6 0x00000000
core   0: 3 0x800003d0 (0x58078bd3) c1_fflags 0x00000011 c768_mstatus 0x80006000 f23 0x473504f3
core   0: 3 0x800003d4 (0x01090353) c768_mstatus 0x80006000 f 6 0x473504f3
core   0: 3 0x800003d8 (0x183304d3) c1_fflags 0x00000019 c768_mstatus 0x80006000 f 9 0x7f800000
core   0: 3 0x800003dc (0x58030153) c1_fflags 0x00000019 c768_mstatus 0x80006000 f 2 0x435744fd
core   0: 3 0x800003e0 (0xd0110bd3) c768_mstatus 0x80006000 f23 0x00000000
core   0: 3 0x800003e4 (0xd01f0dd3) c768_mstatus 0x80006000 f27 0x00000000
core   0: 3 0x800003e8 (0x29b792d3) c768_mstatus 0x80006000 f 5 0x4f000000
core   0: 3 0x800003ec (0xc0080153) x 2 0x00000000
core   0: 3 0x800003f0 (0x28f98bd3) c768_mstatus 0x80006000 f23 0x45810000
core   0: 3 0x800003f4 (0xd01c8fd3) c768_mstatus 0x80006000 f31 0x00000000
core   0: 3 0x800003f8 (0xc0098753) x14 0x00001020
core   0: 3 0x800003fc (0x29729ed3) c768_mstatus 0x80006000 f29 0x4f000000
core   0: 3 0x80000400 (0x58038bd3) c768_mstatus 0x80006000 f23 0x00000000
core   0: 3 0x80000404 (0xc0168ad3) x21 0x00000000
core   0: 3 0x80000408 (0x00eb84d3) c768_mstatus 0x80006000 f 9 0x00000000
core   0: 3 0x8000040c (0xc00d0453) x 8 0x00000000
core   0: 3 0x80000410 (0xc0060dd3) x27 0x00000000
core   0: 3 0x80000414 (0xd0018a53) c768_mstatus 0x80006000 f20 0x00000000
core   0: 3 0x80000418 (0x580180d3) c768_mstatus 0x80006000 f 1 0x00000000
core   0: 3 0x8000041c (0x294a9153) c768_mstatus 0x80006000 f 2 0x00000000
core   0: 3 0x80000420 (0xd0020c53) c768_mstatus 0x80006000 f24 0x00000000
core   0: 3 0x80000424 (0xd01200d3) c768_mstatus 0x80006000 f 1 0x00000000
core   0: 3 0x80000428 (0x28e89c53) c768_mstatus 0x80006000 f24 0x00000000
core   0: 3 0x8000042c (0xd0198253) c768_mstatus 0x80006000 f 4 0x00000000
core   0: 3 0x80000430 (0xc00c0ad3) x21 0x00000000
core   0: 3 0x80000434 (0x580f0d53) c768_mstatus 0x80006000 f26 0x00000000
core   0: 3 0x80000438 (0xc01c8dd3) x27 0x00001020
core   0: 3 0x8000043c (0x29d401d3) c768_mstatus 0x80006000 f 3 0x00000000
core   0: 3 0x80000440 (0x18e60653) c1_fflags 0x00000019 c768_mstatus 0x80006000 f12 0x7fc00000
core   0: 3 0x80000444 (0x08f78953) c768_mstatus 0x80006000 f18 0x00000000
core   0: 3 0x80000448 (0x580a89d3) c768_mstatus 0x80006000 f19 0x00000000
core   0: 3 0x8000044c (0x580a8e53) c768_mstatus 0x80006000 f28 0x00000000
core   0: 3 0x80000450 (0xd01209d3) c768_mstatus 0x80006000 f19 0x00000000
core   0: 3 0x80000454 (0x29e50a53) c768_mstatus 0x80006000 f20 0x00000000
core   0: 3 0x80000458 (0x280c9dd3) c768_mstatus 0x80006000 f27 0x45810000
core   0: 3 0x8000045c (0xc00388d3) x17 0x00000000
core   0: 3 0x80000460 (0x580400d3) c768_mstatus 0x80006000 f 1 0x00000000
core   0: 3 0x80000464 (0x01b88a53) c768_mstatus 0x80006000 f20 0x45810000
core   0: 3 0x80000468 (0x58060dd3) c768_mstatus 0x80006000 f27 0x7fc00000
core   0: 3 0x8000046c (0x28a31e53) c768_mstatus 0x80006000 f28 0x473504f3
core   0: 3 0x80000470 (0x29a20bd3) c768_mstatus 0x80006000 f23 0x00000000
core   0: 3 0x80000474 (0x008088d3) c768_mstatus 0x80006000 f17 0x00000000
core   0: 3 0x80000478 (0xd01c01d3) c768_mstatus 0x80006000 f 3 0x4f000000
core   0: 3 0x8000047c (0x58018153) c1_fflags 0x00000019 c768_mstatus 0x80006000 f 2 0x473504f3
core   0: 3 0x80000480 (0x283014d3) c768_mstatus 0x80006000 f 9 0x4f000000
core   0: 3 0x80000484 (0xd00185d3) c768_mstatus 0x80006000 f11 0x00000000
core   0: 3 0x80000488 (0x28368bd3) c768_mstatus 0x80006000 f23 0x00000000
core   0: 3 0x8000048c (0x58058ad3) c768_mstatus 0x80006000 f21 0x00000000
core   0: 3 0x80000490 (0xd01d0c53) c768_mstatus 0x80006000 f24 0x00000000
core   0: 3 0x80000494 (0x29378d53) c768_mstatus 0x80006000 f26 0x00000000
core   0: 3 0x80000498 (0xd01e03d3) c768_mstatus 0x80006000 f 7 0x00000000
core   0: 3 0x8000049c (0x01fd02d3) c768_mstatus 0x80006000 f 5 0x00000000
core   0: 3 0x800004a0 (0x197e8a53) c1_fflags 0x00000019 c768_mstatus 0x80006000 f20 0x7f800000
core   0: 3 0x800004a4 (0xd01385d3) c768_mstatus 0x80006000 f11 0x00000000
core   0: 3 0x800004a8 (0xc00b8d53) x26 0x00000000
core   0: 3 0x800004ac (0x09b70f53) c768_mstatus 0x80006000 f30 0x7fc00000
core   0: 3 0x800004b0 (0x08af8653) c768_mstatus 0x80006000 f12 0x7fc00000
core   0: 3 0x800004b4 (0x18250753) c768_mstatus 0x80006000 f14 0x7fc00000
core   0: 3 0x800004b8 (0x297d8053) c768_mstatus 0x80006000 f 0 0x00000000
core   0: 3 0x800004bc (0x58020053) c768_mstatus 0x80006000 f 0 0x00000000
core   0: 3 0x800004c0 (0x28d29153) c768_mstatus 0x80006000 f 2 0x00000000
core   0: 3 0x800004c4 (0xc01c03d3) x 7 0x00000000
core   0: 3 0x800004c8 (0x285a8f53) c768_mstatus 0x80006000 f30 0x00000000
core   0: 3 0x800004cc (0x580f8953) c768_mstatus 0x80006000 f18 0x00000000
core   0: 3 0x800004d0 (0x580209d3) c768_mstatus 0x80006000 f19 0x00000000
core   0: 3 0x800004d4 (0x293916d3) c768_mstatus 0x80006000 f13 0x00000000
core   0: 3 0x800004d8 (0x28328453) c768_mstatus 0x80006000 f 8 0x00000000
core   0: 3 0x800004dc (0xd01e8153) c768_mstatus 0x80006000 f 2 0x00000000
core   0: 3 0x800004e0 (0xd0040f53) c768_mstatus 0x80006000 f30 0x00000000
core   0: 3 0x800004e4 (0x28db10d3) c768_mstatus 0x80006000 f 1 0x00000000
core   0: 3 0x800004e8 (0xc0008cd3) x25 0x00000000
core   0: 3 0x800004ec (0xc00585d3) x11 0x00000000
core   0: 3 0x800004f0 (0x11128a53) c768_mstatus 0x80006000 f20 0x00000000
core   0: 3 0x800004f4 (0xc01c0e53) x28 0x00000000
core   0: 3 0x800004f8 (0x287085d3) c768_mstatus 0x80006000 f11 0x00000000
core   0: 3 0x800004fc (0x580a8dd3) c768_mstatus 0x80006000 f27 0x00000000
core   0: 3 0x80000500 (0x291601d3) c768_mstatus 0x80006000 f 3 0x00000000
core   0: 3 0x80000504 (0xd0128353) c768_mstatus 0x80006000 c1_fflags 0x00000019 f 6 0x4f000000
core   0: 3 0x80000508 (0x11808753) c768_mstatus 0x80006000 f14 0x00000000
core   0: 3 0x8000050c (0xc01f8d53) x26 0x00000000
core   0: 3 0x80000510 (0x28ca98d3) c768_mstatus 0x80006000 f17 0x00000000
core   0: 3 0x80000514 (0x28998dd3) c768_mstatus 0x80006000 f27 0x00000000
core   0: 3 0x80000518 (0x58080dd3) c768_mstatus 0x80006000 f27 0x00000000
core   0: 3 0x8000051c (0x580007d3) c768_mstatus 0x80006000 f15 0x00000000
core   0: 3 0x80000520 (0x580e84d3) c1_fflags 0x00000019 c768_mstatus 0x80006000 f 9 0x473504f3
core   0: 3 0x80000524 (0xc0170ad3) x21 0x00000000
core   0: 3 0x80000528 (0xd0008ed3) c768_mstatus 0x80006000 f29 0x00000000
core   0: 3 0x8000052c (0xc0020cd3) x25 0x00000000
core   0: 3 0x80000530 (0x28dc1653) c768_mstatus 0x80006000 f12 0x00000000
core   0: 3 0x80000534 (0xd01109d3) c768_mstatus 0x80006000 f19 0x00000000
core   0: 3 0x80000538 (0xd01b8d53) c768_mstatus 0x80006000 f26 0x00000000
core   0: 3 0x8000053c (0x29eb81d3) c768_mstatus 0x80006000 f 3 0x00000000
core   0: 3 0x80000540 (0x289d9fd3) c768_mstatus 0x80006000 f31 0x473504f3
core   0: 3 0x80000544 (0x58090153) c768_mstatus 0x80006000 f 2 0x00000000
core   0: 3 0x80000548 (0x28f910d3) c768_mstatus 0x80006000 f 1 0x00000000
core   0: 3 0x8000054c (0x58080153) c768_mstatus 0x80006000 f 2 0x00000000
core   0: 3 0x80000550 (0xc0110e53) x28 0x00000000
core   0: 3 0x80000554 (0x281900d3) c768_mstatus 0x80006000 f 1 0x00000000
core   0: 3 0x80000558 (0xc01c81d3) x 3 0x00001020
core   0: 3 0x8000055c (0x58000653) c768_mstatus 0x80006000 f12 0x00000000
core   0: 3 0x80000560 (0x29081553) c768_mstatus 0x80006000 f10 0x00000000
core   0: 3 0x80000564 (0x28819e53) c768_mstatus 0x80006000 f28 0x00000000
core   0: 3 0x80000568 (0x28f704d3) c768_mstatus 0x80006000 f 9 0x00000000
core   0: 3 0x8000056c (0x10908453) c768_mstatus 0x80006000 f 8 0x00000000
core   0: 3 0x80000570 (0x580c0d53) c768_mstatus 0x80006000 f26 0x00000000
core   0: 3 0x80000574 (0xd00b8253) c768_mstatus 0x80006000 f 4 0x00000000
core   0: 3 0x80000578 (0x09078a53) c768_mstatus 0x80006000 f20 0x00000000
core   0: 3 0x8000057c (0x287813d3) c768_mstatus 0x80006000 f 7 0x00000000
core   0: 3 0x80000580 (0x293980d3) c768_mstatus 0x80006000 f 1 0x00000000
core   0: 3 0x80000584 (0xd0118bd3) c768_mstatus 0x80006000 f23 0x45810000
core   0: 3 0x80000588 (0x10360ed3) c768_mstatus 0x80006000 f29 0x00000000
core   0: 3 0x8000058c (0x58050953) c768_mstatus 0x80006000 f18 0x00000000
core   0: 3 0x80000590 (0x29191153) c768_mstatus 0x80006000 f 2 0x00000000
core   0: 3 0x80000594 (0xc01a0753) x14 0x00000000
core   0: 3 0x80000598 (0x096b86d3) c768_mstatus 0x80006000 f13 0x7fc00000
core   0: 3 0x8000059c (0x11978953) c768_mstatus 0x80006000 f18 0x00000000
core   0: 3 0x800005a0 (0x01c80653) c768_mstatus 0x80006000 f12 0x00000000
core   0: 3 0x800005a4 (0x58000c53) c768_mstatus 0x80006000 f24 0x00000000
core   0: 3 0x800005a8 (0x580e8853) c768_mstatus 0x80006000 f16 0x00000000
core   0: 3 0x800005ac (0x580e00d3) c768_mstatus 0x80006000 f 1 0x00000000
core   0: 3 0x800005b0 (0x08958a53) c768_mstatus 0x80006000 f20 0x00000000
core   0: 3 0x800005b4 (0x58038e53) c768_mstatus 0x80006000 f28 0x00000000
core   0: 3 0x800005b8 (0xc0020253) x 4 0x00000000
core   0: 3 0x800005bc (0xc0120d53) x26 0x00000000
core   0: 3 0x800005c0 (0x00870bd3) c768_mstatus 0x80006000 f23 0x00000000
core   0: 3 0x800005c4 (0x28b28ed3) c768_mstatus 0x80006000 f29 0x00000000
core   0: 3 0x800005c8 (0x580f82d3) c1_fflags 0x00000019 c768_mstatus 0x80006000 f 5 0x435744fd
core   0: 3 0x800005cc (0x580789d3) c768_mstatus 0x80006000 f19 0x00000000
core   0: 3 0x800005d0 (0x29a61cd3) c768_mstatus 0x80006000 f25 0x00000000
core   0: 3 0x800005d4 (0xd01c83d3) c768_mstatus 0x80006000 f 7 0x00000000
core   0: 3 0x800005d8 (0xd00d0253) c768_mstatus 0x80006000 f 4 0x00000000
core   0: 3 0x800005dc (0xc00d0bd3) x23 0x00000000
core   0: 3 0x800005e0 (0x580b0fd3) c768_mstatus 0x80006000 f31 0x7fc00000
core   0: 3 0x800005e4 (0x286692d3) c768_mstatus 0x80006000 f 5 0x4f000000
core   0: 3 0x800005e8 (0xc01784d3) x 9 0x00000000
core   0: 3 0x800005ec (0xd01e09d3) c768_mstatus 0x80006000 f19 0x00000000
core   0: 3 0x800005f0 (0x291c1bd3) c768_mstatus 0x80006000 f23 0x00000000
core   0: 3 0x800005f4 (0xc00f0cd3) x25 0x00000000
core   0: 3 0x800005f8 (0x58078253) c768_mstatus 0x80006000 f 4 0x00000000
core   0: 3 0x800005fc (0x580287d3) c1_fflags 0x00000019 c768_mstatus 0x80006000 f15 0x473504f3
core   0: 3 0x80000600 (0x00ff0153) c768_mstatus 0x80006000 f 2 0x473504f3
core   0: 3 0x80000604 (0x086c05d3) c768_mstatus 0x80006000 f11 0xcf000000
core   0: 3 0x80000608 (0x09798c53) c768_mstatus 0x80006000 f24 0x00000000
core   0: 3 0x8000060c (0xc01489d3) x19 0x00000000
core   0: 3 0x80000610 (0xc01987d3) x15 0x00000000
core   0: 3 0x80000614 (0x00a70b53) c768_mstatus 0x80006000 f22 0x00000000
core   0: 3 0x80000618 (0x19af84d3) c768_mstatus 0x80006000 f 9 0x7fc00000
core   0: 3 0x8000061c (0x10a28b53) c768_mstatus 0x80006000 f22 0x00000000
core   0: 3 0x80000620 (0x29eb9853) c768_mstatus 0x80006000 f16 0x00000000
core   0: 3 0x80000624 (0x287f9353) c768_mstatus 0x80006000 f 6 0x00000000
core   0: 3 0x80000628 (0xc00d0a53) x20 0x00000000
core   0: 3 0x8000062c (0x29c112d3) c768_mstatus 0x80006000 f 5 0x473504f3
core   0: 3 0x80000630 (0x58018fd3) c768_mstatus 0x80006000 f31 0x00000000
core   0: 3 0x80000634 (0x292a8fd3) c768_mstatus 0x80006000 f31 0x00000000
core   0: 3 0x80000638 (0x01390853) c768_mstatus 0x80006000 f16 0x00000000
core   0: 3 0x8000063c (0x29890ad3) c768_mstatus 0x80006000 f21 0x00000000
core   0: 3 0x80000640 (0x19c58bd3) c1_fflags 0x00000019 c768_mstatus 0x80006000 f23 0xff800000
core   0: 3 0x80000644 (0xd0008b53) c768_mstatus 0x80006000 f22 0x00000000
core   0: 3 0x80000648 (0xd00c00d3) c768_mstatus 0x80006000 f 1 0xcf000000
core   0: 3 0x8000064c (0x29318853) c768_mstatus 0x80006000 f16 0x00000000
core   0: 3 0x80000650 (0x18f289d3) c768_mstatus 0x80006000 f19 0x3f800000
core   0: 3 0x80000654 (0x198585d3) c1_fflags 0x00000019 c768_mstatus 0x80006000 f11 0xff800000
core   0: 3 0x80000658 (0x19a70953) c1_fflags 0x00000019 c768_mstatus 0x80006000 f18 0x7fc00000
core   0: 3 0x8000065c (0x580d8b53) c768_mstatus 0x80006000 f22 0x00000000
core   0: 3 0x80000660 (0xc00900d3) c1_fflags 0x00000019 c768_mstatus 0x80006000 x 1 0x7fffffff
core   0: 3 0x80000664 (0x58098d53) c768_mstatus 0x80006000 f26 0x3f800000
core   0: 3 0x80000668 (0x29ec04d3) c768_mstatus 0x80006000 f 9 0x00000000
core   0: 3 0x8000066c (0xd00e06d3) c768_mstatus 0x80006000 f13 0x00000000
core   0: 3 0x80000670 (0xd0078653) c768_mstatus 0x80006000 f12 0x00000000
core   0: 3 0x80000674 (0x29df9253) c768_mstatus 0x80006000 f 4 0x00000000
core   0: 3 0x80000678 (0x58000853) c768_mstatus 0x80006000 f16 0x00000000
core   0: 3 0x8000067c (0x08608053) c768_mstatus 0x80006000 f 0 0xcf000000
core   0: 3 0x80000680 (0xd0008dd3) c1_fflags 0x00000019 c768_mstatus 0x80006000 f27 0x4f000000
core   0: 3 0x80000684 (0xd00e8b53) c768_mstatus 0x80006000 f22 0x00000000
core   0: 3 0x80000688 (0xc00382d3) x 5 0x00000000
core   0: 3 0x8000068c (0xc01c8553) x10 0x00000000
core   0: 3 0x80000690 (0xd00a8ed3) c768_mstatus 0x80006000 f29 0x00000000
core   0: 3 0x80000694 (0xc0100bd3) c1_fflags 0x00000019 c768_mstatus 0x80006000 x23 0x00000000
core   0: 3 0x80000698 (0x58030653) c768_mstatus 0x80006000 f12 0x00000000
core   0: 3 0x8000069c (0xc00387d3) x15 0x00000000
core   0: 3 0x800006a0 (0xc00805d3) x11 0x00000000
core   0: 3 0x800006a4 (0x11130153) c768_mstatus 0x80006000 f 2 0x00000000
core   0: 3 0x800006a8 (0x28f407d3) c768_mstatus 0x80006000 f15 0x00000000
core   0: 3 0x800006ac (0x286a1b53) c768_mstatus 0x80006000 f22 0x00000000
core   0: 3 0x800006b0 (0x580b0953) c768_mstatus 0x80006000 f18 0x00000000
core   0: 3 0x800006b4 (0x29db9453) c768_mstatus 0x80006000 f 8 0x00000000
core   0: 3 0x800006b8 (0x580608d3) c768_mstatus 0x80006000 f17 0x00000000
core   0: 3 0x800006bc (0xc0050cd3) x25 0x00000000
core   0: 3 0x800006c0 (0x19f88853) c1_fflags 0x00000019 c768_mstatus 0x80006000 f16 0x7fc00000
core   0: 3 0x800006c4 (0x287e9bd3) c768_mstatus 0x80006000 f23 0x00000000
core   0: 3 0x800006c8 (0x08548653) c768_mstatus 0x80006000 f12 0xc73504f3
core   0: 3 0x800006cc (0x29439853) c768_mstatus 0x80006000 f16 0x00000000
core   0: 3 0x800006d0 (0xc01f03d3) x 7 0x00000000
core   0: 3 0x800006d4 (0xd01d8f53) c768_mstatus 0x80006000 f30 0x45810000
core   0: 3 0x800006d8 (0x296b8453) c768_mstatus 0x80006000 f 8 0x00000000
core   0: 3 0x800006dc (0xd00c82d3) c768_mstatus 0x80006000 f 5 0x00000000
core   0: 3 0x800006e0 (0x29b38353) c768_mstatus 0x80006000 f 6 0x00000000
core   0: 3 0x800006e4 (0x28f093d3) c768_mstatus 0x80006000 f 7 0x00000000
core   0: 3 0x800006e8 (0xd00387d3) c768_mstatus 0x80006000 f15 0x00000000
core   0: 3 0x800006ec (0x292997d3) c768_mstatus 0x80006000 f15 0x3f800000
core   0: 3 0x800006f0 (0x28ed1ad3) c768_mstatus 0x80006000 f21 0x3f800000
core   0: 3 0x800006f4 (0xc00a0253) x 4 0x00000000
core   0: 3 0x800006f8 (0x28099c53) c768_mstatus 0x80006000 f24 0x3f800000
core   0: 3 0x800006fc (0x580409d3) c768_mstatus 0x80006000 f19 0x00000000
core   0: 3 0x80000700 (0x10e88d53) c768_mstatus 0x80006000 f26 0x00000000
core   0: 3 0x80000704 (0x58050bd3) c768_mstatus 0x80006000 f23 0x00000000
core   0: 3 0x80000708 (0x58058ed3) c1_fflags 0x00000019 c768_mstatus 0x80006000 f29 0x7fc00000
core   0: 3 0x8000070c (0xc01f0d53) x26 0x00001020
core   0: 3 0x80000710 (0xc01d02d3) x 5 0x00000000
core   0: 3 0x80000714 (0x180180d3) c768_mstatus 0x80006000 f 1 0x80000000
core   0: 3 0x80000718 (0x001c87d3) c768_mstatus 0x80006000 f15 0x00000000
core   0: 3 0x8000071c (0x00050d53) c768_mstatus 0x80006000 f26 0xcf000000
core   0: 3 0x80000720 (0x580500d3) c768_mstatus 0x80006000 f 1 0x00000000
core   0: 3 0x80000724 (0x58000d53) c1_fflags 0x00000019 c768_mstatus 0x80006000 f26 0x7fc00000
core   0: 3 0x80000728 (0x009e0cd3) c768_mstatus 0x80006000 f25 0x00000000
core   0: 3 0x8000072c (0xc01f0cd3) x25 0x00001020
core   0: 3 0x80000730 (0x580609d3) c1_fflags 0x00000019 c768_mstatus 0x80006000 f19 0x7fc00000
core   0: 3 0x80000734 (0xc00a0cd3) x25 0x00000000
core   0: 3 0x80000738 (0x58000dd3) c1_fflags 0x00000019 c768_mstatus 0x80006000 f27 0x7fc00000
core   0: 3 0x8000073c (0x28ac89d3) c768_mstatus 0x80006000 f19 0x00000000
core   0: 3 0x80000740 (0xd0148a53) c768_mstatus 0x80006000 f20 0x00000000
core   0: 3 0x80000744 (0x28800b53) c768_mstatus 0x80006000 f22 0xcf000000
core   0: 3 0x80000748 (0x29878853) c768_mstatus 0x80006000 f16 0x00000000
core   0: 3 0x8000074c (0xd0050753) c768_mstatus 0x80006000 f14 0x00000000
core   0: 3 0x80000750 (0x29ba9053) c768_mstatus 0x80006000 f 0 0x3f800000
core   0: 3 0x80000754 (0xc00f0d53) x26 0x00001020
core   0: 3 0x80000758 (0x580f8bd3) c768_mstatus 0x80006000 f23 0x00000000
core   0: 3 0x8000075c (0xd01a8c53) c768_mstatus 0x80006000 f24 0x00000000
core   0: 3 0x80000760 (0xc01c09d3) x19 0x00000000
core   0: 3 0x80000764 (0x088d0253) c768_mstatus 0x80006000 f 4 0x7fc00000
core   0: 3 0x80000768 (0x580b0ed3) c1_fflags 0x00000019 c768_mstatus 0x80006000 f29 0x7fc00000
core   0: 3 0x8000076c (0x281f80d3) c768_mstatus 0x80006000 f 1 0x00000000
core   0: 3 0x80000770 (0xd0190353) c768_mstatus 0x80006000 c1_fflags 0x00000019 f 6 0x4f800000
core   0: 3 0x80000774 (0x580a06d3) c768_mstatus 0x80006000 f13 0x00000000
core   0: 3 0x80000778 (0x292c8fd3) c768_mstatus 0x80006000 f31 0x00000000
core   0: 3 0x8000077c (0xc01e8453) c1_fflags 0x00000019 c768_mstatus 0x80006000 x 8 0xffffffff
core   0: 3 0x80000780 (0x194b87d3) c1_fflags 0x00000019 c768_mstatus 0x80006000 f15 0x7fc00000
core   0: 3 0x80000784 (0x11a28e53) c768_mstatus 0x80006000 f28 0x7fc00000
core   0: 3 0x80000788 (0x18c507d3) c768_mstatus 0x80006000 f15 0x80000000
core   0: 3 0x8000078c (0x29c19b53) c768_mstatus 0x80006000 f22 0x00000000
core   0: 3 0x80000790 (0x19ae0bd3) c768_mstatus 0x80006000 f23 0x7fc00000
core   0: 3 0x80000794 (0xc00589d3) c1_fflags 0x00000019 c768_mstatus 0x80006000 x19 0x80000000
core   0: 3 0x80000798 (0xd0028853) c768_mstatus 0x80006000 f16 0x00000000
core   0: 3 0x8000079c (0x58080bd3) c768_mstatus 0x80006000 f23 0x00000000
core   0: 3 0x800007a0 (0x093c89d3) c768_mstatus 0x80006000 f19 0x00000000
core   0: 3 0x800007a4 (0x10f28853) c768_mstatus 0x80006000 f16 0x80000000
core   0: 3 0x800007a8 (0x58050a53) c768_mstatus 0x80006000 f20 0x00000000
core   0: 3 0x800007ac (0x580882d3) c768_mstatus 0x80006000 f 5 0x00000000
core   0: 3 0x800007b0 (0xc00201d3) c1_fflags 0x00000019 c768_mstatus 0x80006000 x 3 0x7fffffff
core   0: 3 0x800007b4 (0x19da8e53) c768_mstatus 0x80006000 f28 0x7fc00000
core   0: 3 0x800007b8 (0x580804d3) c768_mstatus 0x80006000 f 9 0x80000000
core   0: 3 0x800007bc (0xc0018d53) x26 0x00000000
core   0: 3 0x800007c0 (0xd0160dd3) c768_mstatus 0x80006000 f27 0x00000000
core   0: 3 0x800007c4 (0xc0060f53) c1_fflags 0x00000019 c768_mstatus 0x80006000 x30 0xffff4afb
core   0: 3 0x800007c8 (0xd00d0b53) c768_mstatus 0x80006000 f22 0x00000000
core   0: 3 0x800007cc (0x191a8c53) c1_fflags 0x00000019 c768_mstatus 0x80006000 f24 0x7f800000
core   0: 3 0x800007d0 (0x580b00d3) c768_mstatus 0x80006000 f 1 0x00000000
core   0: 3 0x800007d4 (0x580a8fd3) c768_mstatus 0x80006000 f31 0x3f800000
core   0: 3 0x800007d8 (0xc00389d3) x19 0x00000000
core   0: 3 0x800007dc (0xc01c05d3) c1_fflags 0x00000019 c768_mstatus 0x80006000 x11 0xffffffff
core   0: 3 0x800007e0 (0xc01680d3) x 1 0x00000000
core   0: 3 0x800007e4 (0x180a02d3) c768_mstatus 0x80006000 f 5 0x00000000
core   0: 3 0x800007e8 (0x294e8953) c768_mstatus 0x80006000 f18 0x00000000
core   0: 3 0x800007ec (0x00f70d53) c768_mstatus 0x80006000 f26 0x00000000
core   0: 3 0x800007f0 (0x580a80d3) c768_mstatus 0x80006000 f 1 0x3f800000
core   0: 3 0x800007f4 (0x09138fd3) c768_mstatus 0x80006000 f31 0x00000000
core   0: 3 0x800007f8 (0xd00607d3) c768_mstatus 0x80006000 f15 0x00000000
core   0: 3 0x800007fc (0xd0078853) c768_mstatus 0x80006000 f16 0x00000000
core   0: 3 0x80000800 (0xc01782d3) x 5 0x00000000
core   0: 3 0x80000804 (0xd00180d3) c1_fflags 0x00000019 c768_mstatus 0x80006000 f 1 0x4f000000
core   0: 3 0x80000808 (0x282d82d3) c768_mstatus 0x80006000 f 5 0x00000000
core   0: 3 0x8000080c (0x09458553) c768_mstatus 0x80006000 f10 0xff800000
core   0: 3 0x80000810 (0x29040153) c768_mstatus 0x80006000 f 2 0x00000000
core   0: 3 0x80000814 (0x580407d3) c768_mstatus 0x80006000 f15 0x00000000
core   0: 3 0x80000818 (0xd0098e53) c768_mstatus 0x80006000 f28 0x00000000
core   0: 3 0x8000081c (0x58088ed3) c768_mstatus 0x80006000 f29 0x00000000
core   0: 3 0x80000820 (0xd0148c53) c768_mstatus 0x80006000 f24 0x00000000
core   0: 3 0x80000824 (0x28c58ed3) c768_mstatus 0x80006000 f29 0xff800000
core   0: 3 0x80000828 (0xc01204d3) c1_fflags 0x00000019 c768_mstatus 0x80006000 x 9 0xffffffff
core   0: 3 0x8000082c (0x29fc0153) c768_mstatus 0x80006000 f 2 0x00000000
core   0: 3 0x80000830 (0x28301b53) c768_mstatus 0x80006000 f22 0x3f800000
core   0: 3 0x80000834 (0x18698d53) c768_mstatus 0x80006000 f26 0x00000000
core   0: 3 0x80000838 (0x11af85d3) c768_mstatus 0x80006000 f11 0x00000000
core   0: 3 0x8000083c (0x010d0953) c768_mstatus 0x80006000 f18 0x00000000
core   0: 3 0x80000840 (0xc00d04d3) x 9 0x00000000
core   0: 3 0x80000844 (0x29f504d3) c768_mstatus 0x80006000 f 9 0xff800000
core   0: 3 0x80000848 (0xd01d87d3) c768_mstatus 0x80006000 f15 0x45810000
core   0: 3 0x8000084c (0xd00d03d3) c768_mstatus 0x80006000 f 7 0x00000000
core   0: 3 0x80000850 (0x29bf1ed3) c768_mstatus 0x80006000 f29 0x45810000
core   0: 3 0x80000854 (0x28b79553) c768_mstatus 0x80006000 f10 0x45810000
core   0: 3 0x80000858 (0x00100193) x 3 0x00000001
core   0: 3 0x8000085c (0x0040006f)
core   0: 3 0x80000860 (0x00000f17) x30 0x80000860
core   0: 3 0x80000864 (0x7a0f0f13) x30 0x80001000
core   0: 3 0x80000868 (0x003f2023) mem 0x80001000 0x00000001
core   0: 3 0x8000086c (0x0000006f)
core   0: 3 0x8000086c (0x0000006f)
core   0: 3 0x8000086c (0x0000006f)
core   0: 3 0x8000086c (0x0000006f)
core   0: 3 0x8000086c (0x0000006f)
core   0: 3 0x8000086c (0x0000006f)
core   0: 3 0x8000086c (0x0000006f)
core   0: 3 0x8000086c (0x0000006f)
core   0: 3 0x8000086c (0x0000006f)
core   0: 3 0x8000086c (0x0000006f)
core   0: 3 0x8000086c (0x0000006f)
core   0: 3 0x8000086c (0x0000006f)
core   0: 3 0x8000086c (0x0000006f)
core   0: 3 0x8000086c (0x0000006f)
core   0: 3 0x8000086c (0x0000006f)
core   0: 3 0x8000086c (0x0000006f)
core   0: 3 0x8000086c (0x0000006f)
core   0: 3 0x8000086c (0x0000006f)
core   0: 3 0x8000086c (0x0000006f)
core   0: 3 0x8000086c (0x0000006f)
core   0: 3 0x8000086c (0x0000006f)
core   0: 3 0x8000086c (0x0000006f)
core   0: 3 0x8000086c (0x0000006f)
core   0: 3 0x8000086c (0x0000006f)
core   0: 3 0x8000086c (0x0000006f)
core   0: 3 0x8000086c (0x0000006f)
core   0: 3 0x8000086c (0x0000006f)
core   0: 3 0x8000086c (0x0000006f)
core   0: 3 0x8000086c (0x0000006f)
core   0: 3 0x8000086c (0x0000006f)
core   0: 3 0x8000086c (0x0000006f)
core   0: 3 0x8000086c (0x0000006f)
core   0: 3 0x8000086c (0x0000006f)
core   0: 3 0x8000086c (0x0000006f)
core   0: 3 0x8000086c (0x0000006f)
core   0: 3 0x8000086c (0x0000006f)
core   0: 3 0x8000086c (0x0000006f)
core   0: 3 0x8000086c (0x0000006f)
core   0: 3 0x8000086c (0x0000006f)
core   0: 3 0x8000086c (0x0000006f)
core   0: 3 0x8000086c (0x0000006f)
core   0: 3 0x8000086c (0x0000006f)
core   0: 3 0x8000086c (0x0000006f)
core   0: 3 0x8000086c (0x0000006f)
core   0: 3 0x8000086c (0x0000006f)
core   0: 3 0x8000086c (0x0000006f)
core   0: 3 0x8000086c (0x0000006f)
core   0: 3 0x8000086c (0x0000006f)
core   0: 3 0x8000086c (0x0000006f)
core   0: 3 0x8000086c (0x0000006f)
core   0: 3 0x8000086c (0x0000006f)
core   0: 3 0x8000086c (0x0000006f)
core   0: 3 0x8000086c (0x0000006f)
core   0: 3 0x8000086c (0x0000006f)
core   0: 3 0x8000086c (0x0000006f)
core   0: 3 0x8000086c (0x0000006f)
core   0: 3 0x8000086c (0x0000006f)
core   0: 3 0x8000086c (0x0000006f)
core   0: 3 0x8000086c (0x0000006f)
core   0: 3 0x8000086c (0x0000006f)
core   0: 3 0x8000086c (0x0000006f)
core   0: 3 0x8000086c (0x0000006f)
core   0: 3 0x8000086c (0x0000006f)
core   0: 3 0x8000086c (0x0000006f)
core   0: 3 0x8000086c (0x0000006f)
core   0: 3 0x8000086c (0x0000006f)
core   0: 3 0x8000086c (0x0000006f)
core   0: 3 0x8000086c (0x0000006f)
core   0: 3 0x8000086c (0x0000006f)
core   0: 3 0x8000086c (0x0000006f)
core   0: 3 0x8000086c (0x0000006f)
core   0: 3 0x8000086c (0x0000006f)
core   0: 3 0x8000086c (0x0000006f)
core   0: 3 0x8000086c (0x0000006f)
core   0: 3 0x8000086c (0x0000006f)
core   0: 3 0x8000086c (0x0000006f)
core   0: 3 0x8000086c (0x0000006f)
core   0: 3 0x8000086c (0x0000006f)
core   0: 3 0x8000086c (0x0000006f)
core   0: 3 0x8000086c (0x0000006f)
core   0: 3 0x8000086c (0x0000006f)
core   0: 3 0x8000086c (0x0000006f)
core   0: 3 0x8000086c (0x0000006f)
core   0: 3 0x8000086c (0x0000006f)
core   0: 3 0x8000086c (0x0000006f)
core   0: 3 0x8000086c (0x0000006f)
core   0: 3 0x8000086c (0x0000006f)
core   0: 3 0x8000086c (0x0000006f)
core   0: 3 0x8000086c (0x0000006f)
core   0: 3 0x8000086c (0x0000006f)
core   0: 3 0x8000086c (0x0000006f)
core   0: 3 0x8000086c (0x0000006f)
core   0: 3 0x8000086c (0x0000006f)
core   0: 3 0x8000086c (0x0000006f)
core   0: 3 0x8000086c (0x0000006f)
core   0: 3 0x8000086c (0x0000006f)
core   0: 3 0x8000086c (0x0000006f)
core   0: 3 0x8000086c (0x0000006f)
core   0: 3 0x8000086c (0x0000006f)
core   0: 3 0x8000086c (0x0000006f)
core   0: 3 0x8000086c (0x0000006f)
core   0: 3 0x8000086c (0x0000006f)
core   0: 3 0x8000086c (0x0000006f)
core   0: 3 0x8000086c (0x0000006f)
core   0: 3 0x8000086c (0x0000006f)
core   0: 3 0x8000086c (0x0000006f)
core   0: 3 0x8000086c (0x0000006f)
core   0: 3 0x8000086c (0x0000006f)
core   0: 3 0x8000086c (0x0000006f)
core   0: 3 0x8000086c (0x0000006f)
core   0: 3 0x8000086c (0x0000006f)
core   0: 3 0x8000086c (0x0000006f)
core   0: 3 0x8000086c (0x0000006f)
core   0: 3 0x8000086c (0x0000006f)
core   0: 3 0x8000086c (0x0000006f)
core   0: 3 0x8000086c (0x0000006f)
core   0: 3 0x8000086c (0x0000006f)
core   0: 3 0x8000086c (0x0000006f)
core   0: 3 0x8000086c (0x0000006f)
core   0: 3 0x8000086c (0x0000006f)
core   0: 3 0x8000086c (0x0000006f)
core   0: 3 0x8000086c (0x0000006f)
core   0: 3 0x8000086c (0x0000006f)
core   0: 3 0x8000086c (0x0000006f)
core   0: 3 0x8000086c (0x0000006f)
core   0: 3 0x8000086c (0x0000006f)
core   0: 3 0x8000086c (0x0000006f)
core   0: 3 0x8000086c (0x0000006f)
core   0: 3 0x8000086c (0x0000006f)
core   0: 3 0x8000086c (0x0000006f)
core   0: 3 0x8000086c (0x0000006f)
core   0: 3 0x8000086c (0x0000006f)
core   0: 3 0x8000086c (0x0000006f)
core   0: 3 0x8000086c (0x0000006f)
core   0: 3 0x8000086c (0x0000006f)
core   0: 3 0x8000086c (0x0000006f)
core   0: 3 0x8000086c (0x0000006f)
core   0: 3 0x8000086c (0x0000006f)
core   0: 3 0x8000086c (0x0000006f)
core   0: 3 0x8000086c (0x0000006f)
core   0: 3 0x8000086c (0x0000006f)
core   0: 3 0x8000086c (0x0000006f)
core   0: 3 0x8000086c (0x0000006f)
core   0: 3 0x8000086c (0x0000006f)
core   0: 3 0x8000086c (0x0000006f)
core   0: 3 0x8000086c (0x0000006f)
core   0: 3 0x8000086c (0x0000006f)
core   0: 3 0x8000086c (0x0000006f)
core   0: 3 0x8000086c (0x0000006f)
core   0: 3 0x8000086c (0x0000006f)
core   0: 3 0x8000086c (0x0000006f)
core   0: 3 0x8000086c (0x0000006f)
core   0: 3 0x8000086c (0x0000006f)
core   0: 3 0x8000086c (0x0000006f)
core   0: 3 0x8000086c (0x0000006f)
core   0: 3 0x8000086c (0x0000006f)
core   0: 3 0x8000086c (0x0000006f)
core   0: 3 0x8000086c (0x0000006f)
core   0: 3 0x8000086c (0x0000006f)
core   0: 3 0x8000086c (0x0000006f)
core   0: 3 0x8000086c (0x0000006f)
core   0: 3 0x8000086c (0x0000006f)
core   0: 3 0x8000086c (0x0000006f)
core   0: 3 0x8000086c (0x0000006f)
core   0: 3 0x8000086c (0x0000006f)
core   0: 3 0x8000086c (0x0000006f)
core   0: 3 0x8000086c (0x0000006f)
core   0: 3 0x8000086c (0x0000006f)
core   0: 3 0x8000086c (0x0000006f)
core   0: 3 0x8000086c (0x0000006f)
core   0: 3 0x8000086c (0x0000006f)
core   0: 3 0x8000086c (0x0000006f)
core   0: 3 0x8000086c (0x0000006f)
core   0: 3 0x8000086c (0x0000006f)
core   0: 3 0x8000086c (0x0000006f)
core   0: 3 0x8000086c (0x0000006f)
core   0: 3 0x8000086c (0x0000006f)
core   0: 3 0x8000086c (0x0000006f)
core   0: 3 0x8000086c (0x0000006f)
core   0: 3 0x8000086c (0x0000006f)
core   0: 3 0x8000086c (0x0000006f)
core   0: 3 0x8000086c (0x0000006f)
core   0: 3 0x8000086c (0x0000006f)
core   0: 3 0x8000086c (0x0000006f)
core   0: 3 0x8000086c (0x0000006f)
core   0: 3 0x8000086c (0x0000006f)
core   0: 3 0x8000086c (0x0000006f)
core   0: 3 0x8000086c (0x0000006f)
core   0: 3 0x8000086c (0x0000006f)
core   0: 3 0x8000086c (0x0000006f)
core   0: 3 0x8000086c (0x0000006f)
core   0: 3 0x8000086c (0x0000006f)
core   0: 3 0x8000086c (0x0000006f)
core   0: 3 0x8000086c (0x0000006f)
core   0: 3 0x8000086c (0x0000006f)
core   0: 3 0x8000086c (0x0000006f)
core   0: 3 0x8000086c (0x0000006f)
core   0: 3 0x8000086c (0x0000006f)
core   0: 3 0x8000086c (0x0000006f)
core   0: 3 0x8000086c (0x0000006f)
core   0: 3 0x8000086c (0x0000006f)
core   0: 3 0x8000086c (0x0000006f)
core   0: 3 0x8000086c (0x0000006f)
core   0: 3 0x8000086c (0x0000006f)
core   0: 3 0x8000086c (0x0000006f)
core   0: 3 0x8000086c (0x0000006f)
core   0: 3 0x8000086c (0x0000006f)
core   0: 3 0x8000086c (0x0000006f)
core   0: 3 0x8000086c (0x0000006f)
core   0: 3 0x8000086c (0x0000006f)
core   0: 3 0x8000086c (0x0000006f)
core   0: 3 0x8000086c (0x0000006f)
core   0: 3 0x8000086c (0x0000006f)
core   0: 3 0x8000086c (0x0000006f)
core   0: 3 0x8000086c (0x0000006f)
core   0: 3 0x8000086c (0x0000006f)
core   0: 3 0x8000086c (0x0000006f)
core   0: 3 0x8000086c (0x0000006f)
core   0: 3 0x8000086c (0x0000006f)
core   0: 3 0x8000086c (0x0000006f)
core   0: 3 0x8000086c (0x0000006f)
core   0: 3 0x8000086c (0x0000006f)
core   0: 3 0x8000086c (0x0000006f)
core   0: 3 0x8000086c (0x0000006f)
core   0: 3 0x8000086c (0x0000006f)
core   0: 3 0x8000086c (0x0000006f)
core   0: 3 0x8000086c (0x0000006f)
core   0: 3 0x8000086c (0x0000006f)
core   0: 3 0x8000086c (0x0000006f)
core   0: 3 0x8000086c (0x0000006f)
core   0: 3 0x8000086c (0x0000006f)
core   0: 3 0x8000086c (0x0000006f)
core   0: 3 0x8000086c (0x0000006f)
core   0: 3 0x8000086c (0x0000006f)
core   0: 3 0x8000086c (0x0000006f)
core   0: 3 0x8000086c (0x0000006f)
core   0: 3 0x8000086c (0x0000006f)
core   0: 3 0x8000086c (0x0000006f)
core   0: 3 0x8000086c (0x0000006f)
core   0: 3 0x8000086c (0x0000006f)
core   0: 3 0x8000086c (0x0000006f)
core   0: 3 0x8000086c (0x0000006f)
core   0: 3 0x8000086c (0x0000006f)
core   0: 3 0x8000086c (0x0000006f)
core   0: 3 0x8000086c (0x0000006f)
core   0: 3 0x8000086c (0x0000006f)
core   0: 3 0x8000086c (0x0000006f)
core   0: 3 0x8000086c (0x0000006f)
core   0: 3 0x8000086c (0x0000006f)
core   0: 3 0x8000086c (0x0000006f)
core   0: 3 0x8000086c (0x0000006f)
core   0: 3 0x8000086c (0x0000006f)
core   0: 3 0x8000086c (0x0000006f)
core   0: 3 0x8000086c (0x0000006f)
core   0: 3 0x8000086c (0x0000006f)
core   0: 3 0x8000086c (0x0000006f)
core   0: 3 0x8000086c (0x0000006f)
core   0: 3 0x8000086c (0x0000006f)
core   0: 3 0x8000086c (0x0000006f)
core   0: 3 0x8000086c (0x0000006f)
core   0: 3 0x8000086c (0x0000006f)
core   0: 3 0x8000086c (0x0000006f)
core   0: 3 0x8000086c (0x0000006f)
core   0: 3 0x8000086c (0x0000006f)
core   0: 3 0x8000086c (0x0000006f)
core   0: 3 0x8000086c (0x0000006f)
core   0: 3 0x8000086c (0x0000006f)
core   0: 3 0x8000086c (0x0000006f)
core   0: 3 0x8000086c (0x0000006f)
core   0: 3 0x8000086c (0x0000006f)
core   0: 3 0x8000086c (0x0000006f)
core   0: 3 0x8000086c (0x0000006f)
core   0: 3 0x8000086c (0x0000006f)
core   0: 3 0x8000086c (0x0000006f)
core   0: 3 0x8000086c (0x0000006f)
core   0: 3 0x8000086c (0x0000006f)
core   0: 3 0x8000086c (0x0000006f)
core   0: 3 0x8000086c (0x0000006f)
core   0: 3 0x8000086c (0x0000006f)
core   0: 3 0x8000086c (0x0000006f)
core   0: 3 0x8000086c (0x0000006f)
core   0: 3 0x8000086c (0x0000006f)
core   0: 3 0x8000086c (0x0000006f)
core   0: 3 0x8000086c (0x0000006f)
core   0: 3 0x8000086c (0x0000006f)
core   0: 3 0x8000086c (0x0000006f)
core   0: 3 0x8000086c (0x0000006f)
core   0: 3 0x8000086c (0x0000006f)
core   0: 3 0x8000086c (0x0000006f)
core   0: 3 0x8000086c (0x0000006f)
core   0: 3 0x8000086c (0x0000006f)
core   0: 3 0x8000086c (0x0000006f)
core   0: 3 0x8000086c (0x0000006f)
core   0: 3 0x8000086c (0x0000006f)
core   0: 3 0x8000086c (0x0000006f)
core   0: 3 0x8000086c (0x0000006f)
core   0: 3 0x8000086c (0x0000006f)
core   0: 3 0x8000086c (0x0000006f)
core   0: 3 0x8000086c (0x0000006f)
core   0: 3 0x8000086c (0x0000006f)
core   0: 3 0x8000086c (0x0000006f)
core   0: 3 0x8000086c (0x0000006f)
core   0: 3 0x8000086c (0x0000006f)
core   0: 3 0x8000086c (0x0000006f)
core   0: 3 0x8000086c (0x0000006f)
core   0: 3 0x8000086c (0x0000006f)
core   0: 3 0x8000086c (0x0000006f)
core   0: 3 0x8000086c (0x0000006f)
core   0: 3 0x8000086c (0x0000006f)
core   0: 3 0x8000086c (0x0000006f)
core   0: 3 0x8000086c (0x0000006f)
core   0: 3 0x8000086c (0x0000006f)
core   0: 3 0x8000086c (0x0000006f)
core   0: 3 0x8000086c (0x0000006f)
core   0: 3 0x8000086c (0x0000006f)
core   0: 3 0x8000086c (0x0000006f)
core   0: 3 0x8000086c (0x0000006f)
core   0: 3 0x8000086c (0x0000006f)
core   0: 3 0x8000086c (0x0000006f)
core   0: 3 0x8000086c (0x0000006f)
core   0: 3 0x8000086c (0x0000006f)
core   0: 3 0x8000086c (0x0000006f)
core   0: 3 0x8000086c (0x0000006f)
core   0: 3 0x8000086c (0x0000006f)
core   0: 3 0x8000086c (0x0000006f)
core   0: 3 0x8000086c (0x0000006f)
core   0: 3 0x8000086c (0x0000006f)
core   0: 3 0x8000086c (0x0000006f)
core   0: 3 0x8000086c (0x0000006f)
core   0: 3 0x8000086c (0x0000006f)
core   0: 3 0x8000086c (0x0000006f)
core   0: 3 0x8000086c (0x0000006f)
core   0: 3 0x8000086c (0x0000006f)
core   0: 3 0x8000086c (0x0000006f)
core   0: 3 0x8000086c (0x0000006f)
core   0: 3 0x8000086c (0x0000006f)
core   0: 3 0x8000086c (0x0000006f)
core   0: 3 0x8000086c (0x0000006f)
core   0: 3 0x8000086c (0x0000006f)
core   0: 3 0x8000086c (0x0000006f)
core   0: 3 0x8000086c (0x0000006f)
core   0: 3 0x8000086c (0x0000006f)
core   0: 3 0x8000086c (0x0000006f)
core   0: 3 0x8000086c (0x0000006f)
core   0: 3 0x8000086c (0x0000006f)
core   0: 3 0x8000086c (0x0000006f)
core   0: 3 0x8000086c (0x0000006f)
core   0: 3 0x8000086c (0x0000006f)
core   0: 3 0x8000086c (0x0000006f)
core   0: 3 0x8000086c (0x0000006f)
core   0: 3 0x8000086c (0x0000006f)
core   0: 3 0x8000086c (0x0000006f)
core   0: 3 0x8000086c (0x0000006f)
core   0: 3 0x8000086c (0x0000006f)
core   0: 3 0x8000086c (0x0000006f)
core   0: 3 0x8000086c (0x0000006f)
core   0: 3 0x8000086c (0x0000006f)
core   0: 3 0x8000086c (0x0000006f)
core   0: 3 0x8000086c (0x0000006f)
core   0: 3 0x8000086c (0x0000006f)
core   0: 3 0x8000086c (0x0000006f)
core   0: 3 0x8000086c (0x0000006f)
core   0: 3 0x8000086c (0x0000006f)
core   0: 3 0x8000086c (0x0000006f)
core   0: 3 0x8000086c (0x0000006f)
core   0: 3 0x8000086c (0x0000006f)
core   0: 3 0x8000086c (0x0000006f)
core   0: 3 0x8000086c (0x0000006f)
core   0: 3 0x8000086c (0x0000006f)
core   0: 3 0x8000086c (0x0000006f)
core   0: 3 0x8000086c (0x0000006f)
core   0: 3 0x8000086c (0x0000006f)
core   0: 3 0x8000086c (0x0000006f)
core   0: 3 0x8000086c (0x0000006f)
core   0: 3 0x8000086c (0x0000006f)
core   0: 3 0x8000086c (0x0000006f)
core   0: 3 0x8000086c (0x0000006f)
core   0: 3 0x8000086c (0x0000006f)
core   0: 3 0x8000086c (0x0000006f)
core   0: 3 0x8000086c (0x0000006f)
core   0: 3 0x8000086c (0x0000006f)
core   0: 3 0x8000086c (0x0000006f)
core   0: 3 0x8000086c (0x0000006f)
core   0: 3 0x8000086c (0x0000006f)
core   0: 3 0x8000086c (0x0000006f)
core   0: 3 0x8000086c (0x0000006f)
core   0: 3 0x8000086c (0x0000006f)
core   0: 3 0x8000086c (0x0000006f)
core   0: 3 0x8000086c (0x0000006f)
core   0: 3 0x8000086c (0x0000006f)
core   0: 3 0x8000086c (0x0000006f)
core   0: 3 0x8000086c (0x0000006f)
core   0: 3 0x8000086c (0x0000006f)
core   0: 3 0x8000086c (0x0000006f)
core   0: 3 0x8000086c (0x0000006f)
core   0: 3 0x8000086c (0x0000006f)
core   0: 3 0x8000086c (0x0000006f)
core   0: 3 0x8000086c (0x0000006f)
core   0: 3 0x8000086c (0x0000006f)
core   0: 3 0x8000086c (0x0000006f)
core   0: 3 0x8000086c (0x0000006f)
core   0: 3 0x8000086c (0x0000006f)
core   0: 3 0x8000086c (0x0000006f)
core   0: 3 0x8000086c (0x0000006f)
core   0: 3 0x8000086c (0x0000006f)
core   0: 3 0x8000086c (0x0000006f)
core   0: 3 0x8000086c (0x0000006f)
core   0: 3 0x8000086c (0x0000006f)
core   0: 3 0x8000086c (0x0000006f)
core   0: 3 0x8000086c (0x0000006f)
core   0: 3 0x8000086c (0x0000006f)
core   0: 3 0x8000086c (0x0000006f)
core   0: 3 0x8000086c (0x0000006f)
core   0: 3 0x8000086c (0x0000006f)
core   0: 3 0x8000086c (0x0000006f)
core   0: 3 0x8000086c (0x0000006f)
core   0: 3 0x8000086c (0x0000006f)
core   0: 3 0x8000086c (0x0000006f)
core   0: 3 0x8000086c (0x0000006f)
core   0: 3 0x8000086c (0x0000006f)
core   0: 3 0x8000086c (0x0000006f)
core   0: 3 0x8000086c (0x0000006f)
core   0: 3 0x8000086c (0x0000006f)
core   0: 3 0x8000086c (0x0000006f)
core   0: 3 0x8000086c (0x0000006f)
core   0: 3 0x8000086c (0x0000006f)
core   0: 3 0x8000086c (0x0000006f)
core   0: 3 0x8000086c (0x0000006f)
core   0: 3 0x8000086c (0x0000006f)
core   0: 3 0x8000086c (0x0000006f)
core   0: 3 0x8000086c (0x0000006f)
core   0: 3 0x8000086c (0x0000006f)
core   0: 3 0x8000086c (0x0000006f)
core   0: 3 0x8000086c (0x0000006f)
core   0: 3 0x8000086c (0x0000006f)
core   0: 3 0x8000086c (0x0000006f)
core   0: 3 0x8000086c (0x0000006f)
core   0: 3 0x8000086c (0x0000006f)
core   0: 3 0x8000086c (0x0000006f)
core   0: 3 0x8000086c (0x0000006f)
core   0: 3 0x8000086c (0x0000006f)
core   0: 3 0x8000086c (0x0000006f)
core   0: 3 0x8000086c (0x0000006f)
core   0: 3 0x8000086c (0x0000006f)
core   0: 3 0x8000086c (0x0000006f)
core   0: 3 0x8000086c (0x0000006f)
core   0: 3 0x8000086c (0x0000006f)
core   0: 3 0x8000086c (0x0000006f)
core   0: 3 0x8000086c (0x0000006f)
core   0: 3 0x8000086c (0x0000006f)
core   0: 3 0x8000086c (0x0000006f)
core   0: 3 0x8000086c (0x0000006f)
core   0: 3 0x8000086c (0x0000006f)
core   0: 3 0x8000086c (0x0000006f)
core   0: 3 0x8000086c (0x0000006f)
core   0: 3 0x8000086c (0x0000006f)
core   0: 3 0x8000086c (0x0000006f)
core   0: 3 0x8000086c (0x0000006f)
core   0: 3 0x8000086c (0x0000006f)
core   0: 3 0x8000086c (0x0000006f)
core   0: 3 0x8000086c (0x0000006f)
core   0: 3 0x8000086c (0x0000006f)
core   0: 3 0x8000086c (0x0000006f)
core   0: 3 0x8000086c (0x0000006f)
core   0: 3 0x8000086c (0x0000006f)
core   0: 3 0x8000086c (0x0000006f)
core   0: 3 0x8000086c (0x0000006f)
core   0: 3 0x8000086c (0x0000006f)
core   0: 3 0x8000086c (0x0000006f)
core   0: 3 0x8000086c (0x0000006f)
core   0: 3 0x8000086c (0x0000006f)
core   0: 3 0x8000086c (0x0000006f)
core   0: 3 0x8000086c (0x0000006f)
core   0: 3 0x8000086c (0x0000006f)
core   0: 3 0x8000086c (0x0000006f)
core   0: 3 0x8000086c (0x0000006f)
core   0: 3 0x8000086c (0x0000006f)
core   0: 3 0x8000086c (0x0000006f)
core   0: 3 0x8000086c (0x0000006f)
core   0: 3 0x8000086c (0x0000006f)
core   0: 3 0x8000086c (0x0000006f)
core   0: 3 0x8000086c (0x0000006f)
core   0: 3 0x8000086c (0x0000006f)
core   0: 3 0x8000086c (0x0000006f)
core   0: 3 0x8000086c (0x0000006f)
core   0: 3 0x8000086c (0x0000006f)
core   0: 3 0x8000086c (0x0000006f)
core   0: 3 0x8000086c (0x0000006f)
core   0: 3 0x8000086c (0x0000006f)
core   0: 3 0x8000086c (0x0000006f)
core   0: 3 0x8000086c (0x0000006f)
core   0: 3 0x8000086c (0x0000006f)
core   0: 3 0x8000086c (0x0000006f)
core   0: 3 0x8000086c (0x0000006f)
core   0: 3 0x8000086c (0x0000006f)
core   0: 3 0x8000086c (0x0000006f)
core   0: 3 0x8000086c (0x0000006f)
core   0: 3 0x8000086c (0x0000006f)
core   0: 3 0x8000086c (0x0000006f)
core   0: 3 0x8000086c (0x0000006f)
core   0: 3 0x8000086c (0x0000006f)
core   0: 3 0x8000086c (0x0000006f)
core   0: 3 0x8000086c (0x0000006f)
core   0: 3 0x8000086c (0x0000006f)
core   0: 3 0x8000086c (0x0000006f)
core   0: 3 0x8000086c (0x0000006f)
core   0: 3 0x8000086c (0x0000006f)
core   0: 3 0x8000086c (0x0000006f)
core   0: 3 0x8000086c (0x0000006f)
core   0: 3 0x8000086c (0x0000006f)
core   0: 3 0x8000086c (0x0000006f)
core   0: 3 0x8000086c (0x0000006f)
core   0: 3 0x8000086c (0x0000006f)
core   0: 3 0x8000086c (0x0000006f)
core   0: 3 0x8000086c (0x0000006f)
core   0: 3 0x8000086c (0x0000006f)
core   0: 3 0x8000086c (0x0000006f)
core   0: 3 0x8000086c (0x0000006f)
core   0: 3 0x8000086c (0x0000006f)
core   0: 3 0x8000086c (0x0000006f)
core   0: 3 0x8000086c (0x0000006f)
core   0: 3 0x8000086c (0x0000006f)
core   0: 3 0x8000086c (0x0000006f)
core   0: 3 0x8000086c (0x0000006f)
core   0: 3 0x8000086c (0x0000006f)
core   0: 3 0x8000086c (0x0000006f)
core   0: 3 0x8000086c (0x0000006f)
core   0: 3 0x8000086c (0x0000006f)
core   0: 3 0x8000086c (0x0000006f)
core   0: 3 0x8000086c (0x0000006f)
core   0: 3 0x8000086c (0x0000006f)
core   0: 3 0x8000086c (0x0000006f)
core   0: 3 0x8000086c (0x0000006f)
core   0: 3 0x8000086c (0x0000006f)
core   0: 3 0x8000086c (0x0000006f)
core   0: 3 0x8000086c (0x0000006f)
core   0: 3 0x8000086c (0x0000006f)
core   0: 3 0x8000086c (0x0000006f)
core   0: 3 0x8000086c (0x0000006f)
core   0: 3 0x8000086c (0x0000006f)
core   0: 3 0x8000086c (0x0000006f)
core   0: 3 0x8000086c (0x0000006f)
core   0: 3 0x8000086c (0x0000006f)
core   0: 3 0x8000086c (0x0000006f)
core   0: 3 0x8000086c (0x0000006f)
core   0: 3 0x8000086c (0x0000006f)
core   0: 3 0x8000086c (0x0000006f)
core   0: 3 0x8000086c (0x0000006f)
core   0: 3 0x8000086c (0x0000006f)
core   0: 3 0x8000086c (0x0000006f)
core   0: 3 0x8000086c (0x0000006f)
core   0: 3 0x8000086c (0x0000006f)
core   0: 3 0x8000086c (0x0000006f)
core   0: 3 0x8000086c (0x0000006f)
core   0: 3 0x8000086c (0x0000006f)
core   0: 3 0x8000086c (0x0000006f)
core   0: 3 0x8000086c (0x0000006f)
core   0: 3 0x8000086c (0x0000006f)
core   0: 3 0x8000086c (0x0000006f)
core   0: 3 0x8000086c (0x0000006f)
core   0: 3 0x8000086c (0x0000006f)
core   0: 3 0x8000086c (0x0000006f)
core   0: 3 0x8000086c (0x0000006f)
core   0: 3 0x8000086c (0x0000006f)
core   0: 3 0x8000086c (0x0000006f)
core   0: 3 0x8000086c (0x0000006f)
core   0: 3 0x8000086c (0x0000006f)
core   0: 3 0x8000086c (0x0000006f)
core   0: 3 0x8000086c (0x0000006f)
core   0: 3 0x8000086c (0x0000006f)
core   0: 3 0x8000086c (0x0000006f)
core   0: 3 0x8000086c (0x0000006f)
core   0: 3 0x8000086c (0x0000006f)
core   0: 3 0x8000086c (0x0000006f)
core   0: 3 0x8000086c (0x0000006f)
core   0: 3 0x8000086c (0x0000006f)
core   0: 3 0x8000086c (0x0000006f)
core   0: 3 0x8000086c (0x0000006f)
core   0: 3 0x8000086c (0x0000006f)
core   0: 3 0x8000086c (0x0000006f)
core   0: 3 0x8000086c (0x0000006f)
core   0: 3 0x8000086c (0x0000006f)
core   0: 3 0x8000086c (0x0000006f)
core   0: 3 0x8000086c (0x0000006f)
core   0: 3 0x8000086c (0x0000006f)
core   0: 3 0x8000086c (0x0000006f)
core   0: 3 0x8000086c (0x0000006f)
core   0: 3 0x8000086c (0x0000006f)
core   0: 3 0x8000086c (0x0000006f)
core   0: 3 0x8000086c (0x0000006f)
core   0: 3 0x8000086c (0x0000006f)
core   0: 3 0x8000086c (0x0000006f)
core   0: 3 0x8000086c (0x0000006f)
core   0: 3 0x8000086c (0x0000006f)
core   0: 3 0x8000086c (0x0000006f)
core   0: 3 0x8000086c (0x0000006f)
core   0: 3 0x8000086c (0x0000006f)
core   0: 3 0x8000086c (0x0000006f)
core   0: 3 0x8000086c (0x0000006f)
core   0: 3 0x8000086c (0x0000006f)
core   0: 3 0x8000086c (0x0000006f)
core   0: 3 0x8000086c (0x0000006f)
core   0: 3 0x8000086c (0x0000006f)
core   0: 3 0x8000086c (0x0000006f)
core   0: 3 0x8000086c (0x0000006f)
core   0: 3 0x8000086c (0x0000006f)
core   0: 3 0x8000086c (0x0000006f)
core   0: 3 0x8000086c (0x0000006f)
core   0: 3 0x8000086c (0x0000006f)
core   0: 3 0x8000086c (0x0000006f)
core   0: 3 0x8000086c (0x0000006f)
core   0: 3 0x8000086c (0x0000006f)
core   0: 3 0x8000086c (0x0000006f)
core   0: 3 0x8000086c (0x0000006f)
core   0: 3 0x8000086c (0x0000006f)
core   0: 3 0x8000086c (0x0000006f)
core   0: 3 0x8000086c (0x0000006f)
core   0: 3 0x8000086c (0x0000006f)
core   0: 3 0x8000086c (0x0000006f)
core   0: 3 0x8000086c (0x0000006f)
core   0: 3 0x8000086c (0x0000006f)
core   0: 3 0x8000086c (0x0000006f)
core   0: 3 0x8000086c (0x0000006f)
core   0: 3 0x8000086c (0x0000006f)
core   0: 3 0x8000086c (0x0000006f)
core   0: 3 0x8000086c (0x0000006f)
core   0: 3 0x8000086c (0x0000006f)
core   0: 3 0x8000086c (0x0000006f)
core   0: 3 0x8000086c (0x0000006f)
core   0: 3 0x8000086c (0x0000006f)
core   0: 3 0x8000086c (0x0000006f)
core   0: 3 0x8000086c (0x0000006f)
core   0: 3 0x8000086c (0x0000006f)
core   0: 3 0x8000086c (0x0000006f)
core   0: 3 0x8000086c (0x0000006f)
core   0: 3 0x8000086c (0x0000006f)
core   0: 3 0x8000086c (0x0000006f)
core   0: 3 0x8000086c (0x0000006f)
core   0: 3 0x8000086c (0x0000006f)
core   0: 3 0x8000086c (0x0000006f)
core   0: 3 0x8000086c (0x0000006f)
core   0: 3 0x8000086c (0x0000006f)
core   0: 3 0x8000086c (0x0000006f)
core   0: 3 0x8000086c (0x0000006f)
core   0: 3 0x8000086c (0x0000006f)
core   0: 3 0x8000086c (0x0000006f)
core   0: 3 0x8000086c (0x0000006f)
core   0: 3 0x8000086c (0x0000006f)
core   0: 3 0x8000086c (0x0000006f)
core   0: 3 0x8000086c (0x0000006f)
core   0: 3 0x8000086c (0x0000006f)
core   0: 3 0x8000086c (0x0000006f)
core   0: 3 0x8000086c (0x0000006f)
core   0: 3 0x8000086c (0x0000006f)
core   0: 3 0x8000086c (0x0000006f)
core   0: 3 0x8000086c (0x0000006f)
core   0: 3 0x8000086c (0x0000006f)
core   0: 3 0x8000086c (0x0000006f)
core   0: 3 0x8000086c (0x0000006f)
core   0: 3 0x8000086c (0x0000006f)
core   0: 3 0x8000086c (0x0000006f)
core   0: 3 0x8000086c (0x0000006f)
core   0: 3 0x8000086c (0x0000006f)
core   0: 3 0x8000086c (0x0000006f)
core   0: 3 0x8000086c (0x0000006f)
core   0: 3 0x8000086c (0x0000006f)
core   0: 3 0x8000086c (0x0000006f)
core   0: 3 0x8000086c (0x0000006f)
core   0: 3 0x8000086c (0x0000006f)
core   0: 3 0x8000086c (0x0000006f)
core   0: 3 0x8000086c (0x0000006f)
core   0: 3 0x8000086c (0x0000006f)
core   0: 3 0x8000086c (0x0000006f)
core   0: 3 0x8000086c (0x0000006f)
core   0: 3 0x8000086c (0x0000006f)
core   0: 3 0x8000086c (0x0000006f)
core   0: 3 0x8000086c (0x0000006f)
core   0: 3 0x8000086c (0x0000006f)
core   0: 3 0x8000086c (0x0000006f)
core   0: 3 0x8000086c (0x0000006f)
core   0: 3 0x8000086c (0x0000006f)
core   0: 3 0x8000086c (0x0000006f)
core   0: 3 0x8000086c (0x0000006f)
core   0: 3 0x8000086c (0x0000006f)
core   0: 3 0x8000086c (0x0000006f)
core   0: 3 0x8000086c (0x0000006f)
core   0: 3 0x8000086c (0x0000006f)
core   0: 3 0x8000086c (0x0000006f)
core   0: 3 0x8000086c (0x0000006f)
core   0: 3 0x8000086c (0x0000006f)
core   0: 3 0x8000086c (0x0000006f)
core   0: 3 0x8000086c (0x0000006f)
core   0: 3 0x8000086c (0x0000006f)
core   0: 3 0x8000086c (0x0000006f)
core   0: 3 0x8000086c (0x0000006f)
core   0: 3 0x8000086c (0x0000006f)
core   0: 3 0x8000086c (0x0000006f)
core   0: 3 0x8000086c (0x0000006f)
core   0: 3 0x8000086c (0x0000006f)
core   0: 3 0x8000086c (0x0000006f)
core   0: 3 0x8000086c (0x0000006f)
core   0: 3 0x8000086c (0x0000006f)
core   0: 3 0x8000086c (0x0000006f)
core   0: 3 0x8000086c (0x0000006f)
core   0: 3 0x8000086c (0x0000006f)
core   0: 3 0x8000086c (0x0000006f)
core   0: 3 0x8000086c (0x0000006f)
core   0: 3 0x8000086c (0x0000006f)
core   0: 3 0x8000086c (0x0000006f)
core   0: 3 0x8000086c (0x0000006f)
core   0: 3 0x8000086c (0x0000006f)
core   0: 3 0x8000086c (0x0000006f)
core   0: 3 0x8000086c (0x0000006f)
core   0: 3 0x8000086c (0x0000006f)
core   0: 3 0x8000086c (0x0000006f)
core   0: 3 0x8000086c (0x0000006f)
core   0: 3 0x8000086c (0x0000006f)
core   0: 3 0x8000086c (0x0000006f)
core   0: 3 0x8000086c (0x0000006f)
core   0: 3 0x8000086c (0x0000006f)
core   0: 3 0x8000086c (0x0000006f)
core   0: 3 0x8000086c (0x0000006f)
core   0: 3 0x8000086c (0x0000006f)
core   0: 3 0x8000086c (0x0000006f)
core   0: 3 0x8000086c (0x0000006f)
core   0: 3 0x8000086c (0x0000006f)
core   0: 3 0x8000086c (0x0000006f)
core   0: 3 0x8000086c (0x0000006f)
core   0: 3 0x8000086c (0x0000006f)
core   0: 3 0x8000086c (0x0000006f)
core   0: 3 0x8000086c (0x0000006f)
core   0: 3 0x8000086c (0x0000006f)
core   0: 3 0x8000086c (0x0000006f)
core   0: 3 0x8000086c (0x0000006f)
core   0: 3 0x8000086c (0x0000006f)
core   0: 3 0x8000086c (0x0000006f)
core   0: 3 0x8000086c (0x0000006f)
core   0: 3 0x8000086c (0x0000006f)
core   0: 3 0x8000086c (0x0000006f)
core   0: 3 0x8000086c (0x0000006f)
core   0: 3 0x8000086c (0x0000006f)
core   0: 3 0x8000086c (0x0000006f)
core   0: 3 0x8000086c (0x0000006f)
core   0: 3 0x8000086c (0x0000006f)
core   0: 3 0x8000086c (0x0000006f)
core   0: 3 0x8000086c (0x0000006f)
core   0: 3 0x8000086c (0x0000006f)
core   0: 3 0x8000086c (0x0000006f)
core   0: 3 0x8000086c (0x0000006f)
core   0: 3 0x8000086c (0x0000006f)
core   0: 3 0x8000086c (0x0000006f)
core   0: 3 0x8000086c (0x0000006f)
core   0: 3 0x8000086c (0x0000006f)
core   0: 3 0x8000086c (0x0000006f)
core   0: 3 0x8000086c (0x0000006f)
core   0: 3 0x8000086c (0x0000006f)
core   0: 3 0x8000086c (0x0000006f)
core   0: 3 0x8000086c (0x0000006f)
core   0: 3 0x8000086c (0x0000006f)
core   0: 3 0x8000086c (0x0000006f)
core   0: 3 0x8000086c (0x0000006f)
core   0: 3 0x8000086c (0x0000006f)
core   0: 3 0x8000086c (0x0000006f)
core   0: 3 0x8000086c (0x0000006f)
core   0: 3 0x8000086c (0x0000006f)
core   0: 3 0x8000086c (0x0000006f)
core   0: 3 0x8000086c (0x0000006f)
core   0: 3 0x8000086c (0x0000006f)
core   0: 3 0x8000086c (0x0000006f)
core   0: 3 0x8000086c (0x0000006f)
core   0: 3 0x8000086c (0x0000006f)
core   0: 3 0x8000086c (0x0000006f)
core   0: 3 0x8000086c (0x0000006f)
core   0: 3 0x8000086c (0x0000006f)
core   0: 3 0x8000086c (0x0000006f)
core   0: 3 0x8000086c (0x0000006f)
core   0: 3 0x8000086c (0x0000006f)
core   0: 3 0x8000086c (0x0000006f)
core   0: 3 0x8000086c (0x0000006f)
core   0: 3 0x8000086c (0x0000006f)
core   0: 3 0x8000086c (0x0000006f)
core   0: 3 0x8000086c (0x0000006f)
core   0: 3 0x8000086c (0x0000006f)
core   0: 3 0x8000086c (0x0000006f)
core   0: 3 0x8000086c (0x0000006f)
core   0: 3 0x8000086c (0x0000006f)
core   0: 3 0x8000086c (0x0000006f)
core   0: 3 0x8000086c (0x0000006f)
core   0: 3 0x8000086c (0x0000006f)
core   0: 3 0x8000086c (0x0000006f)
core   0: 3 0x8000086c (0x0000006f)
core   0: 3 0x8000086c (0x0000006f)
core   0: 3 0x8000086c (0x0000006f)
core   0: 3 0x8000086c (0x0000006f)
core   0: 3 0x8000086c (0x0000006f)
core   0: 3 0x8000086c (0x0000006f)
core   0: 3 0x8000086c (0x0000006f)
core   0: 3 0x8000086c (0x0000006f)
core   0: 3 0x8000086c (0x0000006f)
core   0: 3 0x8000086c (0x0000006f)
core   0: 3 0x8000086c (0x0000006f)
core   0: 3 0x8000086c (0x0000006f)
core   0: 3 0x8000086c (0x0000006f)
core   0: 3 0x8000086c (0x0000006f)
core   0: 3 0x8000086c (0x0000006f)
core   0: 3 0x8000086c (0x0000006f)
core   0: 3 0x8000086c (0x0000006f)
core   0: 3 0x8000086c (0x0000006f)
core   0: 3 0x8000086c (0x0000006f)
core   0: 3 0x8000086c (0x0000006f)
core   0: 3 0x8000086c (0x0000006f)
core   0: 3 0x8000086c (0x0000006f)
core   0: 3 0x8000086c (0x0000006f)
core   0: 3 0x8000086c (0x0000006f)
core   0: 3 0x8000086c (0x0000006f)
core   0: 3 0x8000086c (0x0000006f)
core   0: 3 0x8000086c (0x0000006f)
core   0: 3 0x8000086c (0x0000006f)
core   0: 3 0x8000086c (0x0000006f)
core   0: 3 0x8000086c (0x0000006f)
core   0: 3 0x8000086c (0x0000006f)
core   0: 3 0x8000086c (0x0000006f)
core   0: 3 0x8000086c (0x0000006f)
core   0: 3 0x8000086c (0x0000006f)
core   0: 3 0x8000086c (0x0000006f)
core   0: 3 0x8000086c (0x0000006f)
core   0: 3 0x8000086c (0x0000006f)
core   0: 3 0x8000086c (0x0000006f)
core   0: 3 0x8000086c (0x0000006f)
core   0: 3 0x8000086c (0x0000006f)
core   0: 3 0x8000086c (0x0000006f)
core   0: 3 0x8000086c (0x0000006f)
core   0: 3 0x8000086c (0x0000006f)
core   0: 3 0x8000086c (0x0000006f)
core   0: 3 0x8000086c (0x0000006f)
core   0: 3 0x8000086c (0x0000006f)
core   0: 3 0x8000086c (0x0000006f)
core   0: 3 0x8000086c (0x0000006f)
core   0: 3 0x8000086c (0x0000006f)
core   0: 3 0x8000086c (0x0000006f)
core   0: 3 0x8000086c (0x0000006f)
core   0: 3 0x8000086c (0x0000006f)
core   0: 3 0x8000086c (0x0000006f)
core   0: 3 0x8000086c (0x0000006f)
core   0: 3 0x8000086c (0x0000006f)
core   0: 3 0x8000086c (0x0000006f)
core   0: 3 0x8000086c (0x0000006f)
core   0: 3 0x8000086c (0x0000006f)
core   0: 3 0x8000086c (0x0000006f)
core   0: 3 0x8000086c (0x0000006f)
core   0: 3 0x8000086c (0x0000006f)
core   0: 3 0x8000086c (0x0000006f)
core   0: 3 0x8000086c (0x0000006f)
core   0: 3 0x8000086c (0x0000006f)
core   0: 3 0x8000086c (0x0000006f)
core   0: 3 0x8000086c (0x0000006f)
core   0: 3 0x8000086c (0x0000006f)
core   0: 3 0x8000086c (0x0000006f)
core   0: 3 0x8000086c (0x0000006f)
core   0: 3 0x8000086c (0x0000006f)
core   0: 3 0x8000086c (0x0000006f)
core   0: 3 0x8000086c (0x0000006f)
core   0: 3 0x8000086c (0x0000006f)
core   0: 3 0x8000086c (0x0000006f)
core   0: 3 0x8000086c (0x0000006f)
core   0: 3 0x8000086c (0x0000006f)
core   0: 3 0x8000086c (0x0000006f)
core   0: 3 0x8000086c (0x0000006f)
core   0: 3 0x8000086c (0x0000006f)
core   0: 3 0x8000086c (0x0000006f)
core   0: 3 0x8000086c (0x0000006f)
core   0: 3 0x8000086c (0x0000006f)
core   0: 3 0x8000086c (0x0000006f)
core   0: 3 0x8000086c (0x0000006f)
core   0: 3 0x8000086c (0x0000006f)
core   0: 3 0x8000086c (0x0000006f)
core   0: 3 0x8000086c (0x0000006f)
core   0: 3 0x8000086c (0x0000006f)
core   0: 3 0x8000086c (0x0000006f)
core   0: 3 0x8000086c (0x0000006f)
core   0: 3 0x8000086c (0x0000006f)
core   0: 3 0x8000086c (0x0000006f)
core   0: 3 0x8000086c (0x0000006f)
core   0: 3 0x8000086c (0x0000006f)
core   0: 3 0x8000086c (0x0000006f)
core   0: 3 0x8000086c (0x0000006f)
core   0: 3 0x8000086c (0x0000006f)
core   0: 3 0x8000086c (0x0000006f)
core   0: 3 0x8000086c (0x0000006f)
core   0: 3 0x8000086c (0x0000006f)
core   0: 3 0x8000086c (0x0000006f)
core   0: 3 0x8000086c (0x0000006f)
core   0: 3 0x8000086c (0x0000006f)
core   0: 3 0x8000086c (0x0000006f)
core   0: 3 0x8000086c (0x0000006f)
core   0: 3 0x8000086c (0x0000006f)
core   0: 3 0x8000086c (0x0000006f)
core   0: 3 0x8000086c (0x0000006f)
core   0: 3 0x8000086c (0x0000006f)
core   0: 3 0x8000086c (0x0000006f)
core   0: 3 0x8000086c (0x0000006f)
core   0: 3 0x8000086c (0x0000006f)
core   0: 3 0x8000086c (0x0000006f)
core   0: 3 0x8000086c (0x0000006f)
core   0: 3 0x8000086c (0x0000006f)
core   0: 3 0x8000086c (0x0000006f)
core   0: 3 0x8000086c (0x0000006f)
core   0: 3 0x8000086c (0x0000006f)
core   0: 3 0x8000086c (0x0000006f)
core   0: 3 0x8000086c (0x0000006f)
core   0: 3 0x8000086c (0x0000006f)
core   0: 3 0x8000086c (0x0000006f)
core   0: 3 0x8000086c (0x0000006f)
core   0: 3 0x8000086c (0x0000006f)
core   0: 3 0x8000086c (0x0000006f)
core   0: 3 0x8000086c (0x0000006f)
core   0: 3 0x8000086c (0x0000006f)
core   0: 3 0x8000086c (0x0000006f)
core   0: 3 0x8000086c (0x0000006f)
core   0: 3 0x8000086c (0x0000006f)
core   0: 3 0x8000086c (0x0000006f)
core   0: 3 0x8000086c (0x0000006f)
core   0: 3 0x8000086c (0x0000006f)
core   0: 3 0x8000086c (0x0000006f)
core   0: 3 0x8000086c (0x0000006f)
core   0: 3 0x8000086c (0x0000006f)
core   0: 3 0x8000086c (0x0000006f)
core   0: 3 0x8000086c (0x0000006f)
core   0: 3 0x8000086c (0x0000006f)
core   0: 3 0x8000086c (0x0000006f)
core   0: 3 0x8000086c (0x0000006f)
core   0: 3 0x8000086c (0x0000006f)
core   0: 3 0x8000086c (0x0000006f)
core   0: 3 0x8000086c (0x0000006f)
core   0: 3 0x8000086c (0x0000006f)
core   0: 3 0x8000086c (0x0000006f)
core   0: 3 0x8000086c (0x0000006f)
core   0: 3 0x8000086c (0x0000006f)
core   0: 3 0x8000086c (0x0000006f)
core   0: 3 0x8000086c (0x0000006f)
core   0: 3 0x8000086c (0x0000006f)
core   0: 3 0x8000086c (0x0000006f)
core   0: 3 0x8000086c (0x0000006f)
core   0: 3 0x8000086c (0x0000006f)
core   0: 3 0x8000086c (0x0000006f)
core   0: 3 0x8000086c (0x0000006f)
core   0: 3 0x8000086c (0x0000006f)
core   0: 3 0x8000086c (0x0000006f)
core   0: 3 0x8000086c (0x0000006f)
core   0: 3 0x8000086c (0x0000006f)
core   0: 3 0x8000086c (0x0000006f)
core   0: 3 0x8000086c (0x0000006f)
core   0: 3 0x8000086c (0x0000006f)
core   0: 3 0x8000086c (0x0000006f)
core   0: 3 0x8000086c (0x0000006f)
core   0: 3 0x8000086c (0x0000006f)
core   0: 3 0x8000086c (0x0000006f)
core   0: 3 0x8000086c (0x0000006f)
core   0: 3 0x8000086c (0x0000006f)
core   0: 3 0x8000086c (0x0000006f)
core   0: 3 0x8000086c (0x0000006f)
core   0: 3 0x8000086c (0x0000006f)
core   0: 3 0x8000086c (0x0000006f)
core   0: 3 0x8000086c (0x0000006f)
core   0: 3 0x8000086c (0x0000006f)
core   0: 3 0x8000086c (0x0000006f)
core   0: 3 0x8000086c (0x0000006f)
core   0: 3 0x8000086c (0x0000006f)
core   0: 3 0x8000086c (0x0000006f)
core   0: 3 0x8000086c (0x0000006f)
core   0: 3 0x8000086c (0x0000006f)
core   0: 3 0x8000086c (0x0000006f)
core   0: 3 0x8000086c (0x0000006f)
core   0: 3 0x8000086c (0x0000006f)
core   0: 3 0x8000086c (0x0000006f)
core   0: 3 0x8000086c (0x0000006f)
core   0: 3 0x8000086c (0x0000006f)
core   0: 3 0x8000086c (0x0000006f)
core   0: 3 0x8000086c (0x0000006f)
core   0: 3 0x8000086c (0x0000006f)
core   0: 3 0x8000086c (0x0000006f)
core   0: 3 0x8000086c (0x0000006f)
core   0: 3 0x8000086c (0x0000006f)
core   0: 3 0x8000086c (0x0000006f)
core   0: 3 0x8000086c (0x0000006f)
core   0: 3 0x8000086c (0x0000006f)
core   0: 3 0x8000086c (0x0000006f)
core   0: 3 0x8000086c (0x0000006f)
core   0: 3 0x8000086c (0x0000006f)
core   0: 3 0x8000086c (0x0000006f)
core   0: 3 0x8000086c (0x0000006f)
core   0: 3 0x8000086c (0x0000006f)
core   0: 3 0x8000086c (0x0000006f)
core   0: 3 0x8000086c (0x0000006f)
core   0: 3 0x8000086c (0x0000006f)
core   0: 3 0x8000086c (0x0000006f)
core   0: 3 0x8000086c (0x0000006f)
core   0: 3 0x8000086c (0x0000006f)
core   0: 3 0x8000086c (0x0000006f)
core   0: 3 0x8000086c (0x0000006f)
core   0: 3 0x8000086c (0x0000006f)
core   0: 3 0x8000086c (0x0000006f)
core   0: 3 0x8000086c (0x0000006f)
core   0: 3 0x8000086c (0x0000006f)
core   0: 3 0x8000086c (0x0000006f)
core   0: 3 0x8000086c (0x0000006f)
core   0: 3 0x8000086c (0x0000006f)
core   0: 3 0x8000086c (0x0000006f)
core   0: 3 0x8000086c (0x0000006f)
core   0: 3 0x8000086c (0x0000006f)
core   0: 3 0x8000086c (0x0000006f)
core   0: 3 0x8000086c (0x0000006f)
core   0: 3 0x8000086c (0x0000006f)
core   0: 3 0x8000086c (0x0000006f)
core   0: 3 0x8000086c (0x0000006f)
core   0: 3 0x8000086c (0x0000006f)
core   0: 3 0x8000086c (0x0000006f)
core   0: 3 0x8000086c (0x0000006f)
core   0: 3 0x8000086c (0x0000006f)
core   0: 3 0x8000086c (0x0000006f)
core   0: 3 0x8000086c (0x0000006f)
core   0: 3 0x8000086c (0x0000006f)
core   0: 3 0x8000086c (0x0000006f)
core   0: 3 0x8000086c (0x0000006f)
core   0: 3 0x8000086c (0x0000006f)
core   0: 3 0x8000086c (0x0000006f)
core   0: 3 0x8000086c (0x0000006f)
core   0: 3 0x8000086c (0x0000006f)
core   0: 3 0x8000086c (0x0000006f)
core   0: 3 0x8000086c (0x0000006f)
core   0: 3 0x8000086c (0x0000006f)
core   0: 3 0x8000086c (0x0000006f)
core   0: 3 0x8000086c (0x0000006f)
core   0: 3 0x8000086c (0x0000006f)
core   0: 3 0x8000086c (0x0000006f)
core   0: 3 0x8000086c (0x0000006f)
core   0: 3 0x8000086c (0x0000006f)
core   0: 3 0x8000086c (0x0000006f)
core   0: 3 0x8000086c (0x0000006f)
core   0: 3 0x8000086c (0x0000006f)
core   0: 3 0x8000086c (0x0000006f)
core   0: 3 0x8000086c (0x0000006f)
core   0: 3 0x8000086c (0x0000006f)
core   0: 3 0x8000086c (0x0000006f)
core   0: 3 0x8000086c (0x0000006f)
core   0: 3 0x8000086c (0x0000006f)
core   0: 3 0x8000086c (0x0000006f)
core   0: 3 0x8000086c (0x0000006f)
core   0: 3 0x8000086c (0x0000006f)
core   0: 3 0x8000086c (0x0000006f)
core   0: 3 0x8000086c (0x0000006f)
core   0: 3 0x8000086c (0x0000006f)
core   0: 3 0x8000086c (0x0000006f)
core   0: 3 0x8000086c (0x0000006f)
core   0: 3 0x8000086c (0x0000006f)
core   0: 3 0x8000086c (0x0000006f)
core   0: 3 0x8000086c (0x0000006f)
core   0: 3 0x8000086c (0x0000006f)
core   0: 3 0x8000086c (0x0000006f)
core   0: 3 0x8000086c (0x0000006f)
core   0: 3 0x8000086c (0x0000006f)
core   0: 3 0x8000086c (0x0000006f)
core   0: 3 0x8000086c (0x0000006f)
core   0: 3 0x8000086c (0x0000006f)
core   0: 3 0x8000086c (0x0000006f)
core   0: 3 0x8000086c (0x0000006f)
core   0: 3 0x8000086c (0x0000006f)
core   0: 3 0x8000086c (0x0000006f)
core   0: 3 0x8000086c (0x0000006f)
core   0: 3 0x8000086c (0x0000006f)
core   0: 3 0x8000086c (0x0000006f)
core   0: 3 0x8000086c (0x0000006f)
core   0: 3 0x8000086c (0x0000006f)
core   0: 3 0x8000086c (0x0000006f)
core   0: 3 0x8000086c (0x0000006f)
core   0: 3 0x8000086c (0x0000006f)
core   0: 3 0x8000086c (0x0000006f)
core   0: 3 0x8000086c (0x0000006f)
core   0: 3 0x8000086c (0x0000006f)
core   0: 3 0x8000086c (0x0000006f)
core   0: 3 0x8000086c (0x0000006f)
core   0: 3 0x8000086c (0x0000006f)
core   0: 3 0x8000086c (0x0000006f)
core   0: 3 0x8000086c (0x0000006f)
core   0: 3 0x8000086c (0x0000006f)
core   0: 3 0x8000086c (0x0000006f)
core   0: 3 0x8000086c (0x0000006f)
core   0: 3 0x8000086c (0x0000006f)
core   0: 3 0x8000086c (0x0000006f)
core   0: 3 0x8000086c (0x0000006f)
core   0: 3 0x8000086c (0x0000006f)
core   0: 3 0x8000086c (0x0000006f)
core   0: 3 0x8000086c (0x0000006f)
core   0: 3 0x8000086c (0x0000006f)
core   0: 3 0x8000086c (0x0000006f)
core   0: 3 0x8000086c (0x0000006f)
core   0: 3 0x8000086c (0x0000006f)
core   0: 3 0x8000086c (0x0000006f)
core   0: 3 0x8000086c (0x0000006f)
core   0: 3 0x8000086c (0x0000006f)
core   0: 3 0x8000086c (0x0000006f)
core   0: 3 0x8000086c (0x0000006f)
core   0: 3 0x8000086c (0x0000006f)
core   0: 3 0x8000086c (0x0000006f)
core   0: 3 0x8000086c (0x0000006f)
core   0: 3 0x8000086c (0x0000006f)
core   0: 3 0x8000086c (0x0000006f)
core   0: 3 0x8000086c (0x0000006f)
core   0: 3 0x8000086c (0x0000006f)
core   0: 3 0x8000086c (0x0000006f)
core   0: 3 0x8000086c (0x0000006f)
core   0: 3 0x8000086c (0x0000006f)
core   0: 3 0x8000086c (0x0000006f)
core   0: 3 0x8000086c (0x0000006f)
core   0: 3 0x8000086c (0x0000006f)
core   0: 3 0x8000086c (0x0000006f)
core   0: 3 0x8000086c (0x0000006f)
core   0: 3 0x8000086c (0x0000006f)
core   0: 3 0x8000086c (0x0000006f)
core   0: 3 0x8000086c (0x0000006f)
core   0: 3 0x8000086c (0x0000006f)
core   0: 3 0x8000086c (0x0000006f)
core   0: 3 0x8000086c (0x0000006f)
core   0: 3 0x8000086c (0x0000006f)
core   0: 3 0x8000086c (0x0000006f)
core   0: 3 0x8000086c (0x0000006f)
core   0: 3 0x8000086c (0x0000006f)
core   0: 3 0x8000086c (0x0000006f)
core   0: 3 0x8000086c (0x0000006f)
core   0: 3 0x8000086c (0x0000006f)
core   0: 3 0x8000086c (0x0000006f)
core   0: 3 0x8000086c (0x0000006f)
core   0: 3 0x8000086c (0x0000006f)
core   0: 3 0x8000086c (0x0000006f)
core   0: 3 0x8000086c (0x0000006f)
core   0: 3 0x8000086c (0x0000006f)
core   0: 3 0x8000086c (0x0000006f)
core   0: 3 0x8000086c (0x0000006f)
core   0: 3 0x8000086c (0x0000006f)
core   0: 3 0x8000086c (0x0000006f)
core   0: 3 0x8000086c (0x0000006f)
core   0: 3 0x8000086c (0x0000006f)
core   0: 3 0x8000086c (0x0000006f)
core   0: 3 0x8000086c (0x0000006f)
core   0: 3 0x8000086c (0x0000006f)
core   0: 3 0x8000086c (0x0000006f)
core   0: 3 0x8000086c (0x0000006f)
core   0: 3 0x8000086c (0x0000006f)
core   0: 3 0x8000086c (0x0000006f)
core   0: 3 0x8000086c (0x0000006f)
core   0: 3 0x8000086c (0x0000006f)
core   0: 3 0x8000086c (0x0000006f)
core   0: 3 0x8000086c (0x0000006f)
core   0: 3 0x8000086c (0x0000006f)
core   0: 3 0x8000086c (0x0000006f)
core   0: 3 0x8000086c (0x0000006f)
core   0: 3 0x8000086c (0x0000006f)
core   0: 3 0x8000086c (0x0000006f)
core   0: 3 0x8000086c (0x0000006f)
core   0: 3 0x8000086c (0x0000006f)
core   0: 3 0x8000086c (0x0000006f)
core   0: 3 0x8000086c (0x0000006f)
core   0: 3 0x8000086c (0x0000006f)
core   0: 3 0x8000086c (0x0000006f)
core   0: 3 0x8000086c (0x0000006f)
core   0: 3 0x8000086c (0x0000006f)
core   0: 3 0x8000086c (0x0000006f)
core   0: 3 0x8000086c (0x0000006f)
core   0: 3 0x8000086c (0x0000006f)
core   0: 3 0x8000086c (0x0000006f)
core   0: 3 0x8000086c (0x0000006f)
core   0: 3 0x8000086c (0x0000006f)
core   0: 3 0x8000086c (0x0000006f)
core   0: 3 0x8000086c (0x0000006f)
core   0: 3 0x8000086c (0x0000006f)
core   0: 3 0x8000086c (0x0000006f)
core   0: 3 0x8000086c (0x0000006f)
core   0: 3 0x8000086c (0x0000006f)
core   0: 3 0x8000086c (0x0000006f)
core   0: 3 0x8000086c (0x0000006f)
core   0: 3 0x8000086c (0x0000006f)
core   0: 3 0x8000086c (0x0000006f)
core   0: 3 0x8000086c (0x0000006f)
core   0: 3 0x8000086c (0x0000006f)
core   0: 3 0x8000086c (0x0000006f)
core   0: 3 0x8000086c (0x0000006f)
core   0: 3 0x8000086c (0x0000006f)
core   0: 3 0x8000086c (0x0000006f)
core   0: 3 0x8000086c (0x0000006f)
core   0: 3 0x8000086c (0x0000006f)
core   0: 3 0x8000086c (0x0000006f)
core   0: 3 0x8000086c (0x0000006f)
core   0: 3 0x8000086c (0x0000006f)
core   0: 3 0x8000086c (0x0000006f)
core   0: 3 0x8000086c (0x0000006f)
core   0: 3 0x8000086c (0x0000006f)
core   0: 3 0x8000086c (0x0000006f)
core   0: 3 0x8000086c (0x0000006f)
core   0: 3 0x8000086c (0x0000006f)
core   0: 3 0x8000086c (0x0000006f)
core   0: 3 0x8000086c (0x0000006f)
core   0: 3 0x8000086c (0x0000006f)
core   0: 3 0x8000086c (0x0000006f)
core   0: 3 0x8000086c (0x0000006f)
core   0: 3 0x8000086c (0x0000006f)
core   0: 3 0x8000086c (0x0000006f)
core   0: 3 0x8000086c (0x0000006f)
core   0: 3 0x8000086c (0x0000006f)
core   0: 3 0x8000086c (0x0000006f)
core   0: 3 0x8000086c (0x0000006f)
core   0: 3 0x8000086c (0x0000006f)
core   0: 3 0x8000086c (0x0000006f)
core   0: 3 0x8000086c (0x0000006f)
core   0: 3 0x8000086c (0x0000006f)
core   0: 3 0x8000086c (0x0000006f)
core   0: 3 0x8000086c (0x0000006f)
core   0: 3 0x8000086c (0x0000006f)
core   0: 3 0x8000086c (0x0000006f)
core   0: 3 0x8000086c (0x0000006f)
core   0: 3 0x8000086c (0x0000006f)
core   0: 3 0x8000086c (0x0000006f)
core   0: 3 0x8000086c (0x0000006f)
core   0: 3 0x8000086c (0x0000006f)
core   0: 3 0x8000086c (0x0000006f)
core   0: 3 0x8000086c (0x0000006f)
core   0: 3 0x8000086c (0x0000006f)
core   0: 3 0x8000086c (0x0000006f)
core   0: 3 0x8000086c (0x0000006f)
core   0: 3 0x8000086c (0x0000006f)
core   0: 3 0x8000086c (0x0000006f)
core   0: 3 0x8000086c (0x0000006f)
core   0: 3 0x8000086c (0x0000006f)
core   0: 3 0x8000086c (0x0000006f)
core   0: 3 0x8000086c (0x0000006f)
core   0: 3 0x8000086c (0x0000006f)
core   0: 3 0x8000086c (0x0000006f)
core   0: 3 0x8000086c (0x0000006f)
core   0: 3 0x8000086c (0x0000006f)
core   0: 3 0x8000086c (0x0000006f)
core   0: 3 0x8000086c (0x0000006f)
core   0: 3 0x8000086c (0x0000006f)
core   0: 3 0x8000086c (0x0000006f)
core   0: 3 0x8000086c (0x0000006f)
core   0: 3 0x8000086c (0x0000006f)
core   0: 3 0x8000086c (0x0000006f)
core   0: 3 0x8000086c (0x0000006f)
core   0: 3 0x8000086c (0x0000006f)
core   0: 3 0x8000086c (0x0000006f)
core   0: 3 0x8000086c (0x0000006f)
core   0: 3 0x8000086c (0x0000006f)
core   0: 3 0x8000086c (0x0000006f)
core   0: 3 0x8000086c (0x0000006f)
core   0: 3 0x8000086c (0x0000006f)
core   0: 3 0x8000086c (0x0000006f)
core   0: 3 0x8000086c (0x0000006f)
core   0: 3 0x8000086c (0x0000006f)
core   0: 3 0x8000086c (0x0000006f)
core   0: 3 0x8000086c (0x0000006f)
core   0: 3 0x8000086c (0x0000006f)
core   0: 3 0x8000086c (0x0000006f)
core   0: 3 0x8000086c (0x0000006f)
core   0: 3 0x8000086c (0x0000006f)
core   0: 3 0x8000086c (0x0000006f)
core   0: 3 0x8000086c (0x0000006f)
core   0: 3 0x8000086c (0x0000006f)
core   0: 3 0x8000086c (0x0000006f)
core   0: 3 0x8000086c (0x0000006f)
core   0: 3 0x8000086c (0x0000006f)
core   0: 3 0x8000086c (0x0000006f)
core   0: 3 0x8000086c (0x0000006f)
core   0: 3 0x8000086c (0x0000006f)
core   0: 3 0x8000086c (0x0000006f)
core   0: 3 0x8000086c (0x0000006f)
core   0: 3 0x8000086c (0x0000006f)
core   0: 3 0x8000086c (0x0000006f)
core   0: 3 0x8000086c (0x0000006f)
core   0: 3 0x8000086c (0x0000006f)
core   0: 3 0x8000086c (0x0000006f)
core   0: 3 0x8000086c (0x0000006f)
core   0: 3 0x8000086c (0x0000006f)
core   0: 3 0x8000086c (0x0000006f)
core   0: 3 0x8000086c (0x0000006f)
core   0: 3 0x8000086c (0x0000006f)
core   0: 3 0x8000086c (0x0000006f)
core   0: 3 0x8000086c (0x0000006f)
core   0: 3 0x8000086c (0x0000006f)
core   0: 3 0x8000086c (0x0000006f)
core   0: 3 0x8000086c (0x0000006f)
core   0: 3 0x8000086c (0x0000006f)
core   0: 3 0x8000086c (0x0000006f)
core   0: 3 0x8000086c (0x0000006f)
core   0: 3 0x8000086c (0x0000006f)
core   0: 3 0x8000086c (0x0000006f)
core   0: 3 0x8000086c (0x0000006f)
core   0: 3 0x8000086c (0x0000006f)
core   0: 3 0x8000086c (0x0000006f)
core   0: 3 0x8000086c (0x0000006f)
core   0: 3 0x8000086c (0x0000006f)
core   0: 3 0x8000086c (0x0000006f)
core   0: 3 0x8000086c (0x0000006f)
core   0: 3 0x8000086c (0x0000006f)
core   0: 3 0x8000086c (0x0000006f)
core   0: 3 0x8000086c (0x0000006f)
core   0: 3 0x8000086c (0x0000006f)
core   0: 3 0x8000086c (0x0000006f)
core   0: 3 0x8000086c (0x0000006f)
core   0: 3 0x8000086c (0x0000006f)
core   0: 3 0x8000086c (0x0000006f)
core   0: 3 0x8000086c (0x0000006f)
core   0: 3 0x8000086c (0x0000006f)
core   0: 3 0x8000086c (0x0000006f)
core   0: 3 0x8000086c (0x0000006f)
core   0: 3 0x8000086c (0x0000006f)
core   0: 3 0x8000086c (0x0000006f)
core   0: 3 0x8000086c (0x0000006f)
core   0: 3 0x8000086c (0x0000006f)
core   0: 3 0x8000086c (0x0000006f)
core   0: 3 0x8000086c (0x0000006f)
core   0: 3 0x8000086c (0x0000006f)
core   0: 3 0x8000086c (0x0000006f)
core   0: 3 0x8000086c (0x0000006f)
core   0: 3 0x8000086c (0x0000006f)
core   0: 3 0x8000086c (0x0000006f)
core   0: 3 0x8000086c (0x0000006f)
core   0: 3 0x8000086c (0x0000006f)
core   0: 3 0x8000086c (0x0000006f)
core   0: 3 0x8000086c (0x0000006f)
core   0: 3 0x8000086c (0x0000006f)
core   0: 3 0x8000086c (0x0000006f)
core   0: 3 0x8000086c (0x0000006f)
core   0: 3 0x8000086c (0x0000006f)
core   0: 3 0x8000086c (0x0000006f)
core   0: 3 0x8000086c (0x0000006f)
core   0: 3 0x8000086c (0x0000006f)
core   0: 3 0x8000086c (0x0000006f)
core   0: 3 0x8000086c (0x0000006f)
core   0: 3 0x8000086c (0x0000006f)
core   0: 3 0x8000086c (0x0000006f)
core   0: 3 0x8000086c (0x0000006f)
core   0: 3 0x8000086c (0x0000006f)
core   0: 3 0x8000086c (0x0000006f)
core   0: 3 0x8000086c (0x0000006f)
core   0: 3 0x8000086c (0x0000006f)
core   0: 3 0x8000086c (0x0000006f)
core   0: 3 0x8000086c (0x0000006f)
core   0: 3 0x8000086c (0x0000006f)
core   0: 3 0x8000086c (0x0000006f)
core   0: 3 0x8000086c (0x0000006f)
core   0: 3 0x8000086c (0x0000006f)
core   0: 3 0x8000086c (0x0000006f)
core   0: 3 0x8000086c (0x0000006f)
core   0: 3 0x8000086c (0x0000006f)
core   0: 3 0x8000086c (0x0000006f)
core   0: 3 0x8000086c (0x0000006f)
core   0: 3 0x8000086c (0x0000006f)
core   0: 3 0x8000086c (0x0000006f)
core   0: 3 0x8000086c (0x0000006f)
core   0: 3 0x8000086c (0x0000006f)
core   0: 3 0x8000086c (0x0000006f)
core   0: 3 0x8000086c (0x0000006f)
core   0: 3 0x8000086c (0x0000006f)
core   0: 3 0x8000086c (0x0000006f)
core   0: 3 0x8000086c (0x0000006f)
core   0: 3 0x8000086c (0x0000006f)
core   0: 3 0x8000086c (0x0000006f)
core   0: 3 0x8000086c (0x0000006f)
core   0: 3 0x8000086c (0x0000006f)
core   0: 3 0x8000086c (0x0000006f)
core   0: 3 0x8000086c (0x0000006f)
core   0: 3 0x8000086c (0x0000006f)
core   0: 3 0x8000086c (0x0000006f)
core   0: 3 0x8000086c (0x0000006f)
core   0: 3 0x8000086c (0x0000006f)
core   0: 3 0x8000086c (0x0000006f)
core   0: 3 0x8000086c (0x0000006f)
core   0: 3 0x8000086c (0x0000006f)
core   0: 3 0x8000086c (0x0000006f)
core   0: 3 0x8000086c (0x0000006f)
core   0: 3 0x8000086c (0x0000006f)
core   0: 3 0x8000086c (0x0000006f)
core   0: 3 0x8000086c (0x0000006f)
core   0: 3 0x8000086c (0x0000006f)
core   0: 3 0x8000086c (0x0000006f)
core   0: 3 0x8000086c (0x0000006f)
core   0: 3 0x8000086c (0x0000006f)
core   0: 3 0x8000086c (0x0000006f)
core   0: 3 0x8000086c (0x0000006f)
core   0: 3 0x8000086c (0x0000006f)
core   0: 3 0x8000086c (0x0000006f)
core   0: 3 0x8000086c (0x0000006f)
core   0: 3 0x8000086c (0x0000006f)
core   0: 3 0x8000086c (0x0000006f)
core   0: 3 0x8000086c (0x0000006f)
core   0: 3 0x8000086c (0x0000006f)
core   0: 3 0x8000086c (0x0000006f)
core   0: 3 0x8000086c (0x0000006f)
core   0: 3 0x8000086c (0x0000006f)
core   0: 3 0x8000086c (0x0000006f)
core   0: 3 0x8000086c (0x0000006f)
core   0: 3 0x8000086c (0x0000006f)
core   0: 3 0x8000086c (0x0000006f)
core   0: 3 0x8000086c (0x0000006f)
core   0: 3 0x8000086c (0x0000006f)
core   0: 3 0x8000086c (0x0000006f)
core   0: 3 0x8000086c (0x0000006f)
core   0: 3 0x8000086c (0x0000006f)
core   0: 3 0x8000086c (0x0000006f)
core   0: 3 0x8000086c (0x0000006f)
core   0: 3 0x8000086c (0x0000006f)
core   0: 3 0x8000086c (0x0000006f)
core   0: 3 0x8000086c (0x0000006f)
core   0: 3 0x8000086c (0x0000006f)
core   0: 3 0x8000086c (0x0000006f)
core   0: 3 0x8000086c (0x0000006f)
core   0: 3 0x8000086c (0x0000006f)
core   0: 3 0x8000086c (0x0000006f)
core   0: 3 0x8000086c (0x0000006f)
core   0: 3 0x8000086c (0x0000006f)
core   0: 3 0x8000086c (0x0000006f)
core   0: 3 0x8000086c (0x0000006f)
core   0: 3 0x8000086c (0x0000006f)
core   0: 3 0x8000086c (0x0000006f)
core   0: 3 0x8000086c (0x0000006f)
core   0: 3 0x8000086c (0x0000006f)
core   0: 3 0x8000086c (0x0000006f)
core   0: 3 0x8000086c (0x0000006f)
core   0: 3 0x8000086c (0x0000006f)
core   0: 3 0x8000086c (0x0000006f)
core   0: 3 0x8000086c (0x0000006f)
core   0: 3 0x8000086c (0x0000006f)
core   0: 3 0x8000086c (0x0000006f)
core   0: 3 0x8000086c (0x0000006f)
core   0: 3 0x8000086c (0x0000006f)
core   0: 3 0x8000086c (0x0000006f)
core   0: 3 0x8000086c (0x0000006f)
core   0: 3 0x8000086c (0x0000006f)
core   0: 3 0x8000086c (0x0000006f)
core   0: 3 0x8000086c (0x0000006f)
core   0: 3 0x8000086c (0x0000006f)
core   0: 3 0x8000086c (0x0000006f)
core   0: 3 0x8000086c (0x0000006f)
core   0: 3 0x8000086c (0x0000006f)
core   0: 3 0x8000086c (0x0000006f)
core   0: 3 0x8000086c (0x0000006f)
core   0: 3 0x8000086c (0x0000006f)
core   0: 3 0x8000086c (0x0000006f)
core   0: 3 0x8000086c (0x0000006f)
core   0: 3 0x8000086c (0x0000006f)
core   0: 3 0x8000086c (0x0000006f)
core   0: 3 0x8000086c (0x0000006f)
core   0: 3 0x8000086c (0x0000006f)
core   0: 3 0x8000086c (0x0000006f)
core   0: 3 0x8000086c (0x0000006f)
core   0: 3 0x8000086c (0x0000006f)
core   0: 3 0x8000086c (0x0000006f)
core   0: 3 0x8000086c (0x0000006f)
core   0: 3 0x8000086c (0x0000006f)
core   0: 3 0x8000086c (0x0000006f)
core   0: 3 0x8000086c (0x0000006f)
core   0: 3 0x8000086c (0x0000006f)
core   0: 3 0x8000086c (0x0000006f)
core   0: 3 0x8000086c (0x0000006f)
core   0: 3 0x8000086c (0x0000006f)
core   0: 3 0x8000086c (0x0000006f)
core   0: 3 0x8000086c (0x0000006f)
core   0: 3 0x8000086c (0x0000006f)
core   0: 3 0x8000086c (0x0000006f)
core   0: 3 0x8000086c (0x0000006f)
core   0: 3 0x8000086c (0x0000006f)
core   0: 3 0x8000086c (0x0000006f)
core   0: 3 0x8000086c (0x0000006f)
core   0: 3 0x8000086c (0x0000006f)
core   0: 3 0x8000086c (0x0000006f)
core   0: 3 0x8000086c (0x0000006f)
core   0: 3 0x8000086c (0x0000006f)
core   0: 3 0x8000086c (0x0000006f)
core   0: 3 0x8000086c (0x0000006f)
core   0: 3 0x8000086c (0x0000006f)
core   0: 3 0x8000086c (0x0000006f)
core   0: 3 0x8000086c (0x0000006f)
core   0: 3 0x8000086c (0x0000006f)
core   0: 3 0x8000086c (0x0000006f)
core   0: 3 0x8000086c (0x0000006f)
core   0: 3 0x8000086c (0x0000006f)
core   0: 3 0x8000086c (0x0000006f)
core   0: 3 0x8000086c (0x0000006f)
core   0: 3 0x8000086c (0x0000006f)
core   0: 3 0x8000086c (0x0000006f)
core   0: 3 0x8000086c (0x0000006f)
core   0: 3 0x8000086c (0x0000006f)
core   0: 3 0x8000086c (0x0000006f)
core   0: 3 0x8000086c (0x0000006f)
core   0: 3 0x8000086c (0x0000006f)
core   0: 3 0x8000086c (0x0000006f)
core   0: 3 0x8000086c (0x0000006f)
core   0: 3 0x8000086c (0x0000006f)
core   0: 3 0x8000086c (0x0000006f)
core   0: 3 0x8000086c (0x0000006f)
core   0: 3 0x8000086c (0x0000006f)
core   0: 3 0x8000086c (0x0000006f)
core   0: 3 0x8000086c (0x0000006f)
core   0: 3 0x8000086c (0x0000006f)
core   0: 3 0x8000086c (0x0000006f)
core   0: 3 0x8000086c (0x0000006f)
core   0: 3 0x8000086c (0x0000006f)
core   0: 3 0x8000086c (0x0000006f)
core   0: 3 0x8000086c (0x0000006f)
core   0: 3 0x8000086c (0x0000006f)
core   0: 3 0x8000086c (0x0000006f)
core   0: 3 0x8000086c (0x0000006f)
core   0: 3 0x8000086c (0x0000006f)
core   0: 3 0x8000086c (0x0000006f)
core   0: 3 0x8000086c (0x0000006f)
core   0: 3 0x8000086c (0x0000006f)
core   0: 3 0x8000086c (0x0000006f)
core   0: 3 0x8000086c (0x0000006f)
core   0: 3 0x8000086c (0x0000006f)
core   0: 3 0x8000086c (0x0000006f)
core   0: 3 0x8000086c (0x0000006f)
core   0: 3 0x8000086c (0x0000006f)
core   0: 3 0x8000086c (0x0000006f)
core   0: 3 0x8000086c (0x0000006f)
core   0: 3 0x8000086c (0x0000006f)
core   0: 3 0x8000086c (0x0000006f)
core   0: 3 0x8000086c (0x0000006f)
core   0: 3 0x8000086c (0x0000006f)
core   0: 3 0x8000086c (0x0000006f)
core   0: 3 0x8000086c (0x0000006f)
core   0: 3 0x8000086c (0x0000006f)
core   0: 3 0x8000086c (0x0000006f)
core   0: 3 0x8000086c (0x0000006f)
core   0: 3 0x8000086c (0x0000006f)
core   0: 3 0x8000086c (0x0000006f)
core   0: 3 0x8000086c (0x0000006f)
core   0: 3 0x8000086c (0x0000006f)
core   0: 3 0x8000086c (0x0000006f)
core   0: 3 0x8000086c (0x0000006f)
core   0: 3 0x8000086c (0x0000006f)
core   0: 3 0x8000086c (0x0000006f)
core   0: 3 0x8000086c (0x0000006f)
core   0: 3 0x8000086c (0x0000006f)
core   0: 3 0x8000086c (0x0000006f)
core   0: 3 0x8000086c (0x0000006f)
core   0: 3 0x8000086c (0x0000006f)
core   0: 3 0x8000086c (0x0000006f)
core   0: 3 0x8000086c (0x0000006f)
core   0: 3 0x8000086c (0x0000006f)
core   0: 3 0x8000086c (0x0000006f)
core   0: 3 0x8000086c (0x0000006f)
core   0: 3 0x8000086c (0x0000006f)
core   0: 3 0x8000086c (0x0000006f)
core   0: 3 0x8000086c (0x0000006f)
core   0: 3 0x8000086c (0x0000006f)
core   0: 3 0x8000086c (0x0000006f)
core   0: 3 0x8000086c (0x0000006f)
core   0: 3 0x8000086c (0x0000006f)
core   0: 3 0x8000086c (0x0000006f)
core   0: 3 0x8000086c (0x0000006f)
core   0: 3 0x8000086c (0x0000006f)
core   0: 3 0x8000086c (0x0000006f)
core   0: 3 0x8000086c (0x0000006f)
core   0: 3 0x8000086c (0x0000006f)
core   0: 3 0x8000086c (0x0000006f)
core   0: 3 0x8000086c (0x0000006f)
core   0: 3 0x8000086c (0x0000006f)
core   0: 3 0x8000086c (0x0000006f)
core   0: 3 0x8000086c (0x0000006f)
core   0: 3 0x8000086c (0x0000006f)
core   0: 3 0x8000086c (0x0000006f)
core   0: 3 0x8000086c (0x0000006f)
core   0: 3 0x8000086c (0x0000006f)
core   0: 3 0x8000086c (0x0000006f)
core   0: 3 0x8000086c (0x0000006f)
core   0: 3 0x8000086c (0x0000006f)
core   0: 3 0x8000086c (0x0000006f)
core   0: 3 0x8000086c (0x0000006f)
core   0: 3 0x8000086c (0x0000006f)
core   0: 3 0x8000086c (0x0000006f)
core   0: 3 0x8000086c (0x0000006f)
core   0: 3 0x8000086c (0x0000006f)
core   0: 3 0x8000086c (0x0000006f)
core   0: 3 0x8000086c (0x0000006f)
core   0: 3 0x8000086c (0x0000006f)
core   0: 3 0x8000086c (0x0000006f)
core   0: 3 0x8000086c (0x0000006f)
core   0: 3 0x8000086c (0x0000006f)
core   0: 3 0x8000086c (0x0000006f)
core   0: 3 0x8000086c (0x0000006f)
core   0: 3 0x8000086c (0x0000006f)
core   0: 3 0x8000086c (0x0000006f)
core   0: 3 0x8000086c (0x0000006f)
core   0: 3 0x8000086c (0x0000006f)
core   0: 3 0x8000086c (0x0000006f)
core   0: 3 0x8000086c (0x0000006f)
core   0: 3 0x8000086c (0x0000006f)
core   0: 3 0x8000086c (0x0000006f)
core   0: 3 0x8000086c (0x0000006f)
core   0: 3 0x8000086c (0x0000006f)
core   0: 3 0x8000086c (0x0000006f)
core   0: 3 0x8000086c (0x0000006f)
core   0: 3 0x8000086c (0x0000006f)
core   0: 3 0x8000086c (0x0000006f)
core   0: 3 0x8000086c (0x0000006f)
core   0: 3 0x8000086c (0x0000006f)
core   0: 3 0x8000086c (0x0000006f)
core   0: 3 0x8000086c (0x0000006f)
core   0: 3 0x8000086c (0x0000006f)
core   0: 3 0x8000086c (0x0000006f)
core   0: 3 0x8000086c (0x0000006f)
core   0: 3 0x8000086c (0x0000006f)
core   0: 3 0x8000086c (0x0000006f)
core   0: 3 0x8000086c (0x0000006f)
core   0: 3 0x8000086c (0x0000006f)
core   0: 3 0x8000086c (0x0000006f)
core   0: 3 0x8000086c (0x0000006f)
core   0: 3 0x8000086c (0x0000006f)
core   0: 3 0x8000086c (0x0000006f)
core   0: 3 0x8000086c (0x0000006f)
core   0: 3 0x8000086c (0x0000006f)
core   0: 3 0x8000086c (0x0000006f)
core   0: 3 0x8000086c (0x0000006f)
core   0: 3 0x8000086c (0x0000006f)
core   0: 3 0x8000086c (0x0000006f)
core   0: 3 0x8000086c (0x0000006f)
core   0: 3 0x8000086c (0x0000006f)
core   0: 3 0x8000086c (0x0000006f)
core   0: 3 0x8000086c (0x0000006f)
core   0: 3 0x8000086c (0x0000006f)
core   0: 3 0x8000086c (0x0000006f)
core   0: 3 0x8000086c (0x0000006f)
core   0: 3 0x8000086c (0x0000006f)
core   0: 3 0x8000086c (0x0000006f)
core   0: 3 0x8000086c (0x0000006f)
core   0: 3 0x8000086c (0x0000006f)
core   0: 3 0x8000086c (0x0000006f)
core   0: 3 0x8000086c (0x0000006f)
core   0: 3 0x8000086c (0x0000006f)
core   0: 3 0x8000086c (0x0000006f)
core   0: 3 0x8000086c (0x0000006f)
core   0: 3 0x8000086c (0x0000006f)
core   0: 3 0x8000086c (0x0000006f)
core   0: 3 0x8000086c (0x0000006f)
core   0: 3 0x8000086c (0x0000006f)
core   0: 3 0x8000086c (0x0000006f)
core   0: 3 0x8000086c (0x0000006f)
core   0: 3 0x8000086c (0x0000006f)
core   0: 3 0x8000086c (0x0000006f)
core   0: 3 0x8000086c (0x0000006f)
core   0: 3 0x8000086c (0x0000006f)
core   0: 3 0x8000086c (0x0000006f)
core   0: 3 0x8000086c (0x0000006f)
core   0: 3 0x8000086c (0x0000006f)
core   0: 3 0x8000086c (0x0000006f)
core   0: 3 0x8000086c (0x0000006f)
core   0: 3 0x8000086c (0x0000006f)
core   0: 3 0x8000086c (0x0000006f)
core   0: 3 0x8000086c (0x0000006f)
core   0: 3 0x8000086c (0x0000006f)
core   0: 3 0x8000086c (0x0000006f)
core   0: 3 0x8000086c (0x0000006f)
core   0: 3 0x8000086c (0x0000006f)
core   0: 3 0x8000086c (0x0000006f)
core   0: 3 0x8000086c (0x0000006f)
core   0: 3 0x8000086c (0x0000006f)
core   0: 3 0x8000086c (0x0000006f)
core   0: 3 0x8000086c (0x0000006f)
core   0: 3 0x8000086c (0x0000006f)
core   0: 3 0x8000086c (0x0000006f)
core   0: 3 0x8000086c (0x0000006f)
core   0: 3 0x8000086c (0x0000006f)
core   0: 3 0x8000086c (0x0000006f)
core   0: 3 0x8000086c (0x0000006f)
core   0: 3 0x8000086c (0x0000006f)
core   0: 3 0x8000086c (0x0000006f)
core   0: 3 0x8000086c (0x0000006f)
core   0: 3 0x8000086c (0x0000006f)
core   0: 3 0x8000086c (0x0000006f)
core   0: 3 0x8000086c (0x0000006f)
core   0: 3 0x8000086c (0x0000006f)
core   0: 3 0x8000086c (0x0000006f)
core   0: 3 0x8000086c (0x0000006f)
core   0: 3 0x8000086c (0x0000006f)
core   0: 3 0x8000086c (0x0000006f)
core   0: 3 0x8000086c (0x0000006f)
core   0: 3 0x8000086c (0x0000006f)
core   0: 3 0x8000086c (0x0000006f)
core   0: 3 0x8000086c (0x0000006f)
core   0: 3 0x8000086c (0x0000006f)
core   0: 3 0x8000086c (0x0000006f)
core   0: 3 0x8000086c (0x0000006f)
core   0: 3 0x8000086c (0x0000006f)
core   0: 3 0x8000086c (0x0000006f)
core   0: 3 0x8000086c (0x0000006f)
core   0: 3 0x8000086c (0x0000006f)
core   0: 3 0x8000086c (0x0000006f)
core   0: 3 0x8000086c (0x0000006f)
core   0: 3 0x8000086c (0x0000006f)
core   0: 3 0x8000086c (0x0000006f)
core   0: 3 0x8000086c (0x0000006f)
core   0: 3 0x8000086c (0x0000006f)
core   0: 3 0x8000086c (0x0000006f)
core   0: 3 0x8000086c (0x0000006f)
core   0: 3 0x8000086c (0x0000006f)
core   0: 3 0x8000086c (0x0000006f)
core   0: 3 0x8000086c (0x0000006f)
core   0: 3 0x8000086c (0x0000006f)
core   0: 3 0x8000086c (0x0000006f)
core   0: 3 0x8000086c (0x0000006f)
core   0: 3 0x8000086c (0x0000006f)
core   0: 3 0x8000086c (0x0000006f)
core   0: 3 0x8000086c (0x0000006f)
core   0: 3 0x8000086c (0x0000006f)
core   0: 3 0x8000086c (0x0000006f)
core   0: 3 0x8000086c (0x0000006f)
core   0: 3 0x8000086c (0x0000006f)
core   0: 3 0x8000086c (0x0000006f)
core   0: 3 0x8000086c (0x0000006f)
core   0: 3 0x8000086c (0x0000006f)
core   0: 3 0x8000086c (0x0000006f)
core   0: 3 0x8000086c (0x0000006f)
core   0: 3 0x8000086c (0x0000006f)
core   0: 3 0x8000086c (0x0000006f)
core   0: 3 0x8000086c (0x0000006f)
core   0: 3 0x8000086c (0x0000006f)
core   0: 3 0x8000086c (0x0000006f)
core   0: 3 0x8000086c (0x0000006f)
core   0: 3 0x8000086c (0x0000006f)
core   0: 3 0x8000086c (0x0000006f)
core   0: 3 0x8000086c (0x0000006f)
core   0: 3 0x8000086c (0x0000006f)
core   0: 3 0x8000086c (0x0000006f)
core   0: 3 0x8000086c (0x0000006f)
core   0: 3 0x8000086c (0x0000006f)
core   0: 3 0x8000086c (0x0000006f)
core   0: 3 0x8000086c (0x0000006f)
core   0: 3 0x8000086c (0x0000006f)
core   0: 3 0x8000086c (0x0000006f)
core   0: 3 0x8000086c (0x0000006f)
core   0: 3 0x8000086c (0x0000006f)
core   0: 3 0x8000086c (0x0000006f)
core   0: 3 0x8000086c (0x0000006f)
core   0: 3 0x8000086c (0x0000006f)
core   0: 3 0x8000086c (0x0000006f)
core   0: 3 0x8000086c (0x0000006f)
core   0: 3 0x8000086c (0x0000006f)
core   0: 3 0x8000086c (0x0000006f)
core   0: 3 0x8000086c (0x0000006f)
core   0: 3 0x8000086c (0x0000006f)
core   0: 3 0x8000086c (0x0000006f)
core   0: 3 0x8000086c (0x0000006f)
core   0: 3 0x8000086c (0x0000006f)
core   0: 3 0x8000086c (0x0000006f)
core   0: 3 0x8000086c (0x0000006f)
core   0: 3 0x8000086c (0x0000006f)
core   0: 3 0x8000086c (0x0000006f)
core   0: 3 0x8000086c (0x0000006f)
core   0: 3 0x8000086c (0x0000006f)
core   0: 3 0x8000086c (0x0000006f)
core   0: 3 0x8000086c (0x0000006f)
core   0: 3 0x8000086c (0x0000006f)
core   0: 3 0x8000086c (0x0000006f)
core   0: 3 0x8000086c (0x0000006f)
core   0: 3 0x8000086c (0x0000006f)
core   0: 3 0x8000086c (0x0000006f)
core   0: 3 0x8000086c (0x0000006f)
core   0: 3 0x8000086c (0x0000006f)
core   0: 3 0x8000086c (0x0000006f)
core   0: 3 0x8000086c (0x0000006f)
core   0: 3 0x8000086c (0x0000006f)
core   0: 3 0x8000086c (0x0000006f)
core   0: 3 0x8000086c (0x0000006f)
core   0: 3 0x8000086c (0x0000006f)
core   0: 3 0x8000086c (0x0000006f)
core   0: 3 0x8000086c (0x0000006f)
core   0: 3 0x8000086c (0x0000006f)
core   0: 3 0x8000086c (0x0000006f)
core   0: 3 0x8000086c (0x0000006f)
core   0: 3 0x8000086c (0x0000006f)
core   0: 3 0x8000086c (0x0000006f)
core   0: 3 0x8000086c (0x0000006f)
core   0: 3 0x8000086c (0x0000006f)
core   0: 3 0x8000086c (0x0000006f)
core   0: 3 0x8000086c (0x0000006f)
core   0: 3 0x8000086c (0x0000006f)
core   0: 3 0x8000086c (0x0000006f)
core   0: 3 0x8000086c (0x0000006f)
core   0: 3 0x8000086c (0x0000006f)
core   0: 3 0x8000086c (0x0000006f)
core   0: 3 0x8000086c (0x0000006f)
core   0: 3 0x8000086c (0x0000006f)
core   0: 3 0x8000086c (0x0000006f)
core   0: 3 0x8000086c (0x0000006f)
core   0: 3 0x8000086c (0x0000006f)
core   0: 3 0x8000086c (0x0000006f)
core   0: 3 0x8000086c (0x0000006f)
core   0: 3 0x8000086c (0x0000006f)
core   0: 3 0x8000086c (0x0000006f)
core   0: 3 0x8000086c (0x0000006f)
core   0: 3 0x8000086c (0x0000006f)
core   0: 3 0x8000086c (0x0000006f)
core   0: 3 0x8000086c (0x0000006f)
core   0: 3 0x8000086c (0x0000006f)
core   0: 3 0x8000086c (0x0000006f)
core   0: 3 0x8000086c (0x0000006f)
core   0: 3 0x8000086c (0x0000006f)
core   0: 3 0x8000086c (0x0000006f)
core   0: 3 0x8000086c (0x0000006f)
core   0: 3 0x8000086c (0x0000006f)
core   0: 3 0x8000086c (0x0000006f)
core   0: 3 0x8000086c (0x0000006f)
core   0: 3 0x8000086c (0x0000006f)
core   0: 3 0x8000086c (0x0000006f)
core   0: 3 0x8000086c (0x0000006f)
core   0: 3 0x8000086c (0x0000006f)
core   0: 3 0x8000086c (0x0000006f)
core   0: 3 0x8000086c (0x0000006f)
core   0: 3 0x8000086c (0x0000006f)
core   0: 3 0x8000086c (0x0000006f)
core   0: 3 0x8000086c (0x0000006f)
core   0: 3 0x8000086c (0x0000006f)
core   0: 3 0x8000086c (0x0000006f)
core   0: 3 0x8000086c (0x0000006f)
core   0: 3 0x8000086c (0x0000006f)
core   0: 3 0x8000086c (0x0000006f)
core   0: 3 0x8000086c (0x0000006f)
core   0: 3 0x8000086c (0x0000006f)
core   0: 3 0x8000086c (0x0000006f)
core   0: 3 0x8000086c (0x0000006f)
core   0: 3 0x8000086c (0x0000006f)
core   0: 3 0x8000086c (0x0000006f)
core   0: 3 0x8000086c (0x0000006f)
core   0: 3 0x8000086c (0x0000006f)
core   0: 3 0x8000086c (0x0000006f)
core   0: 3 0x8000086c (0x0000006f)
core   0: 3 0x8000086c (0x0000006f)
core   0: 3 0x8000086c (0x0000006f)
core   0: 3 0x8000086c (0x0000006f)
core   0: 3 0x8000086c (0x0000006f)
core   0: 3 0x8000086c (0x0000006f)
core   0: 3 0x8000086c (0x0000006f)
core   0: 3 0x8000086c (0x0000006f)
core   0: 3 0x8000086c (0x0000006f)
core   0: 3 0x8000086c (0x0000006f)
core   0: 3 0x8000086c (0x0000006f)
core   0: 3 0x8000086c (0x0000006f)
core   0: 3 0x8000086c (0x0000006f)
core   0: 3 0x8000086c (0x0000006f)
core   0: 3 0x8000086c (0x0000006f)
core   0: 3 0x8000086c (0x0000006f)
core   0: 3 0x8000086c (0x0000006f)
core   0: 3 0x8000086c (0x0000006f)
core   0: 3 0x8000086c (0x0000006f)
core   0: 3 0x8000086c (0x0000006f)
core   0: 3 0x8000086c (0x0000006f)
core   0: 3 0x8000086c (0x0000006f)
core   0: 3 0x8000086c (0x0000006f)
core   0: 3 0x8000086c (0x0000006f)
core   0: 3 0x8000086c (0x0000006f)
core   0: 3 0x8000086c (0x0000006f)
core   0: 3 0x8000086c (0x0000006f)
core   0: 3 0x8000086c (0x0000006f)
core   0: 3 0x8000086c (0x0000006f)
core   0: 3 0x8000086c (0x0000006f)
core   0: 3 0x8000086c (0x0000006f)
core   0: 3 0x8000086c (0x0000006f)
core   0: 3 0x8000086c (0x0000006f)
core   0: 3 0x8000086c (0x0000006f)
core   0: 3 0x8000086c (0x0000006f)
core   0: 3 0x8000086c (0x0000006f)
core   0: 3 0x8000086c (0x0000006f)
core   0: 3 0x8000086c (0x0000006f)
core   0: 3 0x8000086c (0x0000006f)
core   0: 3 0x8000086c (0x0000006f)
core   0: 3 0x8000086c (0x0000006f)
core   0: 3 0x8000086c (0x0000006f)
core   0: 3 0x8000086c (0x0000006f)
core   0: 3 0x8000086c (0x0000006f)
core   0: 3 0x8000086c (0x0000006f)
core   0: 3 0x8000086c (0x0000006f)
core   0: 3 0x8000086c (0x0000006f)
core   0: 3 0x8000086c (0x0000006f)
core   0: 3 0x8000086c (0x0000006f)
core   0: 3 0x8000086c (0x0000006f)
core   0: 3 0x8000086c (0x0000006f)
core   0: 3 0x8000086c (0x0000006f)
core   0: 3 0x8000086c (0x0000006f)
core   0: 3 0x8000086c (0x0000006f)
core   0: 3 0x8000086c (0x0000006f)
core   0: 3 0x8000086c (0x0000006f)
core   0: 3 0x8000086c (0x0000006f)
core   0: 3 0x8000086c (0x0000006f)
core   0: 3 0x8000086c (0x0000006f)
core   0: 3 0x8000086c (0x0000006f)
core   0: 3 0x8000086c (0x0000006f)
core   0: 3 0x8000086c (0x0000006f)
core   0: 3 0x8000086c (0x0000006f)
core   0: 3 0x8000086c (0x0000006f)
core   0: 3 0x8000086c (0x0000006f)
core   0: 3 0x8000086c (0x0000006f)
core   0: 3 0x8000086c (0x0000006f)
core   0: 3 0x8000086c (0x0000006f)
core   0: 3 0x8000086c (0x0000006f)
core   0: 3 0x8000086c (0x0000006f)
core   0: 3 0x8000086c (0x0000006f)
core   0: 3 0x8000086c (0x0000006f)
core   0: 3 0x8000086c (0x0000006f)
core   0: 3 0x8000086c (0x0000006f)
core   0: 3 0x8000086c (0x0000006f)
core   0: 3 0x8000086c (0x0000006f)
core   0: 3 0x8000086c (0x0000006f)
core   0: 3 0x8000086c (0x0000006f)
core   0: 3 0x8000086c (0x0000006f)
core   0: 3 0x8000086c (0x0000006f)
core   0: 3 0x8000086c (0x0000006f)
core   0: 3 0x8000086c (0x0000006f)
core   0: 3 0x8000086c (0x0000006f)
core   0: 3 0x8000086c (0x0000006f)
core   0: 3 0x8000086c (0x0000006f)
core   0: 3 0x8000086c (0x0000006f)
core   0: 3 0x8000086c (0x0000006f)
core   0: 3 0x8000086c (0x0000006f)
core   0: 3 0x8000086c (0x0000006f)
core   0: 3 0x8000086c (0x0000006f)
core   0: 3 0x8000086c (0x0000006f)
core   0: 3 0x8000086c (0x0000006f)
core   0: 3 0x8000086c (0x0000006f)
core   0: 3 0x8000086c (0x0000006f)
core   0: 3 0x8000086c (0x0000006f)
core   0: 3 0x8000086c (0x0000006f)
core   0: 3 0x8000086c (0x0000006f)
core   0: 3 0x8000086c (0x0000006f)
core   0: 3 0x8000086c (0x0000006f)
core   0: 3 0x8000086c (0x0000006f)
core   0: 3 0x8000086c (0x0000006f)
core   0: 3 0x8000086c (0x0000006f)
core   0: 3 0x8000086c (0x0000006f)
core   0: 3 0x8000086c (0x0000006f)
core   0: 3 0x8000086c (0x0000006f)
core   0: 3 0x8000086c (0x0000006f)
core   0: 3 0x8000086c (0x0000006f)
core   0: 3 0x8000086c (0x0000006f)
core   0: 3 0x8000086c (0x0000006f)
core   0: 3 0x8000086c (0x0000006f)
core   0: 3 0x8000086c (0x0000006f)
core   0: 3 0x8000086c (0x0000006f)
core   0: 3 0x8000086c (0x0000006f)
core   0: 3 0x8000086c (0x0000006f)
core   0: 3 0x8000086c (0x0000006f)
core   0: 3 0x8000086c (0x0000006f)
core   0: 3 0x8000086c (0x0000006f)
core   0: 3 0x8000086c (0x0000006f)
core   0: 3 0x8000086c (0x0000006f)
core   0: 3 0x8000086c (0x0000006f)
core   0: 3 0x8000086c (0x0000006f)
core   0: 3 0x8000086c (0x0000006f)
core   0: 3 0x8000086c (0x0000006f)
core   0: 3 0x8000086c (0x0000006f)
core   0: 3 0x8000086c (0x0000006f)
core   0: 3 0x8000086c (0x0000006f)
core   0: 3 0x8000086c (0x0000006f)
core   0: 3 0x8000086c (0x0000006f)
core   0: 3 0x8000086c (0x0000006f)
core   0: 3 0x8000086c (0x0000006f)
core   0: 3 0x8000086c (0x0000006f)
core   0: 3 0x8000086c (0x0000006f)
core   0: 3 0x8000086c (0x0000006f)
core   0: 3 0x8000086c (0x0000006f)
core   0: 3 0x8000086c (0x0000006f)
core   0: 3 0x8000086c (0x0000006f)
core   0: 3 0x8000086c (0x0000006f)
core   0: 3 0x8000086c (0x0000006f)
core   0: 3 0x8000086c (0x0000006f)
core   0: 3 0x8000086c (0x0000006f)
core   0: 3 0x8000086c (0x0000006f)
core   0: 3 0x8000086c (0x0000006f)
core   0: 3 0x8000086c (0x0000006f)
core   0: 3 0x8000086c (0x0000006f)
core   0: 3 0x8000086c (0x0000006f)
core   0: 3 0x8000086c (0x0000006f)
core   0: 3 0x8000086c (0x0000006f)
core   0: 3 0x8000086c (0x0000006f)
core   0: 3 0x8000086c (0x0000006f)
core   0: 3 0x8000086c (0x0000006f)
core   0: 3 0x8000086c (0x0000006f)
core   0: 3 0x8000086c (0x0000006f)
core   0: 3 0x8000086c (0x0000006f)
core   0: 3 0x8000086c (0x0000006f)
core   0: 3 0x8000086c (0x0000006f)
core   0: 3 0x8000086c (0x0000006f)
core   0: 3 0x8000086c (0x0000006f)
core   0: 3 0x8000086c (0x0000006f)
core   0: 3 0x8000086c (0x0000006f)
core   0: 3 0x8000086c (0x0000006f)
core   0: 3 0x8000086c (0x0000006f)
core   0: 3 0x8000086c (0x0000006f)
core   0: 3 0x8000086c (0x0000006f)
core   0: 3 0x8000086c (0x0000006f)
core   0: 3 0x8000086c (0x0000006f)
core   0: 3 0x8000086c (0x0000006f)
core   0: 3 0x8000086c (0x0000006f)
core   0: 3 0x8000086c (0x0000006f)
core   0: 3 0x8000086c (0x0000006f)
core   0: 3 0x8000086c (0x0000006f)
core   0: 3 0x8000086c (0x0000006f)
core   0: 3 0x8000086c (0x0000006f)
core   0: 3 0x8000086c (0x0000006f)
core   0: 3 0x8000086c (0x0000006f)
core   0: 3 0x8000086c (0x0000006f)
core   0: 3 0x8000086c (0x0000006f)
core   0: 3 0x8000086c (0x0000006f)
core   0: 3 0x8000086c (0x0000006f)
core   0: 3 0x8000086c (0x0000006f)
core   0: 3 0x8000086c (0x0000006f)
core   0: 3 0x8000086c (0x0000006f)
core   0: 3 0x8000086c (0x0000006f)
core   0: 3 0x8000086c (0x0000006f)
core   0: 3 0x8000086c (0x0000006f)
core   0: 3 0x8000086c (0x0000006f)
core   0: 3 0x8000086c (0x0000006f)
core   0: 3 0x8000086c (0x0000006f)
core   0: 3 0x8000086c (0x0000006f)
core   0: 3 0x8000086c (0x0000006f)
core   0: 3 0x8000086c (0x0000006f)
core   0: 3 0x8000086c (0x0000006f)
core   0: 3 0x8000086c (0x0000006f)
core   0: 3 0x8000086c (0x0000006f)
core   0: 3 0x8000086c (0x0000006f)
core   0: 3 0x8000086c (0x0000006f)
core   0: 3 0x8000086c (0x0000006f)
core   0: 3 0x8000086c (0x0000006f)
core   0: 3 0x8000086c (0x0000006f)
core   0: 3 0x8000086c (0x0000006f)
core   0: 3 0x8000086c (0x0000006f)
core   0: 3 0x8000086c (0x0000006f)
core   0: 3 0x8000086c (0x0000006f)
core   0: 3 0x8000086c (0x0000006f)
core   0: 3 0x8000086c (0x0000006f)
core   0: 3 0x8000086c (0x0000006f)
core   0: 3 0x8000086c (0x0000006f)
core   0: 3 0x8000086c (0x0000006f)
core   0: 3 0x8000086c (0x0000006f)
core   0: 3 0x8000086c (0x0000006f)
core   0: 3 0x8000086c (0x0000006f)
core   0: 3 0x8000086c (0x0000006f)
core   0: 3 0x8000086c (0x0000006f)
core   0: 3 0x8000086c (0x0000006f)
core   0: 3 0x8000086c (0x0000006f)
core   0: 3 0x8000086c (0x0000006f)
core   0: 3 0x8000086c (0x0000006f)
core   0: 3 0x8000086c (0x0000006f)
core   0: 3 0x8000086c (0x0000006f)
core   0: 3 0x8000086c (0x0000006f)
core   0: 3 0x8000086c (0x0000006f)
core   0: 3 0x8000086c (0x0000006f)
core   0: 3 0x8000086c (0x0000006f)
core   0: 3 0x8000086c (0x0000006f)
core   0: 3 0x8000086c (0x0000006f)
core   0: 3 0x8000086c (0x0000006f)
core   0: 3 0x8000086c (0x0000006f)
core   0: 3 0x8000086c (0x0000006f)
core   0: 3 0x8000086c (0x0000006f)
core   0: 3 0x8000086c (0x0000006f)
core   0: 3 0x8000086c (0x0000006f)
core   0: 3 0x8000086c (0x0000006f)
core   0: 3 0x8000086c (0x0000006f)
core   0: 3 0x8000086c (0x0000006f)
core   0: 3 0x8000086c (0x0000006f)
core   0: 3 0x8000086c (0x0000006f)
core   0: 3 0x8000086c (0x0000006f)
core   0: 3 0x8000086c (0x0000006f)
core   0: 3 0x8000086c (0x0000006f)
core   0: 3 0x8000086c (0x0000006f)
core   0: 3 0x8000086c (0x0000006f)
core   0: 3 0x8000086c (0x0000006f)
core   0: 3 0x8000086c (0x0000006f)
core   0: 3 0x8000086c (0x0000006f)
core   0: 3 0x8000086c (0x0000006f)
core   0: 3 0x8000086c (0x0000006f)
core   0: 3 0x8000086c (0x0000006f)
core   0: 3 0x8000086c (0x0000006f)
core   0: 3 0x8000086c (0x0000006f)
core   0: 3 0x8000086c (0x0000006f)
core   0: 3 0x8000086c (0x0000006f)
core   0: 3 0x8000086c (0x0000006f)
core   0: 3 0x8000086c (0x0000006f)
core   0: 3 0x8000086c (0x0000006f)
core   0: 3 0x8000086c (0x0000006f)
core   0: 3 0x8000086c (0x0000006f)
core   0: 3 0x8000086c (0x0000006f)
core   0: 3 0x8000086c (0x0000006f)
core   0: 3 0x8000086c (0x0000006f)
core   0: 3 0x8000086c (0x0000006f)
core   0: 3 0x8000086c (0x0000006f)
core   0: 3 0x8000086c (0x0000006f)
core   0: 3 0x8000086c (0x0000006f)
core   0: 3 0x8000086c (0x0000006f)
core   0: 3 0x8000086c (0x0000006f)
core   0: 3 0x8000086c (0x0000006f)
core   0: 3 0x8000086c (0x0000006f)
core   0: 3 0x8000086c (0x0000006f)
core   0: 3 0x8000086c (0x0000006f)
core   0: 3 0x8000086c (0x0000006f)
core   0: 3 0x8000086c (0x0000006f)
core   0: 3 0x8000086c (0x0000006f)
core   0: 3 0x8000086c (0x0000006f)
core   0: 3 0x8000086c (0x0000006f)
core   0: 3 0x8000086c (0x0000006f)
core   0: 3 0x8000086c (0x0000006f)
core   0: 3 0x8000086c (0x0000006f)
core   0: 3 0x8000086c (0x0000006f)
core   0: 3 0x8000086c (0x0000006f)
core   0: 3 0x8000086c (0x0000006f)
core   0: 3 0x8000086c (0x0000006f)
core   0: 3 0x8000086c (0x0000006f)
core   0: 3 0x8000086c (0x0000006f)
core   0: 3 0x8000086c (0x0000006f)
core   0: 3 0x8000086c (0x0000006f)
core   0: 3 0x8000086c (0x0000006f)
core   0: 3 0x8000086c (0x0000006f)
core   0: 3 0x8000086c (0x0000006f)
core   0: 3 0x8000086c (0x0000006f)
core   0: 3 0x8000086c (0x0000006f)
core   0: 3 0x8000086c (0x0000006f)
core   0: 3 0x8000086c (0x0000006f)
core   0: 3 0x8000086c (0x0000006f)
core   0: 3 0x8000086c (0x0000006f)
core   0: 3 0x8000086c (0x0000006f)
core   0: 3 0x8000086c (0x0000006f)
core   0: 3 0x8000086c (0x0000006f)
core   0: 3 0x8000086c (0x0000006f)
core   0: 3 0x8000086c (0x0000006f)
core   0: 3 0x8000086c (0x0000006f)
core   0: 3 0x8000086c (0x0000006f)
core   0: 3 0x8000086c (0x0000006f)
core   0: 3 0x8000086c (0x0000006f)
core   0: 3 0x8000086c (0x0000006f)
core   0: 3 0x8000086c (0x0000006f)
core   0: 3 0x8000086c (0x0000006f)
core   0: 3 0x8000086c (0x0000006f)
core   0: 3 0x8000086c (0x0000006f)
core   0: 3 0x8000086c (0x0000006f)
core   0: 3 0x8000086c (0x0000006f)
core   0: 3 0x8000086c (0x0000006f)
core   0: 3 0x8000086c (0x0000006f)
core   0: 3 0x8000086c (0x0000006f)
core   0: 3 0x8000086c (0x0000006f)
core   0: 3 0x8000086c (0x0000006f)
core   0: 3 0x8000086c (0x0000006f)
core   0: 3 0x8000086c (0x0000006f)
core   0: 3 0x8000086c (0x0000006f)
core   0: 3 0x8000086c (0x0000006f)
core   0: 3 0x8000086c (0x0000006f)
core   0: 3 0x8000086c (0x0000006f)
core   0: 3 0x8000086c (0x0000006f)
core   0: 3 0x8000086c (0x0000006f)
core   0: 3 0x8000086c (0x0000006f)
core   0: 3 0x8000086c (0x0000006f)
core   0: 3 0x8000086c (0x0000006f)
core   0: 3 0x8000086c (0x0000006f)
core   0: 3 0x8000086c (0x0000006f)
core   0: 3 0x8000086c (0x0000006f)
core   0: 3 0x8000086c (0x0000006f)
core   0: 3 0x8000086c (0x0000006f)
core   0: 3 0x8000086c (0x0000006f)
core   0: 3 0x8000086c (0x0000006f)
core   0: 3 0x8000086c (0x0000006f)
core   0: 3 0x8000086c (0x0000006f)
core   0: 3 0x8000086c (0x0000006f)
core   0: 3 0x8000086c (0x0000006f)
core   0: 3 0x8000086c (0x0000006f)
core   0: 3 0x8000086c (0x0000006f)
core   0: 3 0x8000086c (0x0000006f)
core   0: 3 0x8000086c (0x0000006f)
core   0: 3 0x8000086c (0x0000006f)
core   0: 3 0x8000086c (0x0000006f)
core   0: 3 0x8000086c (0x0000006f)
core   0: 3 0x8000086c (0x0000006f)
core   0: 3 0x8000086c (0x0000006f)
core   0: 3 0x8000086c (0x0000006f)
core   0: 3 0x8000086c (0x0000006f)
core   0: 3 0x8000086c (0x0000006f)
core   0: 3 0x8000086c (0x0000006f)
core   0: 3 0x8000086c (0x0000006f)
core   0: 3 0x8000086c (0x0000006f)
core   0: 3 0x8000086c (0x0000006f)
core   0: 3 0x8000086c (0x0000006f)
core   0: 3 0x8000086c (0x0000006f)
core   0: 3 0x8000086c (0x0000006f)
core   0: 3 0x8000086c (0x0000006f)
core   0: 3 0x8000086c (0x0000006f)
core   0: 3 0x8000086c (0x0000006f)
core   0: 3 0x8000086c (0x0000006f)
core   0: 3 0x8000086c (0x0000006f)
core   0: 3 0x8000086c (0x0000006f)
core   0: 3 0x8000086c (0x0000006f)
core   0: 3 0x8000086c (0x0000006f)
core   0: 3 0x8000086c (0x0000006f)
core   0: 3 0x8000086c (0x0000006f)
core   0: 3 0x8000086c (0x0000006f)
core   0: 3 0x8000086c (0x0000006f)
core   0: 3 0x8000086c (0x0000006f)
core   0: 3 0x8000086c (0x0000006f)
core   0: 3 0x8000086c (0x0000006f)
core   0: 3 0x8000086c (0x0000006f)
core   0: 3 0x8000086c (0x0000006f)
core   0: 3 0x8000086c (0x0000006f)
core   0: 3 0x8000086c (0x0000006f)
core   0: 3 0x8000086c (0x0000006f)
core   0: 3 0x8000086c (0x0000006f)
core   0: 3 0x8000086c (0x0000006f)
core   0: 3 0x8000086c (0x0000006f)
core   0: 3 0x8000086c (0x0000006f)
core   0: 3 0x8000086c (0x0000006f)
core   0: 3 0x8000086c (0x0000006f)
core   0: 3 0x8000086c (0x0000006f)
core   0: 3 0x8000086c (0x0000006f)
core   0: 3 0x8000086c (0x0000006f)
core   0: 3 0x8000086c (0x0000006f)
core   0: 3 0x8000086c (0x0000006f)
core   0: 3 0x8000086c (0x0000006f)
core   0: 3 0x8000086c (0x0000006f)
core   0: 3 0x8000086c (0x0000006f)
core   0: 3 0x8000086c (0x0000006f)
core   0: 3 0x8000086c (0x0000006f)
core   0: 3 0x8000086c (0x0000006f)
core   0: 3 0x8000086c (0x0000006f)
core   0: 3 0x8000086c (0x0000006f)
core   0: 3 0x8000086c (0x0000006f)
core   0: 3 0x8000086c (0x0000006f)
core   0: 3 0x8000086c (0x0000006f)
core   0: 3 0x8000086c (0x0000006f)
core   0: 3 0x8000086c (0x0000006f)
core   0: 3 0x8000086c (0x0000006f)
core   0: 3 0x8000086c (0x0000006f)
core   0: 3 0x8000086c (0x0000006f)
core   0: 3 0x8000086c (0x0000006f)
core   0: 3 0x8000086c (0x0000006f)
core   0: 3 0x8000086c (0x0000006f)
core   0: 3 0x8000086c (0x0000006f)
core   0: 3 0x8000086c (0x0000006f)
core   0: 3 0x8000086c (0x0000006f)
core   0: 3 0x8000086c (0x0000006f)
core   0: 3 0x8000086c (0x0000006f)
core   0: 3 0x8000086c (0x0000006f)
core   0: 3 0x8000086c (0x0000006f)
core   0: 3 0x8000086c (0x0000006f)
core   0: 3 0x8000086c (0x0000006f)
core   0: 3 0x8000086c (0x0000006f)
core   0: 3 0x8000086c (0x0000006f)
core   0: 3 0x8000086c (0x0000006f)
core   0: 3 0x8000086c (0x0000006f)
core   0: 3 0x8000086c (0x0000006f)
core   0: 3 0x8000086c (0x0000006f)
core   0: 3 0x8000086c (0x0000006f)
core   0: 3 0x8000086c (0x0000006f)
core   0: 3 0x8000086c (0x0000006f)
core   0: 3 0x8000086c (0x0000006f)
core   0: 3 0x8000086c (0x0000006f)
core   0: 3 0x8000086c (0x0000006f)
core   0: 3 0x8000086c (0x0000006f)
core   0: 3 0x8000086c (0x0000006f)
core   0: 3 0x8000086c (0x0000006f)
core   0: 3 0x8000086c (0x0000006f)
core   0: 3 0x8000086c (0x0000006f)
core   0: 3 0x8000086c (0x0000006f)
core   0: 3 0x8000086c (0x0000006f)
core   0: 3 0x8000086c (0x0000006f)
core   0: 3 0x8000086c (0x0000006f)
core   0: 3 0x8000086c (0x0000006f)
core   0: 3 0x8000086c (0x0000006f)
core   0: 3 0x8000086c (0x0000006f)
core   0: 3 0x8000086c (0x0000006f)
core   0: 3 0x8000086c (0x0000006f)
core   0: 3 0x8000086c (0x0000006f)
core   0: 3 0x8000086c (0x0000006f)
core   0: 3 0x8000086c (0x0000006f)
core   0: 3 0x8000086c (0x0000006f)
core   0: 3 0x8000086c (0x0000006f)
core   0: 3 0x8000086c (0x0000006f)
core   0: 3 0x8000086c (0x0000006f)
core   0: 3 0x8000086c (0x0000006f)
core   0: 3 0x8000086c (0x0000006f)
core   0: 3 0x8000086c (0x0000006f)
core   0: 3 0x8000086c (0x0000006f)
core   0: 3 0x8000086c (0x0000006f)
core   0: 3 0x8000086c (0x0000006f)
core   0: 3 0x8000086c (0x0000006f)
core   0: 3 0x8000086c (0x0000006f)
core   0: 3 0x8000086c (0x0000006f)
core   0: 3 0x8000086c (0x0000006f)
core   0: 3 0x8000086c (0x0000006f)
core   0: 3 0x8000086c (0x0000006f)
core   0: 3 0x8000086c (0x0000006f)
core   0: 3 0x8000086c (0x0000006f)
core   0: 3 0x8000086c (0x0000006f)
core   0: 3 0x8000086c (0x0000006f)
core   0: 3 0x8000086c (0x0000006f)
core   0: 3 0x8000086c (0x0000006f)
core   0: 3 0x8000086c (0x0000006f)
core   0: 3 0x8000086c (0x0000006f)
core   0: 3 0x8000086c (0x0000006f)
core   0: 3 0x8000086c (0x0000006f)
core   0: 3 0x8000086c (0x0000006f)
core   0: 3 0x8000086c (0x0000006f)
core   0: 3 0x8000086c (0x0000006f)
core   0: 3 0x8000086c (0x0000006f)
core   0: 3 0x8000086c (0x0000006f)
core   0: 3 0x8000086c (0x0000006f)
core   0: 3 0x8000086c (0x0000006f)
core   0: 3 0x8000086c (0x0000006f)
core   0: 3 0x8000086c (0x0000006f)
core   0: 3 0x8000086c (0x0000006f)
core   0: 3 0x8000086c (0x0000006f)
core   0: 3 0x8000086c (0x0000006f)
core   0: 3 0x8000086c (0x0000006f)
core   0: 3 0x8000086c (0x0000006f)
core   0: 3 0x8000086c (0x0000006f)
core   0: 3 0x8000086c (0x0000006f)
core   0: 3 0x8000086c (0x0000006f)
core   0: 3 0x8000086c (0x0000006f)
core   0: 3 0x8000086c (0x0000006f)
core   0: 3 0x8000086c (0x0000006f)
core   0: 3 0x8000086c (0x0000006f)
core   0: 3 0x8000086c (0x0000006f)
core   0: 3 0x8000086c (0x0000006f)
core   0: 3 0x8000086c (0x0000006f)
core   0: 3 0x8000086c (0x0000006f)
core   0: 3 0x8000086c (0x0000006f)
core   0: 3 0x8000086c (0x0000006f)
core   0: 3 0x8000086c (0x0000006f)
core   0: 3 0x8000086c (0x0000006f)
core   0: 3 0x8000086c (0x0000006f)
core   0: 3 0x8000086c (0x0000006f)
core   0: 3 0x8000086c (0x0000006f)
core   0: 3 0x8000086c (0x0000006f)
core   0: 3 0x8000086c (0x0000006f)
core   0: 3 0x8000086c (0x0000006f)
core   0: 3 0x8000086c (0x0000006f)
core   0: 3 0x8000086c (0x0000006f)
core   0: 3 0x8000086c (0x0000006f)
core   0: 3 0x8000086c (0x0000006f)
core   0: 3 0x8000086c (0x0000006f)
core   0: 3 0x8000086c (0x0000006f)
core   0: 3 0x8000086c (0x0000006f)
core   0: 3 0x8000086c (0x0000006f)
core   0: 3 0x8000086c (0x0000006f)
core   0: 3 0x8000086c (0x0000006f)
core   0: 3 0x8000086c (0x0000006f)
core   0: 3 0x8000086c (0x0000006f)
core   0: 3 0x8000086c (0x0000006f)
core   0: 3 0x8000086c (0x0000006f)
core   0: 3 0x8000086c (0x0000006f)
core   0: 3 0x8000086c (0x0000006f)
core   0: 3 0x8000086c (0x0000006f)
core   0: 3 0x8000086c (0x0000006f)
core   0: 3 0x8000086c (0x0000006f)
core   0: 3 0x8000086c (0x0000006f)
core   0: 3 0x8000086c (0x0000006f)
core   0: 3 0x8000086c (0x0000006f)
core   0: 3 0x8000086c (0x0000006f)
core   0: 3 0x8000086c (0x0000006f)
core   0: 3 0x8000086c (0x0000006f)
core   0: 3 0x8000086c (0x0000006f)
core   0: 3 0x8000086c (0x0000006f)
core   0: 3 0x8000086c (0x0000006f)
core   0: 3 0x8000086c (0x0000006f)
core   0: 3 0x8000086c (0x0000006f)
core   0: 3 0x8000086c (0x0000006f)
core   0: 3 0x8000086c (0x0000006f)
core   0: 3 0x8000086c (0x0000006f)
core   0: 3 0x8000086c (0x0000006f)
core   0: 3 0x8000086c (0x0000006f)
core   0: 3 0x8000086c (0x0000006f)
core   0: 3 0x8000086c (0x0000006f)
core   0: 3 0x8000086c (0x0000006f)
core   0: 3 0x8000086c (0x0000006f)
core   0: 3 0x8000086c (0x0000006f)
core   0: 3 0x8000086c (0x0000006f)
core   0: 3 0x8000086c (0x0000006f)
core   0: 3 0x8000086c (0x0000006f)
core   0: 3 0x8000086c (0x0000006f)
core   0: 3 0x8000086c (0x0000006f)
core   0: 3 0x8000086c (0x0000006f)
core   0: 3 0x8000086c (0x0000006f)
core   0: 3 0x8000086c (0x0000006f)
core   0: 3 0x8000086c (0x0000006f)
core   0: 3 0x8000086c (0x0000006f)
core   0: 3 0x8000086c (0x0000006f)
core   0: 3 0x8000086c (0x0000006f)
core   0: 3 0x8000086c (0x0000006f)
core   0: 3 0x8000086c (0x0000006f)
core   0: 3 0x8000086c (0x0000006f)
core   0: 3 0x8000086c (0x0000006f)
core   0: 3 0x8000086c (0x0000006f)
core   0: 3 0x8000086c (0x0000006f)
core   0: 3 0x8000086c (0x0000006f)
core   0: 3 0x8000086c (0x0000006f)
core   0: 3 0x8000086c (0x0000006f)
core   0: 3 0x8000086c (0x0000006f)
core   0: 3 0x8000086c (0x0000006f)
core   0: 3 0x8000086c (0x0000006f)
core   0: 3 0x8000086c (0x0000006f)
core   0: 3 0x8000086c (0x0000006f)
core   0: 3 0x8000086c (0x0000006f)
core   0: 3 0x8000086c (0x0000006f)
core   0: 3 0x8000086c (0x0000006f)
core   0: 3 0x8000086c (0x0000006f)
core   0: 3 0x8000086c (0x0000006f)
core   0: 3 0x8000086c (0x0000006f)
core   0: 3 0x8000086c (0x0000006f)
core   0: 3 0x8000086c (0x0000006f)
core   0: 3 0x8000086c (0x0000006f)
core   0: 3 0x8000086c (0x0000006f)
core   0: 3 0x8000086c (0x0000006f)
core   0: 3 0x8000086c (0x0000006f)
core   0: 3 0x8000086c (0x0000006f)
core   0: 3 0x8000086c (0x0000006f)
core   0: 3 0x8000086c (0x0000006f)
core   0: 3 0x8000086c (0x0000006f)
core   0: 3 0x8000086c (0x0000006f)
core   0: 3 0x8000086c (0x0000006f)
core   0: 3 0x8000086c (0x0000006f)
core   0: 3 0x8000086c (0x0000006f)
core   0: 3 0x8000086c (0x0000006f)
core   0: 3 0x8000086c (0x0000006f)
core   0: 3 0x8000086c (0x0000006f)
core   0: 3 0x8000086c (0x0000006f)
core   0: 3 0x8000086c (0x0000006f)
core   0: 3 0x8000086c (0x0000006f)
core   0: 3 0x8000086c (0x0000006f)
core   0: 3 0x8000086c (0x0000006f)
core   0: 3 0x8000086c (0x0000006f)
core   0: 3 0x8000086c (0x0000006f)
core   0: 3 0x8000086c (0x0000006f)
core   0: 3 0x8000086c (0x0000006f)
core   0: 3 0x8000086c (0x0000006f)
core   0: 3 0x8000086c (0x0000006f)
core   0: 3 0x8000086c (0x0000006f)
core   0: 3 0x8000086c (0x0000006f)
core   0: 3 0x8000086c (0x0000006f)
core   0: 3 0x8000086c (0x0000006f)
core   0: 3 0x8000086c (0x0000006f)
core   0: 3 0x8000086c (0x0000006f)
core   0: 3 0x8000086c (0x0000006f)
core   0: 3 0x8000086c (0x0000006f)
core   0: 3 0x8000086c (0x0000006f)
core   0: 3 0x8000086c (0x0000006f)
core   0: 3 0x8000086c (0x0000006f)
core   0: 3 0x8000086c (0x0000006f)
core   0: 3 0x8000086c (0x0000006f)
core   0: 3 0x8000086c (0x0000006f)
core   0: 3 0x8000086c (0x0000006f)
core   0: 3 0x8000086c (0x0000006f)
core   0: 3 0x8000086c (0x0000006f)
core   0: 3 0x8000086c (0x0000006f)
core   0: 3 0x8000086c (0x0000006f)
core   0: 3 0x8000086c (0x0000006f)
core   0: 3 0x8000086c (0x0000006f)
core   0: 3 0x8000086c (0x0000006f)
core   0: 3 0x8000086c (0x0000006f)
core   0: 3 0x8000086c (0x0000006f)
core   0: 3 0x8000086c (0x0000006f)
core   0: 3 0x8000086c (0x0000006f)
core   0: 3 0x8000086c (0x0000006f)
core   0: 3 0x8000086c (0x0000006f)
core   0: 3 0x8000086c (0x0000006f)
core   0: 3 0x8000086c (0x0000006f)
core   0: 3 0x8000086c (0x0000006f)
core   0: 3 0x8000086c (0x0000006f)
core   0: 3 0x8000086c (0x0000006f)
core   0: 3 0x8000086c (0x0000006f)
core   0: 3 0x8000086c (0x0000006f)
core   0: 3 0x8000086c (0x0000006f)
core   0: 3 0x8000086c (0x0000006f)
core   0: 3 0x8000086c (0x0000006f)
core   0: 3 0x8000086c (0x0000006f)
core   0: 3 0x8000086c (0x0000006f)
core   0: 3 0x8000086c (0x0000006f)
core   0: 3 0x8000086c (0x0000006f)
core   0: 3 0x8000086c (0x0000006f)
core   0: 3 0x8000086c (0x0000006f)
core   0: 3 0x8000086c (0x0000006f)
core   0: 3 0x8000086c (0x0000006f)
core   0: 3 0x8000086c (0x0000006f)
core   0: 3 0x8000086c (0x0000006f)
core   0: 3 0x8000086c (0x0000006f)
core   0: 3 0x8000086c (0x0000006f)
core   0: 3 0x8000086c (0x0000006f)
core   0: 3 0x8000086c (0x0000006f)
core   0: 3 0x8000086c (0x0000006f)
core   0: 3 0x8000086c (0x0000006f)
core   0: 3 0x8000086c (0x0000006f)
core   0: 3 0x8000086c (0x0000006f)
core   0: 3 0x8000086c (0x0000006f)
core   0: 3 0x8000086c (0x0000006f)
core   0: 3 0x8000086c (0x0000006f)
core   0: 3 0x8000086c (0x0000006f)
core   0: 3 0x8000086c (0x0000006f)
core   0: 3 0x8000086c (0x0000006f)
core   0: 3 0x8000086c (0x0000006f)
core   0: 3 0x8000086c (0x0000006f)
core   0: 3 0x8000086c (0x0000006f)
core   0: 3 0x8000086c (0x0000006f)
core   0: 3 0x8000086c (0x0000006f)
core   0: 3 0x8000086c (0x0000006f)
core   0: 3 0x8000086c (0x0000006f)
core   0: 3 0x8000086c (0x0000006f)
core   0: 3 0x8000086c (0x0000006f)
core   0: 3 0x8000086c (0x0000006f)
core   0: 3 0x8000086c (0x0000006f)
core   0: 3 0x8000086c (0x0000006f)
core   0: 3 0x8000086c (0x0000006f)
core   0: 3 0x8000086c (0x0000006f)
core   0: 3 0x8000086c (0x0000006f)
core   0: 3 0x8000086c (0x0000006f)
core   0: 3 0x8000086c (0x0000006f)
core   0: 3 0x8000086c (0x0000006f)
core   0: 3 0x8000086c (0x0000006f)
core   0: 3 0x8000086c (0x0000006f)
core   0: 3 0x8000086c (0x0000006f)
core   0: 3 0x8000086c (0x0000006f)
core   0: 3 0x8000086c (0x0000006f)
core   0: 3 0x8000086c (0x0000006f)
core   0: 3 0x8000086c (0x0000006f)
core   0: 3 0x8000086c (0x0000006f)
core   0: 3 0x8000086c (0x0000006f)
core   0: 3 0x8000086c (0x0000006f)
core   0: 3 0x8000086c (0x0000006f)
core   0: 3 0x8000086c (0x0000006f)
core   0: 3 0x8000086c (0x0000006f)
core   0: 3 0x8000086c (0x0000006f)
core   0: 3 0x8000086c (0x0000006f)
core   0: 3 0x8000086c (0x0000006f)
core   0: 3 0x8000086c (0x0000006f)
core   0: 3 0x8000086c (0x0000006f)
core   0: 3 0x8000086c (0x0000006f)
core   0: 3 0x8000086c (0x0000006f)
core   0: 3 0x8000086c (0x0000006f)
core   0: 3 0x8000086c (0x0000006f)
core   0: 3 0x8000086c (0x0000006f)
core   0: 3 0x8000086c (0x0000006f)
core   0: 3 0x8000086c (0x0000006f)
core   0: 3 0x8000086c (0x0000006f)
core   0: 3 0x8000086c (0x0000006f)
core   0: 3 0x8000086c (0x0000006f)
core   0: 3 0x8000086c (0x0000006f)
core   0: 3 0x8000086c (0x0000006f)
core   0: 3 0x8000086c (0x0000006f)
core   0: 3 0x8000086c (0x0000006f)
core   0: 3 0x8000086c (0x0000006f)
core   0: 3 0x8000086c (0x0000006f)
core   0: 3 0x8000086c (0x0000006f)
core   0: 3 0x8000086c (0x0000006f)
core   0: 3 0x8000086c (0x0000006f)
core   0: 3 0x8000086c (0x0000006f)
core   0: 3 0x8000086c (0x0000006f)
core   0: 3 0x8000086c (0x0000006f)
core   0: 3 0x8000086c (0x0000006f)
core   0: 3 0x8000086c (0x0000006f)
core   0: 3 0x8000086c (0x0000006f)
core   0: 3 0x8000086c (0x0000006f)
core   0: 3 0x8000086c (0x0000006f)
core   0: 3 0x8000086c (0x0000006f)
core   0: 3 0x8000086c (0x0000006f)
core   0: 3 0x8000086c (0x0000006f)
core   0: 3 0x8000086c (0x0000006f)
core   0: 3 0x8000086c (0x0000006f)
core   0: 3 0x8000086c (0x0000006f)
core   0: 3 0x8000086c (0x0000006f)
core   0: 3 0x8000086c (0x0000006f)
core   0: 3 0x8000086c (0x0000006f)
core   0: 3 0x8000086c (0x0000006f)
core   0: 3 0x8000086c (0x0000006f)
core   0: 3 0x8000086c (0x0000006f)
core   0: 3 0x8000086c (0x0000006f)
core   0: 3 0x8000086c (0x0000006f)
core   0: 3 0x8000086c (0x0000006f)
core   0: 3 0x8000086c (0x0000006f)
core   0: 3 0x8000086c (0x0000006f)
core   0: 3 0x8000086c (0x0000006f)
core   0: 3 0x8000086c (0x0000006f)
core   0: 3 0x8000086c (0x0000006f)
core   0: 3 0x8000086c (0x0000006f)
core   0: 3 0x8000086c (0x0000006f)
core   0: 3 0x8000086c (0x0000006f)
core   0: 3 0x8000086c (0x0000006f)
core   0: 3 0x8000086c (0x0000006f)
core   0: 3 0x8000086c (0x0000006f)
core   0: 3 0x8000086c (0x0000006f)
core   0: 3 0x8000086c (0x0000006f)
core   0: 3 0x8000086c (0x0000006f)
core   0: 3 0x8000086c (0x0000006f)
core   0: 3 0x8000086c (0x0000006f)
core   0: 3 0x8000086c (0x0000006f)
core   0: 3 0x8000086c (0x0000006f)
core   0: 3 0x8000086c (0x0000006f)
core   0: 3 0x8000086c (0x0000006f)
core   0: 3 0x8000086c (0x0000006f)
core   0: 3 0x8000086c (0x0000006f)
core   0: 3 0x8000086c (0x0000006f)
core   0: 3 0x8000086c (0x0000006f)
core   0: 3 0x8000086c (0x0000006f)
core   0: 3 0x8000086c (0x0000006f)
core   0: 3 0x8000086c (0x0000006f)
core   0: 3 0x8000086c (0x0000006f)
core   0: 3 0x8000086c (0x0000006f)
core   0: 3 0x8000086c (0x0000006f)
core   0: 3 0x8000086c (0x0000006f)
core   0: 3 0x8000086c (0x0000006f)
core   0: 3 0x8000086c (0x0000006f)
core   0: 3 0x8000086c (0x0000006f)
core   0: 3 0x8000086c (0x0000006f)
core   0: 3 0x8000086c (0x0000006f)
core   0: 3 0x8000086c (0x0000006f)
core   0: 3 0x8000086c (0x0000006f)
core   0: 3 0x8000086c (0x0000006f)
core   0: 3 0x8000086c (0x0000006f)
core   0: 3 0x8000086c (0x0000006f)
core   0: 3 0x8000086c (0x0000006f)
core   0: 3 0x8000086c (0x0000006f)
core   0: 3 0x8000086c (0x0000006f)
core   0: 3 0x8000086c (0x0000006f)
core   0: 3 0x8000086c (0x0000006f)
core   0: 3 0x8000086c (0x0000006f)
core   0: 3 0x8000086c (0x0000006f)
core   0: 3 0x8000086c (0x0000006f)
core   0: 3 0x8000086c (0x0000006f)
core   0: 3 0x8000086c (0x0000006f)
core   0: 3 0x8000086c (0x0000006f)
core   0: 3 0x8000086c (0x0000006f)
core   0: 3 0x8000086c (0x0000006f)
core   0: 3 0x8000086c (0x0000006f)
core   0: 3 0x8000086c (0x0000006f)
core   0: 3 0x8000086c (0x0000006f)
core   0: 3 0x8000086c (0x0000006f)
core   0: 3 0x8000086c (0x0000006f)
core   0: 3 0x8000086c (0x0000006f)
core   0: 3 0x8000086c (0x0000006f)
core   0: 3 0x8000086c (0x0000006f)
core   0: 3 0x8000086c (0x0000006f)
core   0: 3 0x8000086c (0x0000006f)
core   0: 3 0x8000086c (0x0000006f)
core   0: 3 0x8000086c (0x0000006f)
core   0: 3 0x8000086c (0x0000006f)
core   0: 3 0x8000086c (0x0000006f)
core   0: 3 0x8000086c (0x0000006f)
core   0: 3 0x8000086c (0x0000006f)
core   0: 3 0x8000086c (0x0000006f)
core   0: 3 0x8000086c (0x0000006f)
core   0: 3 0x8000086c (0x0000006f)
core   0: 3 0x8000086c (0x0000006f)
core   0: 3 0x8000086c (0x0000006f)
core   0: 3 0x8000086c (0x0000006f)
core   0: 3 0x8000086c (0x0000006f)
core   0: 3 0x8000086c (0x0000006f)
core   0: 3 0x8000086c (0x0000006f)
core   0: 3 0x8000086c (0x0000006f)
core   0: 3 0x8000086c (0x0000006f)
core   0: 3 0x8000086c (0x0000006f)
core   0: 3 0x8000086c (0x0000006f)
core   0: 3 0x8000086c (0x0000006f)
core   0: 3 0x8000086c (0x0000006f)
core   0: 3 0x8000086c (0x0000006f)
core   0: 3 0x8000086c (0x0000006f)
core   0: 3 0x8000086c (0x0000006f)
core   0: 3 0x8000086c (0x0000006f)
core   0: 3 0x8000086c (0x0000006f)
core   0: 3 0x8000086c (0x0000006f)
core   0: 3 0x8000086c (0x0000006f)
core   0: 3 0x8000086c (0x0000006f)
core   0: 3 0x8000086c (0x0000006f)
core   0: 3 0x8000086c (0x0000006f)
core   0: 3 0x8000086c (0x0000006f)
core   0: 3 0x8000086c (0x0000006f)
core   0: 3 0x8000086c (0x0000006f)
core   0: 3 0x8000086c (0x0000006f)
core   0: 3 0x8000086c (0x0000006f)
core   0: 3 0x8000086c (0x0000006f)
core   0: 3 0x8000086c (0x0000006f)
core   0: 3 0x8000086c (0x0000006f)
core   0: 3 0x8000086c (0x0000006f)
core   0: 3 0x8000086c (0x0000006f)
core   0: 3 0x8000086c (0x0000006f)
core   0: 3 0x8000086c (0x0000006f)
core   0: 3 0x8000086c (0x0000006f)
core   0: 3 0x8000086c (0x0000006f)
core   0: 3 0x8000086c (0x0000006f)
core   0: 3 0x8000086c (0x0000006f)
core   0: 3 0x8000086c (0x0000006f)
core   0: 3 0x8000086c (0x0000006f)
core   0: 3 0x8000086c (0x0000006f)
core   0: 3 0x8000086c (0x0000006f)
core   0: 3 0x8000086c (0x0000006f)
core   0: 3 0x8000086c (0x0000006f)
core   0: 3 0x8000086c (0x0000006f)
core   0: 3 0x8000086c (0x0000006f)
core   0: 3 0x8000086c (0x0000006f)
core   0: 3 0x8000086c (0x0000006f)
core   0: 3 0x8000086c (0x0000006f)
core   0: 3 0x8000086c (0x0000006f)
core   0: 3 0x8000086c (0x0000006f)
core   0: 3 0x8000086c (0x0000006f)
core   0: 3 0x8000086c (0x0000006f)
core   0: 3 0x8000086c (0x0000006f)
core   0: 3 0x8000086c (0x0000006f)
core   0: 3 0x8000086c (0x0000006f)
core   0: 3 0x8000086c (0x0000006f)
core   0: 3 0x8000086c (0x0000006f)
core   0: 3 0x8000086c (0x0000006f)
core   0: 3 0x8000086c (0x0000006f)
core   0: 3 0x8000086c (0x0000006f)
core   0: 3 0x8000086c (0x0000006f)
core   0: 3 0x8000086c (0x0000006f)
core   0: 3 0x8000086c (0x0000006f)
core   0: 3 0x8000086c (0x0000006f)
core   0: 3 0x8000086c (0x0000006f)
core   0: 3 0x8000086c (0x0000006f)
core   0: 3 0x8000086c (0x0000006f)
core   0: 3 0x8000086c (0x0000006f)
core   0: 3 0x8000086c (0x0000006f)
core   0: 3 0x8000086c (0x0000006f)
core   0: 3 0x8000086c (0x0000006f)
core   0: 3 0x8000086c (0x0000006f)
core   0: 3 0x8000086c (0x0000006f)
core   0: 3 0x8000086c (0x0000006f)
core   0: 3 0x8000086c (0x0000006f)
core   0: 3 0x8000086c (0x0000006f)
core   0: 3 0x8000086c (0x0000006f)
core   0: 3 0x8000086c (0x0000006f)
core   0: 3 0x8000086c (0x0000006f)
core   0: 3 0x8000086c (0x0000006f)
core   0: 3 0x8000086c (0x0000006f)
core   0: 3 0x8000086c (0x0000006f)
core   0: 3 0x8000086c (0x0000006f)
core   0: 3 0x8000086c (0x0000006f)
core   0: 3 0x8000086c (0x0000006f)
core   0: 3 0x8000086c (0x0000006f)
core   0: 3 0x8000086c (0x0000006f)
core   0: 3 0x8000086c (0x0000006f)
core   0: 3 0x8000086c (0x0000006f)
core   0: 3 0x8000086c (0x0000006f)
core   0: 3 0x8000086c (0x0000006f)
core   0: 3 0x8000086c (0x0000006f)
core   0: 3 0x8000086c (0x0000006f)
core   0: 3 0x8000086c (0x0000006f)
core   0: 3 0x8000086c (0x0000006f)
core   0: 3 0x8000086c (0x0000006f)
core   0: 3 0x8000086c (0x0000006f)
core   0: 3 0x8000086c (0x0000006f)
core   0: 3 0x8000086c (0x0000006f)
core   0: 3 0x8000086c (0x0000006f)
core   0: 3 0x8000086c (0x0000006f)
core   0: 3 0x8000086c (0x0000006f)
core   0: 3 0x8000086c (0x0000006f)
core   0: 3 0x8000086c (0x0000006f)
core   0: 3 0x8000086c (0x0000006f)
core   0: 3 0x8000086c (0x0000006f)
core   0: 3 0x8000086c (0x0000006f)
core   0: 3 0x8000086c (0x0000006f)
core   0: 3 0x8000086c (0x0000006f)
core   0: 3 0x8000086c (0x0000006f)
core   0: 3 0x8000086c (0x0000006f)
core   0: 3 0x8000086c (0x0000006f)
core   0: 3 0x8000086c (0x0000006f)
core   0: 3 0x8000086c (0x0000006f)
core   0: 3 0x8000086c (0x0000006f)
core   0: 3 0x8000086c (0x0000006f)
core   0: 3 0x8000086c (0x0000006f)
core   0: 3 0x8000086c (0x0000006f)
core   0: 3 0x8000086c (0x0000006f)
core   0: 3 0x8000086c (0x0000006f)
core   0: 3 0x8000086c (0x0000006f)
core   0: 3 0x8000086c (0x0000006f)
core   0: 3 0x8000086c (0x0000006f)
core   0: 3 0x8000086c (0x0000006f)
core   0: 3 0x8000086c (0x0000006f)
core   0: 3 0x8000086c (0x0000006f)
core   0: 3 0x8000086c (0x0000006f)
core   0: 3 0x8000086c (0x0000006f)
core   0: 3 0x8000086c (0x0000006f)
core   0: 3 0x8000086c (0x0000006f)
core   0: 3 0x8000086c (0x0000006f)
core   0: 3 0x8000086c (0x0000006f)
core   0: 3 0x8000086c (0x0000006f)
core   0: 3 0x8000086c (0x0000006f)
core   0: 3 0x8000086c (0x0000006f)
core   0: 3 0x8000086c (0x0000006f)
core   0: 3 0x8000086c (0x0000006f)
core   0: 3 0x8000086c (0x0000006f)
core   0: 3 0x8000086c (0x0000006f)
core   0: 3 0x8000086c (0x0000006f)
core   0: 3 0x8000086c (0x0000006f)
core   0: 3 0x8000086c (0x0000006f)
core   0: 3 0x8000086c (0x0000006f)
core   0: 3 0x8000086c (0x0000006f)
core   0: 3 0x8000086c (0x0000006f)
core   0: 3 0x8000086c (0x0000006f)
core   0: 3 0x8000086c (0x0000006f)
core   0: 3 0x8000086c (0x0000006f)
core   0: 3 0x8000086c (0x0000006f)
core   0: 3 0x8000086c (0x0000006f)
core   0: 3 0x8000086c (0x0000006f)
core   0: 3 0x8000086c (0x0000006f)
core   0: 3 0x8000086c (0x0000006f)
core   0: 3 0x8000086c (0x0000006f)
core   0: 3 0x8000086c (0x0000006f)
core   0: 3 0x8000086c (0x0000006f)
core   0: 3 0x8000086c (0x0000006f)
core   0: 3 0x8000086c (0x0000006f)
core   0: 3 0x8000086c (0x0000006f)
core   0: 3 0x8000086c (0x0000006f)
core   0: 3 0x8000086c (0x0000006f)
core   0: 3 0x8000086c (0x0000006f)
core   0: 3 0x8000086c (0x0000006f)
core   0: 3 0x8000086c (0x0000006f)
core   0: 3 0x8000086c (0x0000006f)
core   0: 3 0x8000086c (0x0000006f)
core   0: 3 0x8000086c (0x0000006f)
core   0: 3 0x8000086c (0x0000006f)
core   0: 3 0x8000086c (0x0000006f)
core   0: 3 0x8000086c (0x0000006f)
core   0: 3 0x8000086c (0x0000006f)
core   0: 3 0x8000086c (0x0000006f)
core   0: 3 0x8000086c (0x0000006f)
core   0: 3 0x8000086c (0x0000006f)
core   0: 3 0x8000086c (0x0000006f)
core   0: 3 0x8000086c (0x0000006f)
core   0: 3 0x8000086c (0x0000006f)
core   0: 3 0x8000086c (0x0000006f)
core   0: 3 0x8000086c (0x0000006f)
core   0: 3 0x8000086c (0x0000006f)
core   0: 3 0x8000086c (0x0000006f)
core   0: 3 0x8000086c (0x0000006f)
core   0: 3 0x8000086c (0x0000006f)
core   0: 3 0x8000086c (0x0000006f)
core   0: 3 0x8000086c (0x0000006f)
core   0: 3 0x8000086c (0x0000006f)
core   0: 3 0x8000086c (0x0000006f)
core   0: 3 0x8000086c (0x0000006f)
core   0: 3 0x8000086c (0x0000006f)
core   0: 3 0x8000086c (0x0000006f)
core   0: 3 0x8000086c (0x0000006f)
core   0: 3 0x8000086c (0x0000006f)
core   0: 3 0x8000086c (0x0000006f)
core   0: 3 0x8000086c (0x0000006f)
core   0: 3 0x8000086c (0x0000006f)
core   0: 3 0x8000086c (0x0000006f)
core   0: 3 0x8000086c (0x0000006f)
core   0: 3 0x8000086c (0x0000006f)
core   0: 3 0x8000086c (0x0000006f)
core   0: 3 0x8000086c (0x0000006f)
core   0: 3 0x8000086c (0x0000006f)
core   0: 3 0x8000086c (0x0000006f)
core   0: 3 0x8000086c (0x0000006f)
core   0: 3 0x8000086c (0x0000006f)
core   0: 3 0x8000086c (0x0000006f)
core   0: 3 0x8000086c (0x0000006f)
core   0: 3 0x8000086c (0x0000006f)
core   0: 3 0x8000086c (0x0000006f)
core   0: 3 0x8000086c (0x0000006f)
core   0: 3 0x8000086c (0x0000006f)
core   0: 3 0x8000086c (0x0000006f)
core   0: 3 0x8000086c (0x0000006f)
core   0: 3 0x8000086c (0x0000006f)
core   0: 3 0x8000086c (0x0000006f)
core   0: 3 0x8000086c (0x0000006f)
core   0: 3 0x8000086c (0x0000006f)
core   0: 3 0x8000086c (0x0000006f)
core   0: 3 0x8000086c (0x0000006f)
core   0: 3 0x8000086c (0x0000006f)
core   0: 3 0x8000086c (0x0000006f)
core   0: 3 0x8000086c (0x0000006f)
core   0: 3 0x8000086c (0x0000006f)
core   0: 3 0x8000086c (0x0000006f)
core   0: 3 0x8000086c (0x0000006f)
core   0: 3 0x8000086c (0x0000006f)
core   0: 3 0x8000086c (0x0000006f)
core   0: 3 0x8000086c (0x0000006f)
core   0: 3 0x8000086c (0x0000006f)
core   0: 3 0x8000086c (0x0000006f)
core   0: 3 0x8000086c (0x0000006f)
core   0: 3 0x8000086c (0x0000006f)
core   0: 3 0x8000086c (0x0000006f)
core   0: 3 0x8000086c (0x0000006f)
core   0: 3 0x8000086c (0x0000006f)
core   0: 3 0x8000086c (0x0000006f)
core   0: 3 0x8000086c (0x0000006f)
core   0: 3 0x8000086c (0x0000006f)
core   0: 3 0x8000086c (0x0000006f)
core   0: 3 0x8000086c (0x0000006f)
core   0: 3 0x8000086c (0x0000006f)
core   0: 3 0x8000086c (0x0000006f)
core   0: 3 0x8000086c (0x0000006f)
core   0: 3 0x8000086c (0x0000006f)
core   0: 3 0x8000086c (0x0000006f)
core   0: 3 0x8000086c (0x0000006f)
core   0: 3 0x8000086c (0x0000006f)
core   0: 3 0x8000086c (0x0000006f)
core   0: 3 0x8000086c (0x0000006f)
core   0: 3 0x8000086c (0x0000006f)
core   0: 3 0x8000086c (0x0000006f)
core   0: 3 0x8000086c (0x0000006f)
core   0: 3 0x8000086c (0x0000006f)
core   0: 3 0x8000086c (0x0000006f)
core   0: 3 0x8000086c (0x0000006f)
core   0: 3 0x8000086c (0x0000006f)
core   0: 3 0x8000086c (0x0000006f)
core   0: 3 0x8000086c (0x0000006f)
core   0: 3 0x8000086c (0x0000006f)
core   0: 3 0x8000086c (0x0000006f)
core   0: 3 0x8000086c (0x0000006f)
core   0: 3 0x8000086c (0x0000006f)
core   0: 3 0x8000086c (0x0000006f)
core   0: 3 0x8000086c (0x0000006f)
core   0: 3 0x8000086c (0x0000006f)
core   0: 3 0x8000086c (0x0000006f)
core   0: 3 0x8000086c (0x0000006f)
core   0: 3 0x8000086c (0x0000006f)
core   0: 3 0x8000086c (0x0000006f)
core   0: 3 0x8000086c (0x0000006f)
core   0: 3 0x8000086c (0x0000006f)
core   0: 3 0x8000086c (0x0000006f)
core   0: 3 0x8000086c (0x0000006f)
core   0: 3 0x8000086c (0x0000006f)
core   0: 3 0x8000086c (0x0000006f)
core   0: 3 0x8000086c (0x0000006f)
core   0: 3 0x8000086c (0x0000006f)
core   0: 3 0x8000086c (0x0000006f)
core   0: 3 0x8000086c (0x0000006f)
core   0: 3 0x8000086c (0x0000006f)
core   0: 3 0x8000086c (0x0000006f)
core   0: 3 0x8000086c (0x0000006f)
core   0: 3 0x8000086c (0x0000006f)
core   0: 3 0x8000086c (0x0000006f)
core   0: 3 0x8000086c (0x0000006f)
core   0: 3 0x8000086c (0x0000006f)
core   0: 3 0x8000086c (0x0000006f)
core   0: 3 0x8000086c (0x0000006f)
core   0: 3 0x8000086c (0x0000006f)
core   0: 3 0x8000086c (0x0000006f)
core   0: 3 0x8000086c (0x0000006f)
core   0: 3 0x8000086c (0x0000006f)
core   0: 3 0x8000086c (0x0000006f)
core   0: 3 0x8000086c (0x0000006f)
core   0: 3 0x8000086c (0x0000006f)
core   0: 3 0x8000086c (0x0000006f)
core   0: 3 0x8000086c (0x0000006f)
core   0: 3 0x8000086c (0x0000006f)
core   0: 3 0x8000086c (0x0000006f)
core   0: 3 0x8000086c (0x0000006f)
core   0: 3 0x8000086c (0x0000006f)
core   0: 3 0x8000086c (0x0000006f)
core   0: 3 0x8000086c (0x0000006f)
core   0: 3 0x8000086c (0x0000006f)
core   0: 3 0x8000086c (0x0000006f)
core   0: 3 0x8000086c (0x0000006f)
core   0: 3 0x8000086c (0x0000006f)
core   0: 3 0x8000086c (0x0000006f)
core   0: 3 0x8000086c (0x0000006f)
core   0: 3 0x8000086c (0x0000006f)
core   0: 3 0x8000086c (0x0000006f)
core   0: 3 0x8000086c (0x0000006f)
core   0: 3 0x8000086c (0x0000006f)
core   0: 3 0x8000086c (0x0000006f)
core   0: 3 0x8000086c (0x0000006f)
core   0: 3 0x8000086c (0x0000006f)
core   0: 3 0x8000086c (0x0000006f)
core   0: 3 0x8000086c (0x0000006f)
core   0: 3 0x8000086c (0x0000006f)
core   0: 3 0x8000086c (0x0000006f)
core   0: 3 0x8000086c (0x0000006f)
core   0: 3 0x8000086c (0x0000006f)
core   0: 3 0x8000086c (0x0000006f)
core   0: 3 0x8000086c (0x0000006f)
core   0: 3 0x8000086c (0x0000006f)
core   0: 3 0x8000086c (0x0000006f)
core   0: 3 0x8000086c (0x0000006f)
core   0: 3 0x8000086c (0x0000006f)
core   0: 3 0x8000086c (0x0000006f)
core   0: 3 0x8000086c (0x0000006f)
core   0: 3 0x8000086c (0x0000006f)
core   0: 3 0x8000086c (0x0000006f)
core   0: 3 0x8000086c (0x0000006f)
core   0: 3 0x8000086c (0x0000006f)
core   0: 3 0x8000086c (0x0000006f)
core   0: 3 0x8000086c (0x0000006f)
core   0: 3 0x8000086c (0x0000006f)
core   0: 3 0x8000086c (0x0000006f)
core   0: 3 0x8000086c (0x0000006f)
core   0: 3 0x8000086c (0x0000006f)
core   0: 3 0x8000086c (0x0000006f)
core   0: 3 0x8000086c (0x0000006f)
core   0: 3 0x8000086c (0x0000006f)
core   0: 3 0x8000086c (0x0000006f)
core   0: 3 0x8000086c (0x0000006f)
core   0: 3 0x8000086c (0x0000006f)
core   0: 3 0x8000086c (0x0000006f)
core   0: 3 0x8000086c (0x0000006f)
core   0: 3 0x8000086c (0x0000006f)
core   0: 3 0x8000086c (0x0000006f)
core   0: 3 0x8000086c (0x0000006f)
core   0: 3 0x8000086c (0x0000006f)
core   0: 3 0x8000086c (0x0000006f)
core   0: 3 0x8000086c (0x0000006f)
core   0: 3 0x8000086c (0x0000006f)
core   0: 3 0x8000086c (0x0000006f)
core   0: 3 0x8000086c (0x0000006f)
core   0: 3 0x8000086c (0x0000006f)
core   0: 3 0x8000086c (0x0000006f)
core   0: 3 0x8000086c (0x0000006f)
core   0: 3 0x8000086c (0x0000006f)
core   0: 3 0x8000086c (0x0000006f)
core   0: 3 0x8000086c (0x0000006f)
core   0: 3 0x8000086c (0x0000006f)
core   0: 3 0x8000086c (0x0000006f)
core   0: 3 0x8000086c (0x0000006f)
core   0: 3 0x8000086c (0x0000006f)
core   0: 3 0x8000086c (0x0000006f)
core   0: 3 0x8000086c (0x0000006f)
core   0: 3 0x8000086c (0x0000006f)
core   0: 3 0x8000086c (0x0000006f)
core   0: 3 0x8000086c (0x0000006f)
core   0: 3 0x8000086c (0x0000006f)
core   0: 3 0x8000086c (0x0000006f)
core   0: 3 0x8000086c (0x0000006f)
core   0: 3 0x8000086c (0x0000006f)
core   0: 3 0x8000086c (0x0000006f)
core   0: 3 0x8000086c (0x0000006f)
core   0: 3 0x8000086c (0x0000006f)
core   0: 3 0x8000086c (0x0000006f)
core   0: 3 0x8000086c (0x0000006f)
core   0: 3 0x8000086c (0x0000006f)
core   0: 3 0x8000086c (0x0000006f)
core   0: 3 0x8000086c (0x0000006f)
core   0: 3 0x8000086c (0x0000006f)
core   0: 3 0x8000086c (0x0000006f)
core   0: 3 0x8000086c (0x0000006f)
core   0: 3 0x8000086c (0x0000006f)
core   0: 3 0x8000086c (0x0000006f)
core   0: 3 0x8000086c (0x0000006f)
core   0: 3 0x8000086c (0x0000006f)
core   0: 3 0x8000086c (0x0000006f)
core   0: 3 0x8000086c (0x0000006f)
core   0: 3 0x8000086c (0x0000006f)
core   0: 3 0x8000086c (0x0000006f)
core   0: 3 0x8000086c (0x0000006f)
core   0: 3 0x8000086c (0x0000006f)
core   0: 3 0x8000086c (0x0000006f)
core   0: 3 0x8000086c (0x0000006f)
core   0: 3 0x8000086c (0x0000006f)
core   0: 3 0x8000086c (0x0000006f)
core   0: 3 0x8000086c (0x0000006f)
core   0: 3 0x8000086c (0x0000006f)
core   0: 3 0x8000086c (0x0000006f)
core   0: 3 0x8000086c (0x0000006f)
core   0: 3 0x8000086c (0x0000006f)
core   0: 3 0x8000086c (0x0000006f)
core   0: 3 0x8000086c (0x0000006f)
core   0: 3 0x8000086c (0x0000006f)
core   0: 3 0x8000086c (0x0000006f)
core   0: 3 0x8000086c (0x0000006f)
core   0: 3 0x8000086c (0x0000006f)
core   0: 3 0x8000086c (0x0000006f)
core   0: 3 0x8000086c (0x0000006f)
core   0: 3 0x8000086c (0x0000006f)
core   0: 3 0x8000086c (0x0000006f)
core   0: 3 0x8000086c (0x0000006f)
core   0: 3 0x8000086c (0x0000006f)
core   0: 3 0x8000086c (0x0000006f)
core   0: 3 0x8000086c (0x0000006f)
core   0: 3 0x8000086c (0x0000006f)
core   0: 3 0x8000086c (0x0000006f)
core   0: 3 0x8000086c (0x0000006f)
core   0: 3 0x8000086c (0x0000006f)
core   0: 3 0x8000086c (0x0000006f)
core   0: 3 0x8000086c (0x0000006f)
core   0: 3 0x8000086c (0x0000006f)
core   0: 3 0x8000086c (0x0000006f)
core   0: 3 0x8000086c (0x0000006f)
core   0: 3 0x8000086c (0x0000006f)
core   0: 3 0x8000086c (0x0000006f)
core   0: 3 0x8000086c (0x0000006f)
core   0: 3 0x8000086c (0x0000006f)
core   0: 3 0x8000086c (0x0000006f)
core   0: 3 0x8000086c (0x0000006f)
core   0: 3 0x8000086c (0x0000006f)
core   0: 3 0x8000086c (0x0000006f)
core   0: 3 0x8000086c (0x0000006f)
core   0: 3 0x8000086c (0x0000006f)
core   0: 3 0x8000086c (0x0000006f)
core   0: 3 0x8000086c (0x0000006f)
core   0: 3 0x8000086c (0x0000006f)
core   0: 3 0x8000086c (0x0000006f)
core   0: 3 0x8000086c (0x0000006f)
core   0: 3 0x8000086c (0x0000006f)
core   0: 3 0x8000086c (0x0000006f)
core   0: 3 0x8000086c (0x0000006f)
core   0: 3 0x8000086c (0x0000006f)
core   0: 3 0x8000086c (0x0000006f)
core   0: 3 0x8000086c (0x0000006f)
core   0: 3 0x8000086c (0x0000006f)
core   0: 3 0x8000086c (0x0000006f)
core   0: 3 0x8000086c (0x0000006f)
core   0: 3 0x8000086c (0x0000006f)
core   0: 3 0x8000086c (0x0000006f)
core   0: 3 0x8000086c (0x0000006f)
core   0: 3 0x8000086c (0x0000006f)
core   0: 3 0x8000086c (0x0000006f)
core   0: 3 0x8000086c (0x0000006f)
core   0: 3 0x8000086c (0x0000006f)
core   0: 3 0x8000086c (0x0000006f)
core   0: 3 0x8000086c (0x0000006f)
core   0: 3 0x8000086c (0x0000006f)
core   0: 3 0x8000086c (0x0000006f)
core   0: 3 0x8000086c (0x0000006f)
core   0: 3 0x8000086c (0x0000006f)
core   0: 3 0x8000086c (0x0000006f)
core   0: 3 0x8000086c (0x0000006f)
core   0: 3 0x8000086c (0x0000006f)
core   0: 3 0x8000086c (0x0000006f)
core   0: 3 0x8000086c (0x0000006f)
core   0: 3 0x8000086c (0x0000006f)
core   0: 3 0x8000086c (0x0000006f)
core   0: 3 0x8000086c (0x0000006f)
core   0: 3 0x8000086c (0x0000006f)
core   0: 3 0x8000086c (0x0000006f)
core   0: 3 0x8000086c (0x0000006f)
core   0: 3 0x8000086c (0x0000006f)
core   0: 3 0x8000086c (0x0000006f)
core   0: 3 0x8000086c (0x0000006f)
core   0: 3 0x8000086c (0x0000006f)
core   0: 3 0x8000086c (0x0000006f)
core   0: 3 0x8000086c (0x0000006f)
core   0: 3 0x8000086c (0x0000006f)
core   0: 3 0x8000086c (0x0000006f)
core   0: 3 0x8000086c (0x0000006f)
core   0: 3 0x8000086c (0x0000006f)
core   0: 3 0x8000086c (0x0000006f)
core   0: 3 0x8000086c (0x0000006f)
core   0: 3 0x8000086c (0x0000006f)
core   0: 3 0x8000086c (0x0000006f)
core   0: 3 0x8000086c (0x0000006f)
core   0: 3 0x8000086c (0x0000006f)
core   0: 3 0x8000086c (0x0000006f)
core   0: 3 0x8000086c (0x0000006f)
core   0: 3 0x8000086c (0x0000006f)
core   0: 3 0x8000086c (0x0000006f)
core   0: 3 0x8000086c (0x0000006f)
core   0: 3 0x8000086c (0x0000006f)
core   0: 3 0x8000086c (0x0000006f)
core   0: 3 0x8000086c (0x0000006f)
core   0: 3 0x8000086c (0x0000006f)
core   0: 3 0x8000086c (0x0000006f)
core   0: 3 0x8000086c (0x0000006f)
core   0: 3 0x8000086c (0x0000006f)
core   0: 3 0x8000086c (0x0000006f)
core   0: 3 0x8000086c (0x0000006f)
core   0: 3 0x8000086c (0x0000006f)
core   0: 3 0x8000086c (0x0000006f)
core   0: 3 0x8000086c (0x0000006f)
core   0: 3 0x8000086c (0x0000006f)
core   0: 3 0x8000086c (0x0000006f)
core   0: 3 0x8000086c (0x0000006f)
core   0: 3 0x8000086c (0x0000006f)
core   0: 3 0x8000086c (0x0000006f)
core   0: 3 0x8000086c (0x0000006f)
core   0: 3 0x8000086c (0x0000006f)
core   0: 3 0x8000086c (0x0000006f)
core   0: 3 0x8000086c (0x0000006f)
core   0: 3 0x8000086c (0x0000006f)
core   0: 3 0x8000086c (0x0000006f)
core   0: 3 0x8000086c (0x0000006f)
core   0: 3 0x8000086c (0x0000006f)
core   0: 3 0x8000086c (0x0000006f)
core   0: 3 0x8000086c (0x0000006f)
core   0: 3 0x8000086c (0x0000006f)
core   0: 3 0x8000086c (0x0000006f)
core   0: 3 0x8000086c (0x0000006f)
core   0: 3 0x8000086c (0x0000006f)
core   0: 3 0x8000086c (0x0000006f)
core   0: 3 0x8000086c (0x0000006f)
core   0: 3 0x8000086c (0x0000006f)
core   0: 3 0x8000086c (0x0000006f)
core   0: 3 0x8000086c (0x0000006f)
core   0: 3 0x8000086c (0x0000006f)
core   0: 3 0x8000086c (0x0000006f)
core   0: 3 0x8000086c (0x0000006f)
core   0: 3 0x8000086c (0x0000006f)
core   0: 3 0x8000086c (0x0000006f)
core   0: 3 0x8000086c (0x0000006f)
core   0: 3 0x8000086c (0x0000006f)
core   0: 3 0x8000086c (0x0000006f)
core   0: 3 0x8000086c (0x0000006f)
core   0: 3 0x8000086c (0x0000006f)
core   0: 3 0x8000086c (0x0000006f)
core   0: 3 0x8000086c (0x0000006f)
core   0: 3 0x8000086c (0x0000006f)
core   0: 3 0x8000086c (0x0000006f)
core   0: 3 0x8000086c (0x0000006f)
core   0: 3 0x8000086c (0x0000006f)
core   0: 3 0x8000086c (0x0000006f)
core   0: 3 0x8000086c (0x0000006f)
core   0: 3 0x8000086c (0x0000006f)
core   0: 3 0x8000086c (0x0000006f)
core   0: 3 0x8000086c (0x0000006f)
core   0: 3 0x8000086c (0x0000006f)
core   0: 3 0x8000086c (0x0000006f)
core   0: 3 0x8000086c (0x0000006f)
core   0: 3 0x8000086c (0x0000006f)
core   0: 3 0x8000086c (0x0000006f)
core   0: 3 0x8000086c (0x0000006f)
core   0: 3 0x8000086c (0x0000006f)
core   0: 3 0x8000086c (0x0000006f)
core   0: 3 0x8000086c (0x0000006f)
core   0: 3 0x8000086c (0x0000006f)
core   0: 3 0x8000086c (0x0000006f)
core   0: 3 0x8000086c (0x0000006f)
core   0: 3 0x8000086c (0x0000006f)
core   0: 3 0x8000086c (0x0000006f)
core   0: 3 0x8000086c (0x0000006f)
core   0: 3 0x8000086c (0x0000006f)
core   0: 3 0x8000086c (0x0000006f)
core   0: 3 0x8000086c (0x0000006f)
core   0: 3 0x8000086c (0x0000006f)
core   0: 3 0x8000086c (0x0000006f)
core   0: 3 0x8000086c (0x0000006f)
core   0: 3 0x8000086c (0x0000006f)
core   0: 3 0x8000086c (0x0000006f)
core   0: 3 0x8000086c (0x0000006f)
core   0: 3 0x8000086c (0x0000006f)
core   0: 3 0x8000086c (0x0000006f)
core   0: 3 0x8000086c (0x0000006f)
core   0: 3 0x8000086c (0x0000006f)
core   0: 3 0x8000086c (0x0000006f)
core   0: 3 0x8000086c (0x0000006f)
core   0: 3 0x8000086c (0x0000006f)
core   0: 3 0x8000086c (0x0000006f)
core   0: 3 0x8000086c (0x0000006f)
core   0: 3 0x8000086c (0x0000006f)
core   0: 3 0x8000086c (0x0000006f)
core   0: 3 0x8000086c (0x0000006f)
core   0: 3 0x8000086c (0x0000006f)
core   0: 3 0x8000086c (0x0000006f)
core   0: 3 0x8000086c (0x0000006f)
core   0: 3 0x8000086c (0x0000006f)
core   0: 3 0x8000086c (0x0000006f)
core   0: 3 0x8000086c (0x0000006f)
core   0: 3 0x8000086c (0x0000006f)
core   0: 3 0x8000086c (0x0000006f)
core   0: 3 0x8000086c (0x0000006f)
core   0: 3 0x8000086c (0x0000006f)
core   0: 3 0x8000086c (0x0000006f)
core   0: 3 0x8000086c (0x0000006f)
core   0: 3 0x8000086c (0x0000006f)
core   0: 3 0x8000086c (0x0000006f)
core   0: 3 0x8000086c (0x0000006f)
core   0: 3 0x8000086c (0x0000006f)
core   0: 3 0x8000086c (0x0000006f)
core   0: 3 0x8000086c (0x0000006f)
core   0: 3 0x8000086c (0x0000006f)
core   0: 3 0x8000086c (0x0000006f)
core   0: 3 0x8000086c (0x0000006f)
core   0: 3 0x8000086c (0x0000006f)
core   0: 3 0x8000086c (0x0000006f)
core   0: 3 0x8000086c (0x0000006f)
core   0: 3 0x8000086c (0x0000006f)
core   0: 3 0x8000086c (0x0000006f)
core   0: 3 0x8000086c (0x0000006f)
core   0: 3 0x8000086c (0x0000006f)
core   0: 3 0x8000086c (0x0000006f)
core   0: 3 0x8000086c (0x0000006f)
core   0: 3 0x8000086c (0x0000006f)
core   0: 3 0x8000086c (0x0000006f)
core   0: 3 0x8000086c (0x0000006f)
core   0: 3 0x8000086c (0x0000006f)
core   0: 3 0x8000086c (0x0000006f)
core   0: 3 0x8000086c (0x0000006f)
core   0: 3 0x8000086c (0x0000006f)
core   0: 3 0x8000086c (0x0000006f)
core   0: 3 0x8000086c (0x0000006f)
core   0: 3 0x8000086c (0x0000006f)
core   0: 3 0x8000086c (0x0000006f)
core   0: 3 0x8000086c (0x0000006f)
core   0: 3 0x8000086c (0x0000006f)
core   0: 3 0x8000086c (0x0000006f)
core   0: 3 0x8000086c (0x0000006f)
core   0: 3 0x8000086c (0x0000006f)
core   0: 3 0x8000086c (0x0000006f)
core   0: 3 0x8000086c (0x0000006f)
core   0: 3 0x8000086c (0x0000006f)
core   0: 3 0x8000086c (0x0000006f)
core   0: 3 0x8000086c (0x0000006f)
core   0: 3 0x8000086c (0x0000006f)
core   0: 3 0x8000086c (0x0000006f)
core   0: 3 0x8000086c (0x0000006f)
core   0: 3 0x8000086c (0x0000006f)
core   0: 3 0x8000086c (0x0000006f)
core   0: 3 0x8000086c (0x0000006f)
core   0: 3 0x8000086c (0x0000006f)
core   0: 3 0x8000086c (0x0000006f)
core   0: 3 0x8000086c (0x0000006f)
core   0: 3 0x8000086c (0x0000006f)
core   0: 3 0x8000086c (0x0000006f)
core   0: 3 0x8000086c (0x0000006f)
core   0: 3 0x8000086c (0x0000006f)
core   0: 3 0x8000086c (0x0000006f)
core   0: 3 0x8000086c (0x0000006f)
core   0: 3 0x8000086c (0x0000006f)
core   0: 3 0x8000086c (0x0000006f)
core   0: 3 0x8000086c (0x0000006f)
core   0: 3 0x8000086c (0x0000006f)
core   0: 3 0x8000086c (0x0000006f)
core   0: 3 0x8000086c (0x0000006f)
core   0: 3 0x8000086c (0x0000006f)
core   0: 3 0x8000086c (0x0000006f)
core   0: 3 0x8000086c (0x0000006f)
core   0: 3 0x8000086c (0x0000006f)
core   0: 3 0x8000086c (0x0000006f)
core   0: 3 0x8000086c (0x0000006f)
core   0: 3 0x8000086c (0x0000006f)
core   0: 3 0x8000086c (0x0000006f)
core   0: 3 0x8000086c (0x0000006f)
core   0: 3 0x8000086c (0x0000006f)
core   0: 3 0x8000086c (0x0000006f)
core   0: 3 0x8000086c (0x0000006f)
core   0: 3 0x8000086c (0x0000006f)
core   0: 3 0x8000086c (0x0000006f)
core   0: 3 0x8000086c (0x0000006f)
core   0: 3 0x8000086c (0x0000006f)
core   0: 3 0x8000086c (0x0000006f)
core   0: 3 0x8000086c (0x0000006f)
core   0: 3 0x8000086c (0x0000006f)
core   0: 3 0x8000086c (0x0000006f)
core   0: 3 0x8000086c (0x0000006f)
core   0: 3 0x8000086c (0x0000006f)
core   0: 3 0x8000086c (0x0000006f)
core   0: 3 0x8000086c (0x0000006f)
core   0: 3 0x8000086c (0x0000006f)
core   0: 3 0x8000086c (0x0000006f)
core   0: 3 0x8000086c (0x0000006f)
core   0: 3 0x8000086c (0x0000006f)
core   0: 3 0x8000086c (0x0000006f)
core   0: 3 0x8000086c (0x0000006f)
core   0: 3 0x8000086c (0x0000006f)
core   0: 3 0x8000086c (0x0000006f)
core   0: 3 0x8000086c (0x0000006f)
core   0: 3 0x8000086c (0x0000006f)
core   0: 3 0x8000086c (0x0000006f)
core   0: 3 0x8000086c (0x0000006f)
core   0: 3 0x8000086c (0x0000006f)
core   0: 3 0x8000086c (0x0000006f)
core   0: 3 0x8000086c (0x0000006f)
core   0: 3 0x8000086c (0x0000006f)
core   0: 3 0x8000086c (0x0000006f)
core   0: 3 0x8000086c (0x0000006f)
core   0: 3 0x8000086c (0x0000006f)
core   0: 3 0x8000086c (0x0000006f)
core   0: 3 0x8000086c (0x0000006f)
core   0: 3 0x8000086c (0x0000006f)
core   0: 3 0x8000086c (0x0000006f)
core   0: 3 0x8000086c (0x0000006f)
core   0: 3 0x8000086c (0x0000006f)
core   0: 3 0x8000086c (0x0000006f)
core   0: 3 0x8000086c (0x0000006f)
core   0: 3 0x8000086c (0x0000006f)
core   0: 3 0x8000086c (0x0000006f)
core   0: 3 0x8000086c (0x0000006f)
core   0: 3 0x8000086c (0x0000006f)
core   0: 3 0x8000086c (0x0000006f)
core   0: 3 0x8000086c (0x0000006f)
core   0: 3 0x8000086c (0x0000006f)
core   0: 3 0x8000086c (0x0000006f)
core   0: 3 0x8000086c (0x0000006f)
core   0: 3 0x8000086c (0x0000006f)
core   0: 3 0x8000086c (0x0000006f)
core   0: 3 0x8000086c (0x0000006f)
core   0: 3 0x8000086c (0x0000006f)
core   0: 3 0x8000086c (0x0000006f)
core   0: 3 0x8000086c (0x0000006f)
core   0: 3 0x8000086c (0x0000006f)
core   0: 3 0x8000086c (0x0000006f)
core   0: 3 0x8000086c (0x0000006f)
core   0: 3 0x8000086c (0x0000006f)
core   0: 3 0x8000086c (0x0000006f)
core   0: 3 0x8000086c (0x0000006f)
core   0: 3 0x8000086c (0x0000006f)
core   0: 3 0x8000086c (0x0000006f)
core   0: 3 0x8000086c (0x0000006f)
core   0: 3 0x8000086c (0x0000006f)
core   0: 3 0x8000086c (0x0000006f)
core   0: 3 0x8000086c (0x0000006f)
core   0: 3 0x8000086c (0x0000006f)
core   0: 3 0x8000086c (0x0000006f)
core   0: 3 0x8000086c (0x0000006f)
core   0: 3 0x8000086c (0x0000006f)
core   0: 3 0x8000086c (0x0000006f)
core   0: 3 0x8000086c (0x0000006f)
core   0: 3 0x8000086c (0x0000006f)
core   0: 3 0x8000086c (0x0000006f)
core   0: 3 0x8000086c (0x0000006f)
core   0: 3 0x8000086c (0x0000006f)
core   0: 3 0x8000086c (0x0000006f)
core   0: 3 0x8000086c (0x0000006f)
core   0: 3 0x8000086c (0x0000006f)
core   0: 3 0x8000086c (0x0000006f)
core   0: 3 0x8000086c (0x0000006f)
core   0: 3 0x8000086c (0x0000006f)
core   0: 3 0x8000086c (0x0000006f)
core   0: 3 0x8000086c (0x0000006f)
core   0: 3 0x8000086c (0x0000006f)
core   0: 3 0x8000086c (0x0000006f)
core   0: 3 0x8000086c (0x0000006f)
core   0: 3 0x8000086c (0x0000006f)
core   0: 3 0x8000086c (0x0000006f)
core   0: 3 0x8000086c (0x0000006f)
core   0: 3 0x8000086c (0x0000006f)
core   0: 3 0x8000086c (0x0000006f)
core   0: 3 0x8000086c (0x0000006f)
core   0: 3 0x8000086c (0x0000006f)
core   0: 3 0x8000086c (0x0000006f)
core   0: 3 0x8000086c (0x0000006f)
core   0: 3 0x8000086c (0x0000006f)
core   0: 3 0x8000086c (0x0000006f)
core   0: 3 0x8000086c (0x0000006f)
core   0: 3 0x8000086c (0x0000006f)
core   0: 3 0x8000086c (0x0000006f)
core   0: 3 0x8000086c (0x0000006f)
core   0: 3 0x8000086c (0x0000006f)
core   0: 3 0x8000086c (0x0000006f)
core   0: 3 0x8000086c (0x0000006f)
core   0: 3 0x8000086c (0x0000006f)
core   0: 3 0x8000086c (0x0000006f)
core   0: 3 0x8000086c (0x0000006f)
core   0: 3 0x8000086c (0x0000006f)
core   0: 3 0x8000086c (0x0000006f)
core   0: 3 0x8000086c (0x0000006f)
core   0: 3 0x8000086c (0x0000006f)
core   0: 3 0x8000086c (0x0000006f)
core   0: 3 0x8000086c (0x0000006f)
core   0: 3 0x8000086c (0x0000006f)
core   0: 3 0x8000086c (0x0000006f)
core   0: 3 0x8000086c (0x0000006f)
core   0: 3 0x8000086c (0x0000006f)
core   0: 3 0x8000086c (0x0000006f)
core   0: 3 0x8000086c (0x0000006f)
core   0: 3 0x8000086c (0x0000006f)
core   0: 3 0x8000086c (0x0000006f)
core   0: 3 0x8000086c (0x0000006f)
core   0: 3 0x8000086c (0x0000006f)
core   0: 3 0x8000086c (0x0000006f)
core   0: 3 0x8000086c (0x0000006f)
core   0: 3 0x8000086c (0x0000006f)
core   0: 3 0x8000086c (0x0000006f)
core   0: 3 0x8000086c (0x0000006f)
core   0: 3 0x8000086c (0x0000006f)
core   0: 3 0x8000086c (0x0000006f)
core   0: 3 0x8000086c (0x0000006f)
core   0: 3 0x8000086c (0x0000006f)
core   0: 3 0x8000086c (0x0000006f)
core   0: 3 0x8000086c (0x0000006f)
core   0: 3 0x8000086c (0x0000006f)
core   0: 3 0x8000086c (0x0000006f)
core   0: 3 0x8000086c (0x0000006f)
core   0: 3 0x8000086c (0x0000006f)
core   0: 3 0x8000086c (0x0000006f)
core   0: 3 0x8000086c (0x0000006f)
core   0: 3 0x8000086c (0x0000006f)
core   0: 3 0x8000086c (0x0000006f)
core   0: 3 0x8000086c (0x0000006f)
core   0: 3 0x8000086c (0x0000006f)
core   0: 3 0x8000086c (0x0000006f)
core   0: 3 0x8000086c (0x0000006f)
core   0: 3 0x8000086c (0x0000006f)
core   0: 3 0x8000086c (0x0000006f)
core   0: 3 0x8000086c (0x0000006f)
core   0: 3 0x8000086c (0x0000006f)
core   0: 3 0x8000086c (0x0000006f)
core   0: 3 0x8000086c (0x0000006f)
core   0: 3 0x8000086c (0x0000006f)
core   0: 3 0x8000086c (0x0000006f)
core   0: 3 0x8000086c (0x0000006f)
core   0: 3 0x8000086c (0x0000006f)
core   0: 3 0x8000086c (0x0000006f)
core   0: 3 0x8000086c (0x0000006f)
core   0: 3 0x8000086c (0x0000006f)
core   0: 3 0x8000086c (0x0000006f)
core   0: 3 0x8000086c (0x0000006f)
core   0: 3 0x8000086c (0x0000006f)
core   0: 3 0x8000086c (0x0000006f)
core   0: 3 0x8000086c (0x0000006f)
core   0: 3 0x8000086c (0x0000006f)
core   0: 3 0x8000086c (0x0000006f)
core   0: 3 0x8000086c (0x0000006f)
core   0: 3 0x8000086c (0x0000006f)
core   0: 3 0x8000086c (0x0000006f)
core   0: 3 0x8000086c (0x0000006f)
core   0: 3 0x8000086c (0x0000006f)
core   0: 3 0x8000086c (0x0000006f)
core   0: 3 0x8000086c (0x0000006f)
core   0: 3 0x8000086c (0x0000006f)
core   0: 3 0x8000086c (0x0000006f)
core   0: 3 0x8000086c (0x0000006f)
core   0: 3 0x8000086c (0x0000006f)
core   0: 3 0x8000086c (0x0000006f)
core   0: 3 0x8000086c (0x0000006f)
core   0: 3 0x8000086c (0x0000006f)
core   0: 3 0x8000086c (0x0000006f)
core   0: 3 0x8000086c (0x0000006f)
core   0: 3 0x8000086c (0x0000006f)
core   0: 3 0x8000086c (0x0000006f)
core   0: 3 0x8000086c (0x0000006f)
core   0: 3 0x8000086c (0x0000006f)
core   0: 3 0x8000086c (0x0000006f)
core   0: 3 0x8000086c (0x0000006f)
core   0: 3 0x8000086c (0x0000006f)
core   0: 3 0x8000086c (0x0000006f)
core   0: 3 0x8000086c (0x0000006f)
core   0: 3 0x8000086c (0x0000006f)
core   0: 3 0x8000086c (0x0000006f)
core   0: 3 0x8000086c (0x0000006f)
core   0: 3 0x8000086c (0x0000006f)
core   0: 3 0x8000086c (0x0000006f)
core   0: 3 0x8000086c (0x0000006f)
core   0: 3 0x8000086c (0x0000006f)
core   0: 3 0x8000086c (0x0000006f)
core   0: 3 0x8000086c (0x0000006f)
core   0: 3 0x8000086c (0x0000006f)
core   0: 3 0x8000086c (0x0000006f)
core   0: 3 0x8000086c (0x0000006f)
core   0: 3 0x8000086c (0x0000006f)
core   0: 3 0x8000086c (0x0000006f)
core   0: 3 0x8000086c (0x0000006f)
core   0: 3 0x8000086c (0x0000006f)
core   0: 3 0x8000086c (0x0000006f)
core   0: 3 0x8000086c (0x0000006f)
core   0: 3 0x8000086c (0x0000006f)
core   0: 3 0x8000086c (0x0000006f)
core   0: 3 0x8000086c (0x0000006f)
core   0: 3 0x8000086c (0x0000006f)
core   0: 3 0x8000086c (0x0000006f)
core   0: 3 0x8000086c (0x0000006f)
core   0: 3 0x8000086c (0x0000006f)
core   0: 3 0x8000086c (0x0000006f)
core   0: 3 0x8000086c (0x0000006f)
core   0: 3 0x8000086c (0x0000006f)
core   0: 3 0x8000086c (0x0000006f)
core   0: 3 0x8000086c (0x0000006f)
core   0: 3 0x8000086c (0x0000006f)
core   0: 3 0x8000086c (0x0000006f)
core   0: 3 0x8000086c (0x0000006f)
core   0: 3 0x8000086c (0x0000006f)
core   0: 3 0x8000086c (0x0000006f)
core   0: 3 0x8000086c (0x0000006f)
core   0: 3 0x8000086c (0x0000006f)
core   0: 3 0x8000086c (0x0000006f)
core   0: 3 0x8000086c (0x0000006f)
core   0: 3 0x8000086c (0x0000006f)
core   0: 3 0x8000086c (0x0000006f)
core   0: 3 0x8000086c (0x0000006f)
core   0: 3 0x8000086c (0x0000006f)
core   0: 3 0x8000086c (0x0000006f)
core   0: 3 0x8000086c (0x0000006f)
core   0: 3 0x8000086c (0x0000006f)
core   0: 3 0x8000086c (0x0000006f)
core   0: 3 0x8000086c (0x0000006f)
core   0: 3 0x8000086c (0x0000006f)
core   0: 3 0x8000086c (0x0000006f)
core   0: 3 0x8000086c (0x0000006f)
core   0: 3 0x8000086c (0x0000006f)
core   0: 3 0x8000086c (0x0000006f)
core   0: 3 0x8000086c (0x0000006f)
core   0: 3 0x8000086c (0x0000006f)
core   0: 3 0x8000086c (0x0000006f)
core   0: 3 0x8000086c (0x0000006f)
core   0: 3 0x8000086c (0x0000006f)
core   0: 3 0x8000086c (0x0000006f)
core   0: 3 0x8000086c (0x0000006f)
core   0: 3 0x8000086c (0x0000006f)
core   0: 3 0x8000086c (0x0000006f)
core   0: 3 0x8000086c (0x0000006f)
core   0: 3 0x8000086c (0x0000006f)
core   0: 3 0x8000086c (0x0000006f)
core   0: 3 0x8000086c (0x0000006f)
core   0: 3 0x8000086c (0x0000006f)
core   0: 3 0x8000086c (0x0000006f)
core   0: 3 0x8000086c (0x0000006f)
core   0: 3 0x8000086c (0x0000006f)
core   0: 3 0x8000086c (0x0000006f)
core   0: 3 0x8000086c (0x0000006f)
core   0: 3 0x8000086c (0x0000006f)
core   0: 3 0x8000086c (0x0000006f)
core   0: 3 0x8000086c (0x0000006f)
core   0: 3 0x8000086c (0x0000006f)
core   0: 3 0x8000086c (0x0000006f)
core   0: 3 0x8000086c (0x0000006f)
core   0: 3 0x8000086c (0x0000006f)
core   0: 3 0x8000086c (0x0000006f)
core   0: 3 0x8000086c (0x0000006f)
core   0: 3 0x8000086c (0x0000006f)
core   0: 3 0x8000086c (0x0000006f)
core   0: 3 0x8000086c (0x0000006f)
core   0: 3 0x8000086c (0x0000006f)
core   0: 3 0x8000086c (0x0000006f)
core   0: 3 0x8000086c (0x0000006f)
core   0: 3 0x8000086c (0x0000006f)
core   0: 3 0x8000086c (0x0000006f)
core   0: 3 0x8000086c (0x0000006f)
core   0: 3 0x8000086c (0x0000006f)
core   0: 3 0x8000086c (0x0000006f)
core   0: 3 0x8000086c (0x0000006f)
core   0: 3 0x8000086c (0x0000006f)
core   0: 3 0x8000086c (0x0000006f)
core   0: 3 0x8000086c (0x0000006f)
core   0: 3 0x8000086c (0x0000006f)
core   0: 3 0x8000086c (0x0000006f)
core   0: 3 0x8000086c (0x0000006f)
core   0: 3 0x8000086c (0x0000006f)
core   0: 3 0x8000086c (0x0000006f)
core   0: 3 0x8000086c (0x0000006f)
core   0: 3 0x8000086c (0x0000006f)
core   0: 3 0x8000086c (0x0000006f)
core   0: 3 0x8000086c (0x0000006f)
core   0: 3 0x8000086c (0x0000006f)
core   0: 3 0x8000086c (0x0000006f)
core   0: 3 0x8000086c (0x0000006f)
core   0: 3 0x8000086c (0x0000006f)
core   0: 3 0x8000086c (0x0000006f)
core   0: 3 0x8000086c (0x0000006f)
core   0: 3 0x8000086c (0x0000006f)
core   0: 3 0x8000086c (0x0000006f)
core   0: 3 0x8000086c (0x0000006f)
core   0: 3 0x8000086c (0x0000006f)
core   0: 3 0x8000086c (0x0000006f)
core   0: 3 0x8000086c (0x0000006f)
core   0: 3 0x8000086c (0x0000006f)
core   0: 3 0x8000086c (0x0000006f)
core   0: 3 0x8000086c (0x0000006f)
core   0: 3 0x8000086c (0x0000006f)
core   0: 3 0x8000086c (0x0000006f)
core   0: 3 0x8000086c (0x0000006f)
core   0: 3 0x8000086c (0x0000006f)
core   0: 3 0x8000086c (0x0000006f)
core   0: 3 0x8000086c (0x0000006f)
core   0: 3 0x8000086c (0x0000006f)
core   0: 3 0x8000086c (0x0000006f)
core   0: 3 0x8000086c (0x0000006f)
core   0: 3 0x8000086c (0x0000006f)
core   0: 3 0x8000086c (0x0000006f)
core   0: 3 0x8000086c (0x0000006f)
core   0: 3 0x8000086c (0x0000006f)
core   0: 3 0x8000086c (0x0000006f)
core   0: 3 0x8000086c (0x0000006f)
core   0: 3 0x8000086c (0x0000006f)
core   0: 3 0x8000086c (0x0000006f)
core   0: 3 0x8000086c (0x0000006f)
core   0: 3 0x8000086c (0x0000006f)
core   0: 3 0x8000086c (0x0000006f)
core   0: 3 0x8000086c (0x0000006f)
core   0: 3 0x8000086c (0x0000006f)
core   0: 3 0x8000086c (0x0000006f)
core   0: 3 0x8000086c (0x0000006f)
core   0: 3 0x8000086c (0x0000006f)
core   0: 3 0x8000086c (0x0000006f)
core   0: 3 0x8000086c (0x0000006f)
core   0: 3 0x8000086c (0x0000006f)
core   0: 3 0x8000086c (0x0000006f)
core   0: 3 0x8000086c (0x0000006f)
core   0: 3 0x8000086c (0x0000006f)
core   0: 3 0x8000086c (0x0000006f)
core   0: 3 0x8000086c (0x0000006f)
core   0: 3 0x8000086c (0x0000006f)
core   0: 3 0x8000086c (0x0000006f)
core   0: 3 0x8000086c (0x0000006f)
core   0: 3 0x8000086c (0x0000006f)
core   0: 3 0x8000086c (0x0000006f)
core   0: 3 0x8000086c (0x0000006f)
core   0: 3 0x8000086c (0x0000006f)
core   0: 3 0x8000086c (0x0000006f)
core   0: 3 0x8000086c (0x0000006f)
core   0: 3 0x8000086c (0x0000006f)
core   0: 3 0x8000086c (0x0000006f)
core   0: 3 0x8000086c (0x0000006f)
core   0: 3 0x8000086c (0x0000006f)
core   0: 3 0x8000086c (0x0000006f)
core   0: 3 0x8000086c (0x0000006f)
core   0: 3 0x8000086c (0x0000006f)
core   0: 3 0x8000086c (0x0000006f)
core   0: 3 0x8000086c (0x0000006f)
core   0: 3 0x8000086c (0x0000006f)
core   0: 3 0x8000086c (0x0000006f)
core   0: 3 0x8000086c (0x0000006f)
core   0: 3 0x8000086c (0x0000006f)
core   0: 3 0x8000086c (0x0000006f)
core   0: 3 0x8000086c (0x0000006f)
core   0: 3 0x8000086c (0x0000006f)
core   0: 3 0x8000086c (0x0000006f)
core   0: 3 0x8000086c (0x0000006f)
core   0: 3 0x8000086c (0x0000006f)
core   0: 3 0x8000086c (0x0000006f)
core   0: 3 0x8000086c (0x0000006f)
core   0: 3 0x8000086c (0x0000006f)
core   0: 3 0x8000086c (0x0000006f)
core   0: 3 0x8000086c (0x0000006f)
core   0: 3 0x8000086c (0x0000006f)
core   0: 3 0x8000086c (0x0000006f)
core   0: 3 0x8000086c (0x0000006f)
core   0: 3 0x8000086c (0x0000006f)
core   0: 3 0x8000086c (0x0000006f)
core   0: 3 0x8000086c (0x0000006f)
core   0: 3 0x8000086c (0x0000006f)
core   0: 3 0x8000086c (0x0000006f)
core   0: 3 0x8000086c (0x0000006f)
core   0: 3 0x8000086c (0x0000006f)
core   0: 3 0x8000086c (0x0000006f)
core   0: 3 0x8000086c (0x0000006f)
core   0: 3 0x8000086c (0x0000006f)
core   0: 3 0x8000086c (0x0000006f)
core   0: 3 0x8000086c (0x0000006f)
core   0: 3 0x8000086c (0x0000006f)
core   0: 3 0x8000086c (0x0000006f)
core   0: 3 0x8000086c (0x0000006f)
core   0: 3 0x8000086c (0x0000006f)
core   0: 3 0x8000086c (0x0000006f)
core   0: 3 0x8000086c (0x0000006f)
core   0: 3 0x8000086c (0x0000006f)
core   0: 3 0x8000086c (0x0000006f)
core   0: 3 0x8000086c (0x0000006f)
core   0: 3 0x8000086c (0x0000006f)
core   0: 3 0x8000086c (0x0000006f)
core   0: 3 0x8000086c (0x0000006f)
core   0: 3 0x8000086c (0x0000006f)
core   0: 3 0x8000086c (0x0000006f)
core   0: 3 0x8000086c (0x0000006f)
core   0: 3 0x8000086c (0x0000006f)
core   0: 3 0x8000086c (0x0000006f)
core   0: 3 0x8000086c (0x0000006f)
core   0: 3 0x8000086c (0x0000006f)
core   0: 3 0x8000086c (0x0000006f)
core   0: 3 0x8000086c (0x0000006f)
core   0: 3 0x8000086c (0x0000006f)
core   0: 3 0x8000086c (0x0000006f)
core   0: 3 0x8000086c (0x0000006f)
core   0: 3 0x8000086c (0x0000006f)
core   0: 3 0x8000086c (0x0000006f)
core   0: 3 0x8000086c (0x0000006f)
core   0: 3 0x8000086c (0x0000006f)
core   0: 3 0x8000086c (0x0000006f)
core   0: 3 0x8000086c (0x0000006f)
core   0: 3 0x8000086c (0x0000006f)
core   0: 3 0x8000086c (0x0000006f)
core   0: 3 0x8000086c (0x0000006f)
core   0: 3 0x8000086c (0x0000006f)
core   0: 3 0x8000086c (0x0000006f)
core   0: 3 0x8000086c (0x0000006f)
core   0: 3 0x8000086c (0x0000006f)
core   0: 3 0x8000086c (0x0000006f)
core   0: 3 0x8000086c (0x0000006f)
core   0: 3 0x8000086c (0x0000006f)
core   0: 3 0x8000086c (0x0000006f)
core   0: 3 0x8000086c (0x0000006f)
core   0: 3 0x8000086c (0x0000006f)
core   0: 3 0x8000086c (0x0000006f)
core   0: 3 0x8000086c (0x0000006f)
core   0: 3 0x8000086c (0x0000006f)
core   0: 3 0x8000086c (0x0000006f)
core   0: 3 0x8000086c (0x0000006f)
core   0: 3 0x8000086c (0x0000006f)
core   0: 3 0x8000086c (0x0000006f)
core   0: 3 0x8000086c (0x0000006f)
core   0: 3 0x8000086c (0x0000006f)
core   0: 3 0x8000086c (0x0000006f)
core   0: 3 0x8000086c (0x0000006f)
core   0: 3 0x8000086c (0x0000006f)
core   0: 3 0x8000086c (0x0000006f)
core   0: 3 0x8000086c (0x0000006f)
core   0: 3 0x8000086c (0x0000006f)
core   0: 3 0x8000086c (0x0000006f)
core   0: 3 0x8000086c (0x0000006f)
core   0: 3 0x8000086c (0x0000006f)
core   0: 3 0x8000086c (0x0000006f)
core   0: 3 0x8000086c (0x0000006f)
core   0: 3 0x8000086c (0x0000006f)
core   0: 3 0x8000086c (0x0000006f)
core   0: 3 0x8000086c (0x0000006f)
core   0: 3 0x8000086c (0x0000006f)
core   0: 3 0x8000086c (0x0000006f)
core   0: 3 0x8000086c (0x0000006f)
core   0: 3 0x8000086c (0x0000006f)
core   0: 3 0x8000086c (0x0000006f)
core   0: 3 0x8000086c (0x0000006f)
core   0: 3 0x8000086c (0x0000006f)
core   0: 3 0x8000086c (0x0000006f)
core   0: 3 0x8000086c (0x0000006f)
core   0: 3 0x8000086c (0x0000006f)
core   0: 3 0x8000086c (0x0000006f)
core   0: 3 0x8000086c (0x0000006f)
core   0: 3 0x8000086c (0x0000006f)
core   0: 3 0x8000086c (0x0000006f)
core   0: 3 0x8000086c (0x0000006f)
core   0: 3 0x8000086c (0x0000006f)
core   0: 3 0x8000086c (0x0000006f)
core   0: 3 0x8000086c (0x0000006f)
core   0: 3 0x8000086c (0x0000006f)
core   0: 3 0x8000086c (0x0000006f)
core   0: 3 0x8000086c (0x0000006f)
core   0: 3 0x8000086c (0x0000006f)
core   0: 3 0x8000086c (0x0000006f)
core   0: 3 0x8000086c (0x0000006f)
core   0: 3 0x8000086c (0x0000006f)
core   0: 3 0x8000086c (0x0000006f)
core   0: 3 0x8000086c (0x0000006f)
core   0: 3 0x8000086c (0x0000006f)
core   0: 3 0x8000086c (0x0000006f)
core   0: 3 0x8000086c (0x0000006f)
core   0: 3 0x8000086c (0x0000006f)
core   0: 3 0x8000086c (0x0000006f)
core   0: 3 0x8000086c (0x0000006f)
core   0: 3 0x8000086c (0x0000006f)
core   0: 3 0x8000086c (0x0000006f)
core   0: 3 0x8000086c (0x0000006f)
core   0: 3 0x8000086c (0x0000006f)
core   0: 3 0x8000086c (0x0000006f)
core   0: 3 0x8000086c (0x0000006f)
core   0: 3 0x8000086c (0x0000006f)
core   0: 3 0x8000086c (0x0000006f)
core   0: 3 0x8000086c (0x0000006f)
core   0: 3 0x8000086c (0x0000006f)
core   0: 3 0x8000086c (0x0000006f)
core   0: 3 0x8000086c (0x0000006f)
core   0: 3 0x8000086c (0x0000006f)
core   0: 3 0x8000086c (0x0000006f)
core   0: 3 0x8000086c (0x0000006f)
core   0: 3 0x8000086c (0x0000006f)
core   0: 3 0x8000086c (0x0000006f)
core   0: 3 0x8000086c (0x0000006f)
core   0: 3 0x8000086c (0x0000006f)
core   0: 3 0x8000086c (0x0000006f)
core   0: 3 0x8000086c (0x0000006f)
core   0: 3 0x8000086c (0x0000006f)
core   0: 3 0x8000086c (0x0000006f)
core   0: 3 0x8000086c (0x0000006f)
core   0: 3 0x8000086c (0x0000006f)
core   0: 3 0x8000086c (0x0000006f)
core   0: 3 0x8000086c (0x0000006f)
core   0: 3 0x8000086c (0x0000006f)
core   0: 3 0x8000086c (0x0000006f)
core   0: 3 0x8000086c (0x0000006f)
core   0: 3 0x8000086c (0x0000006f)
core   0: 3 0x8000086c (0x0000006f)
core   0: 3 0x8000086c (0x0000006f)
core   0: 3 0x8000086c (0x0000006f)
core   0: 3 0x8000086c (0x0000006f)
core   0: 3 0x8000086c (0x0000006f)
core   0: 3 0x8000086c (0x0000006f)
core   0: 3 0x8000086c (0x0000006f)
core   0: 3 0x8000086c (0x0000006f)
core   0: 3 0x8000086c (0x0000006f)
core   0: 3 0x8000086c (0x0000006f)
core   0: 3 0x8000086c (0x0000006f)
core   0: 3 0x8000086c (0x0000006f)
core   0: 3 0x8000086c (0x0000006f)
core   0: 3 0x8000086c (0x0000006f)
core   0: 3 0x8000086c (0x0000006f)
core   0: 3 0x8000086c (0x0000006f)
core   0: 3 0x8000086c (0x0000006f)
core   0: 3 0x8000086c (0x0000006f)
core   0: 3 0x8000086c (0x0000006f)
core   0: 3 0x8000086c (0x0000006f)
core   0: 3 0x8000086c (0x0000006f)
core   0: 3 0x8000086c (0x0000006f)
core   0: 3 0x8000086c (0x0000006f)
core   0: 3 0x8000086c (0x0000006f)
core   0: 3 0x8000086c (0x0000006f)
core   0: 3 0x8000086c (0x0000006f)
core   0: 3 0x8000086c (0x0000006f)
core   0: 3 0x8000086c (0x0000006f)
core   0: 3 0x8000086c (0x0000006f)
core   0: 3 0x8000086c (0x0000006f)
core   0: 3 0x8000086c (0x0000006f)
core   0: 3 0x8000086c (0x0000006f)
core   0: 3 0x8000086c (0x0000006f)
core   0: 3 0x8000086c (0x0000006f)
core   0: 3 0x8000086c (0x0000006f)
core   0: 3 0x8000086c (0x0000006f)
core   0: 3 0x8000086c (0x0000006f)
core   0: 3 0x8000086c (0x0000006f)
core   0: 3 0x8000086c (0x0000006f)
core   0: 3 0x8000086c (0x0000006f)
core   0: 3 0x8000086c (0x0000006f)
core   0: 3 0x8000086c (0x0000006f)
core   0: 3 0x8000086c (0x0000006f)
core   0: 3 0x8000086c (0x0000006f)
core   0: 3 0x8000086c (0x0000006f)
core   0: 3 0x8000086c (0x0000006f)
core   0: 3 0x8000086c (0x0000006f)
core   0: 3 0x8000086c (0x0000006f)
core   0: 3 0x8000086c (0x0000006f)
core   0: 3 0x8000086c (0x0000006f)
core   0: 3 0x8000086c (0x0000006f)
core   0: 3 0x8000086c (0x0000006f)
core   0: 3 0x8000086c (0x0000006f)
core   0: 3 0x8000086c (0x0000006f)
core   0: 3 0x8000086c (0x0000006f)
core   0: 3 0x8000086c (0x0000006f)
core   0: 3 0x8000086c (0x0000006f)
core   0: 3 0x8000086c (0x0000006f)
core   0: 3 0x8000086c (0x0000006f)
core   0: 3 0x8000086c (0x0000006f)
core   0: 3 0x8000086c (0x0000006f)
core   0: 3 0x8000086c (0x0000006f)
core   0: 3 0x8000086c (0x0000006f)
core   0: 3 0x8000086c (0x0000006f)
core   0: 3 0x8000086c (0x0000006f)
core   0: 3 0x8000086c (0x0000006f)
core   0: 3 0x8000086c (0x0000006f)
core   0: 3 0x8000086c (0x0000006f)
core   0: 3 0x8000086c (0x0000006f)
core   0: 3 0x8000086c (0x0000006f)
core   0: 3 0x8000086c (0x0000006f)
core   0: 3 0x8000086c (0x0000006f)
core   0: 3 0x8000086c (0x0000006f)
core   0: 3 0x8000086c (0x0000006f)
core   0: 3 0x8000086c (0x0000006f)
core   0: 3 0x8000086c (0x0000006f)
core   0: 3 0x8000086c (0x0000006f)
core   0: 3 0x8000086c (0x0000006f)
core   0: 3 0x8000086c (0x0000006f)
core   0: 3 0x8000086c (0x0000006f)
core   0: 3 0x8000086c (0x0000006f)
core   0: 3 0x8000086c (0x0000006f)
core   0: 3 0x8000086c (0x0000006f)
core   0: 3 0x8000086c (0x0000006f)
core   0: 3 0x8000086c (0x0000006f)
core   0: 3 0x8000086c (0x0000006f)
core   0: 3 0x8000086c (0x0000006f)
core   0: 3 0x8000086c (0x0000006f)
core   0: 3 0x8000086c (0x0000006f)
core   0: 3 0x8000086c (0x0000006f)
core   0: 3 0x8000086c (0x0000006f)
core   0: 3 0x8000086c (0x0000006f)
core   0: 3 0x8000086c (0x0000006f)
core   0: 3 0x8000086c (0x0000006f)
core   0: 3 0x8000086c (0x0000006f)
core   0: 3 0x8000086c (0x0000006f)
core   0: 3 0x8000086c (0x0000006f)
core   0: 3 0x8000086c (0x0000006f)
core   0: 3 0x8000086c (0x0000006f)
core   0: 3 0x8000086c (0x0000006f)
core   0: 3 0x8000086c (0x0000006f)
core   0: 3 0x8000086c (0x0000006f)
core   0: 3 0x8000086c (0x0000006f)
core   0: 3 0x8000086c (0x0000006f)
core   0: 3 0x8000086c (0x0000006f)
core   0: 3 0x8000086c (0x0000006f)
core   0: 3 0x8000086c (0x0000006f)
core   0: 3 0x8000086c (0x0000006f)
core   0: 3 0x8000086c (0x0000006f)
core   0: 3 0x8000086c (0x0000006f)
core   0: 3 0x8000086c (0x0000006f)
core   0: 3 0x8000086c (0x0000006f)
core   0: 3 0x8000086c (0x0000006f)
core   0: 3 0x8000086c (0x0000006f)
core   0: 3 0x8000086c (0x0000006f)
core   0: 3 0x8000086c (0x0000006f)
core   0: 3 0x8000086c (0x0000006f)
core   0: 3 0x8000086c (0x0000006f)
core   0: 3 0x8000086c (0x0000006f)
core   0: 3 0x8000086c (0x0000006f)
core   0: 3 0x8000086c (0x0000006f)
core   0: 3 0x8000086c (0x0000006f)
core   0: 3 0x8000086c (0x0000006f)
core   0: 3 0x8000086c (0x0000006f)
core   0: 3 0x8000086c (0x0000006f)
core   0: 3 0x8000086c (0x0000006f)
core   0: 3 0x8000086c (0x0000006f)
core   0: 3 0x8000086c (0x0000006f)
core   0: 3 0x8000086c (0x0000006f)
core   0: 3 0x8000086c (0x0000006f)
core   0: 3 0x8000086c (0x0000006f)
core   0: 3 0x8000086c (0x0000006f)
core   0: 3 0x8000086c (0x0000006f)
core   0: 3 0x8000086c (0x0000006f)
core   0: 3 0x8000086c (0x0000006f)
core   0: 3 0x8000086c (0x0000006f)
core   0: 3 0x8000086c (0x0000006f)
core   0: 3 0x8000086c (0x0000006f)
core   0: 3 0x8000086c (0x0000006f)
core   0: 3 0x8000086c (0x0000006f)
core   0: 3 0x8000086c (0x0000006f)
core   0: 3 0x8000086c (0x0000006f)
core   0: 3 0x8000086c (0x0000006f)
core   0: 3 0x8000086c (0x0000006f)
core   0: 3 0x8000086c (0x0000006f)
core   0: 3 0x8000086c (0x0000006f)
core   0: 3 0x8000086c (0x0000006f)
core   0: 3 0x8000086c (0x0000006f)
core   0: 3 0x8000086c (0x0000006f)
core   0: 3 0x8000086c (0x0000006f)
core   0: 3 0x8000086c (0x0000006f)
core   0: 3 0x8000086c (0x0000006f)
core   0: 3 0x8000086c (0x0000006f)
core   0: 3 0x8000086c (0x0000006f)
core   0: 3 0x8000086c (0x0000006f)
core   0: 3 0x8000086c (0x0000006f)
core   0: 3 0x8000086c (0x0000006f)
core   0: 3 0x8000086c (0x0000006f)
core   0: 3 0x8000086c (0x0000006f)
core   0: 3 0x8000086c (0x0000006f)
core   0: 3 0x8000086c (0x0000006f)
core   0: 3 0x8000086c (0x0000006f)
core   0: 3 0x8000086c (0x0000006f)
core   0: 3 0x8000086c (0x0000006f)
core   0: 3 0x8000086c (0x0000006f)
core   0: 3 0x8000086c (0x0000006f)
core   0: 3 0x8000086c (0x0000006f)
core   0: 3 0x8000086c (0x0000006f)
core   0: 3 0x8000086c (0x0000006f)
core   0: 3 0x8000086c (0x0000006f)
core   0: 3 0x8000086c (0x0000006f)
core   0: 3 0x8000086c (0x0000006f)
core   0: 3 0x8000086c (0x0000006f)
core   0: 3 0x8000086c (0x0000006f)
core   0: 3 0x8000086c (0x0000006f)
core   0: 3 0x8000086c (0x0000006f)
core   0: 3 0x8000086c (0x0000006f)
core   0: 3 0x8000086c (0x0000006f)
core   0: 3 0x8000086c (0x0000006f)
core   0: 3 0x8000086c (0x0000006f)
core   0: 3 0x8000086c (0x0000006f)
core   0: 3 0x8000086c (0x0000006f)
core   0: 3 0x8000086c (0x0000006f)
core   0: 3 0x8000086c (0x0000006f)
core   0: 3 0x8000086c (0x0000006f)
core   0: 3 0x8000086c (0x0000006f)
core   0: 3 0x8000086c (0x0000006f)
core   0: 3 0x8000086c (0x0000006f)
core   0: 3 0x8000086c (0x0000006f)
core   0: 3 0x8000086c (0x0000006f)
core   0: 3 0x8000086c (0x0000006f)
core   0: 3 0x8000086c (0x0000006f)
core   0: 3 0x8000086c (0x0000006f)
core   0: 3 0x8000086c (0x0000006f)
core   0: 3 0x8000086c (0x0000006f)
core   0: 3 0x8000086c (0x0000006f)
core   0: 3 0x8000086c (0x0000006f)
core   0: 3 0x8000086c (0x0000006f)
core   0: 3 0x8000086c (0x0000006f)
core   0: 3 0x8000086c (0x0000006f)
core   0: 3 0x8000086c (0x0000006f)
core   0: 3 0x8000086c (0x0000006f)
core   0: 3 0x8000086c (0x0000006f)
core   0: 3 0x8000086c (0x0000006f)
core   0: 3 0x8000086c (0x0000006f)
core   0: 3 0x8000086c (0x0000006f)
core   0: 3 0x8000086c (0x0000006f)
core   0: 3 0x8000086c (0x0000006f)
core   0: 3 0x8000086c (0x0000006f)
core   0: 3 0x8000086c (0x0000006f)
core   0: 3 0x8000086c (0x0000006f)
core   0: 3 0x8000086c (0x0000006f)
core   0: 3 0x8000086c (0x0000006f)
core   0: 3 0x8000086c (0x0000006f)
core   0: 3 0x8000086c (0x0000006f)
core   0: 3 0x8000086c (0x0000006f)
core   0: 3 0x8000086c (0x0000006f)
core   0: 3 0x8000086c (0x0000006f)
core   0: 3 0x8000086c (0x0000006f)
core   0: 3 0x8000086c (0x0000006f)
core   0: 3 0x8000086c (0x0000006f)
core   0: 3 0x8000086c (0x0000006f)
core   0: 3 0x8000086c (0x0000006f)
core   0: 3 0x8000086c (0x0000006f)
core   0: 3 0x8000086c (0x0000006f)
core   0: 3 0x8000086c (0x0000006f)
core   0: 3 0x8000086c (0x0000006f)
core   0: 3 0x8000086c (0x0000006f)
core   0: 3 0x8000086c (0x0000006f)
core   0: 3 0x8000086c (0x0000006f)
core   0: 3 0x8000086c (0x0000006f)
core   0: 3 0x8000086c (0x0000006f)
core   0: 3 0x8000086c (0x0000006f)
core   0: 3 0x8000086c (0x0000006f)
core   0: 3 0x8000086c (0x0000006f)
core   0: 3 0x8000086c (0x0000006f)
core   0: 3 0x8000086c (0x0000006f)
core   0: 3 0x8000086c (0x0000006f)
core   0: 3 0x8000086c (0x0000006f)
core   0: 3 0x8000086c (0x0000006f)
core   0: 3 0x8000086c (0x0000006f)
core   0: 3 0x8000086c (0x0000006f)
core   0: 3 0x8000086c (0x0000006f)
core   0: 3 0x8000086c (0x0000006f)
core   0: 3 0x8000086c (0x0000006f)
core   0: 3 0x8000086c (0x0000006f)
core   0: 3 0x8000086c (0x0000006f)
core   0: 3 0x8000086c (0x0000006f)
core   0: 3 0x8000086c (0x0000006f)
core   0: 3 0x8000086c (0x0000006f)
core   0: 3 0x8000086c (0x0000006f)
core   0: 3 0x8000086c (0x0000006f)
core   0: 3 0x8000086c (0x0000006f)
core   0: 3 0x8000086c (0x0000006f)
core   0: 3 0x8000086c (0x0000006f)
core   0: 3 0x8000086c (0x0000006f)
core   0: 3 0x8000086c (0x0000006f)
core   0: 3 0x8000086c (0x0000006f)
core   0: 3 0x8000086c (0x0000006f)
core   0: 3 0x8000086c (0x0000006f)
core   0: 3 0x8000086c (0x0000006f)
core   0: 3 0x8000086c (0x0000006f)
core   0: 3 0x8000086c (0x0000006f)
core   0: 3 0x8000086c (0x0000006f)
core   0: 3 0x8000086c (0x0000006f)
core   0: 3 0x8000086c (0x0000006f)
core   0: 3 0x8000086c (0x0000006f)
core   0: 3 0x8000086c (0x0000006f)
core   0: 3 0x8000086c (0x0000006f)
core   0: 3 0x8000086c (0x0000006f)
core   0: 3 0x8000086c (0x0000006f)
core   0: 3 0x8000086c (0x0000006f)
core   0: 3 0x8000086c (0x0000006f)
core   0: 3 0x8000086c (0x0000006f)
core   0: 3 0x8000086c (0x0000006f)
core   0: 3 0x8000086c (0x0000006f)
core   0: 3 0x8000086c (0x0000006f)
core   0: 3 0x8000086c (0x0000006f)
core   0: 3 0x8000086c (0x0000006f)
core   0: 3 0x8000086c (0x0000006f)
core   0: 3 0x8000086c (0x0000006f)
core   0: 3 0x8000086c (0x0000006f)
core   0: 3 0x8000086c (0x0000006f)
core   0: 3 0x8000086c (0x0000006f)
core   0: 3 0x8000086c (0x0000006f)
core   0: 3 0x8000086c (0x0000006f)
core   0: 3 0x8000086c (0x0000006f)
core   0: 3 0x8000086c (0x0000006f)
core   0: 3 0x8000086c (0x0000006f)
core   0: 3 0x8000086c (0x0000006f)
core   0: 3 0x8000086c (0x0000006f)
core   0: 3 0x8000086c (0x0000006f)
core   0: 3 0x8000086c (0x0000006f)
core   0: 3 0x8000086c (0x0000006f)
core   0: 3 0x8000086c (0x0000006f)
core   0: 3 0x8000086c (0x0000006f)
core   0: 3 0x8000086c (0x0000006f)
core   0: 3 0x8000086c (0x0000006f)
core   0: 3 0x8000086c (0x0000006f)
core   0: 3 0x8000086c (0x0000006f)
core   0: 3 0x8000086c (0x0000006f)
core   0: 3 0x8000086c (0x0000006f)
core   0: 3 0x8000086c (0x0000006f)
core   0: 3 0x8000086c (0x0000006f)
core   0: 3 0x8000086c (0x0000006f)
core   0: 3 0x8000086c (0x0000006f)
core   0: 3 0x8000086c (0x0000006f)
core   0: 3 0x8000086c (0x0000006f)
core   0: 3 0x8000086c (0x0000006f)
core   0: 3 0x8000086c (0x0000006f)
core   0: 3 0x8000086c (0x0000006f)
core   0: 3 0x8000086c (0x0000006f)
core   0: 3 0x8000086c (0x0000006f)
core   0: 3 0x8000086c (0x0000006f)
core   0: 3 0x8000086c (0x0000006f)
core   0: 3 0x8000086c (0x0000006f)
core   0: 3 0x8000086c (0x0000006f)
core   0: 3 0x8000086c (0x0000006f)
core   0: 3 0x8000086c (0x0000006f)
core   0: 3 0x8000086c (0x0000006f)
core   0: 3 0x8000086c (0x0000006f)
core   0: 3 0x8000086c (0x0000006f)
core   0: 3 0x8000086c (0x0000006f)
core   0: 3 0x8000086c (0x0000006f)
core   0: 3 0x8000086c (0x0000006f)
core   0: 3 0x8000086c (0x0000006f)
core   0: 3 0x8000086c (0x0000006f)
core   0: 3 0x8000086c (0x0000006f)
core   0: 3 0x8000086c (0x0000006f)
core   0: 3 0x8000086c (0x0000006f)
core   0: 3 0x8000086c (0x0000006f)
core   0: 3 0x8000086c (0x0000006f)
core   0: 3 0x8000086c (0x0000006f)
core   0: 3 0x8000086c (0x0000006f)
core   0: 3 0x8000086c (0x0000006f)
core   0: 3 0x8000086c (0x0000006f)
core   0: 3 0x8000086c (0x0000006f)
core   0: 3 0x8000086c (0x0000006f)
core   0: 3 0x8000086c (0x0000006f)
core   0: 3 0x8000086c (0x0000006f)
core   0: 3 0x8000086c (0x0000006f)
core   0: 3 0x8000086c (0x0000006f)
core   0: 3 0x8000086c (0x0000006f)
core   0: 3 0x8000086c (0x0000006f)
core   0: 3 0x8000086c (0x0000006f)
core   0: 3 0x8000086c (0x0000006f)
core   0: 3 0x8000086c (0x0000006f)
core   0: 3 0x8000086c (0x0000006f)
core   0: 3 0x8000086c (0x0000006f)
core   0: 3 0x8000086c (0x0000006f)
core   0: 3 0x8000086c (0x0000006f)
core   0: 3 0x8000086c (0x0000006f)
core   0: 3 0x8000086c (0x0000006f)
core   0: 3 0x8000086c (0x0000006f)
core   0: 3 0x8000086c (0x0000006f)
core   0: 3 0x8000086c (0x0000006f)
core   0: 3 0x8000086c (0x0000006f)
core   0: 3 0x8000086c (0x0000006f)
core   0: 3 0x8000086c (0x0000006f)
core   0: 3 0x8000086c (0x0000006f)
core   0: 3 0x8000086c (0x0000006f)
core   0: 3 0x8000086c (0x0000006f)
core   0: 3 0x8000086c (0x0000006f)
core   0: 3 0x8000086c (0x0000006f)
core   0: 3 0x8000086c (0x0000006f)
core   0: 3 0x8000086c (0x0000006f)
core   0: 3 0x8000086c (0x0000006f)
core   0: 3 0x8000086c (0x0000006f)
core   0: 3 0x8000086c (0x0000006f)
core   0: 3 0x8000086c (0x0000006f)
core   0: 3 0x8000086c (0x0000006f)
core   0: 3 0x8000086c (0x0000006f)
core   0: 3 0x8000086c (0x0000006f)
core   0: 3 0x8000086c (0x0000006f)
core   0: 3 0x8000086c (0x0000006f)
core   0: 3 0x8000086c (0x0000006f)
core   0: 3 0x8000086c (0x0000006f)
core   0: 3 0x8000086c (0x0000006f)
core   0: 3 0x8000086c (0x0000006f)
core   0: 3 0x8000086c (0x0000006f)
core   0: 3 0x8000086c (0x0000006f)
core   0: 3 0x8000086c (0x0000006f)
core   0: 3 0x8000086c (0x0000006f)
core   0: 3 0x8000086c (0x0000006f)
core   0: 3 0x8000086c (0x0000006f)
core   0: 3 0x8000086c (0x0000006f)
core   0: 3 0x8000086c (0x0000006f)
core   0: 3 0x8000086c (0x0000006f)
core   0: 3 0x8000086c (0x0000006f)
core   0: 3 0x8000086c (0x0000006f)
core   0: 3 0x8000086c (0x0000006f)
core   0: 3 0x8000086c (0x0000006f)
core   0: 3 0x8000086c (0x0000006f)
core   0: 3 0x8000086c (0x0000006f)
core   0: 3 0x8000086c (0x0000006f)
core   0: 3 0x8000086c (0x0000006f)
core   0: 3 0x8000086c (0x0000006f)
core   0: 3 0x8000086c (0x0000006f)
core   0: 3 0x8000086c (0x0000006f)
core   0: 3 0x8000086c (0x0000006f)
core   0: 3 0x8000086c (0x0000006f)
core   0: 3 0x8000086c (0x0000006f)
core   0: 3 0x8000086c (0x0000006f)
core   0: 3 0x8000086c (0x0000006f)
core   0: 3 0x8000086c (0x0000006f)
core   0: 3 0x8000086c (0x0000006f)
core   0: 3 0x8000086c (0x0000006f)
core   0: 3 0x8000086c (0x0000006f)
core   0: 3 0x8000086c (0x0000006f)
core   0: 3 0x8000086c (0x0000006f)
core   0: 3 0x8000086c (0x0000006f)
core   0: 3 0x8000086c (0x0000006f)
core   0: 3 0x8000086c (0x0000006f)
core   0: 3 0x8000086c (0x0000006f)
core   0: 3 0x8000086c (0x0000006f)
core   0: 3 0x8000086c (0x0000006f)
core   0: 3 0x8000086c (0x0000006f)
core   0: 3 0x8000086c (0x0000006f)
core   0: 3 0x8000086c (0x0000006f)
core   0: 3 0x8000086c (0x0000006f)
core   0: 3 0x8000086c (0x0000006f)
core   0: 3 0x8000086c (0x0000006f)
core   0: 3 0x8000086c (0x0000006f)
core   0: 3 0x8000086c (0x0000006f)
core   0: 3 0x8000086c (0x0000006f)
core   0: 3 0x8000086c (0x0000006f)
core   0: 3 0x8000086c (0x0000006f)
core   0: 3 0x8000086c (0x0000006f)
core   0: 3 0x8000086c (0x0000006f)
core   0: 3 0x8000086c (0x0000006f)
core   0: 3 0x8000086c (0x0000006f)
core   0: 3 0x8000086c (0x0000006f)
core   0: 3 0x8000086c (0x0000006f)
core   0: 3 0x8000086c (0x0000006f)
core   0: 3 0x8000086c (0x0000006f)
core   0: 3 0x8000086c (0x0000006f)
core   0: 3 0x8000086c (0x0000006f)
core   0: 3 0x8000086c (0x0000006f)
core   0: 3 0x8000086c (0x0000006f)
core   0: 3 0x8000086c (0x0000006f)
core   0: 3 0x8000086c (0x0000006f)
core   0: 3 0x8000086c (0x0000006f)
core   0: 3 0x8000086c (0x0000006f)
core   0: 3 0x8000086c (0x0000006f)
core   0: 3 0x8000086c (0x0000006f)
core   0: 3 0x8000086c (0x0000006f)
core   0: 3 0x8000086c (0x0000006f)
core   0: 3 0x8000086c (0x0000006f)
core   0: 3 0x8000086c (0x0000006f)
core   0: 3 0x8000086c (0x0000006f)
core   0: 3 0x8000086c (0x0000006f)
core   0: 3 0x8000086c (0x0000006f)
core   0: 3 0x8000086c (0x0000006f)
core   0: 3 0x8000086c (0x0000006f)
core   0: 3 0x8000086c (0x0000006f)
core   0: 3 0x8000086c (0x0000006f)
core   0: 3 0x8000086c (0x0000006f)
core   0: 3 0x8000086c (0x0000006f)
core   0: 3 0x8000086c (0x0000006f)
core   0: 3 0x8000086c (0x0000006f)
core   0: 3 0x8000086c (0x0000006f)
core   0: 3 0x8000086c (0x0000006f)
core   0: 3 0x8000086c (0x0000006f)
core   0: 3 0x8000086c (0x0000006f)
core   0: 3 0x8000086c (0x0000006f)
core   0: 3 0x8000086c (0x0000006f)
core   0: 3 0x8000086c (0x0000006f)
core   0: 3 0x8000086c (0x0000006f)
core   0: 3 0x8000086c (0x0000006f)
core   0: 3 0x8000086c (0x0000006f)
core   0: 3 0x8000086c (0x0000006f)
core   0: 3 0x8000086c (0x0000006f)
core   0: 3 0x8000086c (0x0000006f)
core   0: 3 0x8000086c (0x0000006f)
core   0: 3 0x8000086c (0x0000006f)
core   0: 3 0x8000086c (0x0000006f)
core   0: 3 0x8000086c (0x0000006f)
core   0: 3 0x8000086c (0x0000006f)
core   0: 3 0x8000086c (0x0000006f)
core   0: 3 0x8000086c (0x0000006f)
core   0: 3 0x8000086c (0x0000006f)
core   0: 3 0x8000086c (0x0000006f)
core   0: 3 0x8000086c (0x0000006f)
core   0: 3 0x8000086c (0x0000006f)
core   0: 3 0x8000086c (0x0000006f)
core   0: 3 0x8000086c (0x0000006f)
core   0: 3 0x8000086c (0x0000006f)
core   0: 3 0x8000086c (0x0000006f)
core   0: 3 0x8000086c (0x0000006f)
core   0: 3 0x8000086c (0x0000006f)
core   0: 3 0x8000086c (0x0000006f)
core   0: 3 0x8000086c (0x0000006f)
core   0: 3 0x8000086c (0x0000006f)
core   0: 3 0x8000086c (0x0000006f)
core   0: 3 0x8000086c (0x0000006f)
core   0: 3 0x8000086c (0x0000006f)
core   0: 3 0x8000086c (0x0000006f)
core   0: 3 0x8000086c (0x0000006f)
core   0: 3 0x8000086c (0x0000006f)
core   0: 3 0x8000086c (0x0000006f)
core   0: 3 0x8000086c (0x0000006f)
core   0: 3 0x8000086c (0x0000006f)
core   0: 3 0x8000086c (0x0000006f)
core   0: 3 0x8000086c (0x0000006f)
core   0: 3 0x8000086c (0x0000006f)
core   0: 3 0x8000086c (0x0000006f)
core   0: 3 0x8000086c (0x0000006f)
core   0: 3 0x8000086c (0x0000006f)
core   0: 3 0x8000086c (0x0000006f)
core   0: 3 0x8000086c (0x0000006f)
core   0: 3 0x8000086c (0x0000006f)
core   0: 3 0x8000086c (0x0000006f)
core   0: 3 0x8000086c (0x0000006f)
core   0: 3 0x8000086c (0x0000006f)
core   0: 3 0x8000086c (0x0000006f)
core   0: 3 0x8000086c (0x0000006f)
core   0: 3 0x8000086c (0x0000006f)
core   0: 3 0x8000086c (0x0000006f)
core   0: 3 0x8000086c (0x0000006f)
core   0: 3 0x8000086c (0x0000006f)
core   0: 3 0x8000086c (0x0000006f)
core   0: 3 0x8000086c (0x0000006f)
core   0: 3 0x8000086c (0x0000006f)
core   0: 3 0x8000086c (0x0000006f)
core   0: 3 0x8000086c (0x0000006f)
core   0: 3 0x8000086c (0x0000006f)
core   0: 3 0x8000086c (0x0000006f)
core   0: 3 0x8000086c (0x0000006f)
core   0: 3 0x8000086c (0x0000006f)
core   0: 3 0x8000086c (0x0000006f)
core   0: 3 0x8000086c (0x0000006f)
core   0: 3 0x8000086c (0x0000006f)
core   0: 3 0x8000086c (0x0000006f)
core   0: 3 0x8000086c (0x0000006f)
core   0: 3 0x8000086c (0x0000006f)
core   0: 3 0x8000086c (0x0000006f)
core   0: 3 0x8000086c (0x0000006f)
core   0: 3 0x8000086c (0x0000006f)
core   0: 3 0x8000086c (0x0000006f)
core   0: 3 0x8000086c (0x0000006f)
core   0: 3 0x8000086c (0x0000006f)
core   0: 3 0x8000086c (0x0000006f)
core   0: 3 0x8000086c (0x0000006f)
core   0: 3 0x8000086c (0x0000006f)
core   0: 3 0x8000086c (0x0000006f)
core   0: 3 0x8000086c (0x0000006f)
core   0: 3 0x8000086c (0x0000006f)
core   0: 3 0x8000086c (0x0000006f)
core   0: 3 0x8000086c (0x0000006f)
core   0: 3 0x8000086c (0x0000006f)
core   0: 3 0x8000086c (0x0000006f)
core   0: 3 0x8000086c (0x0000006f)
core   0: 3 0x8000086c (0x0000006f)
core   0: 3 0x8000086c (0x0000006f)
core   0: 3 0x8000086c (0x0000006f)
core   0: 3 0x8000086c (0x0000006f)
core   0: 3 0x8000086c (0x0000006f)
core   0: 3 0x8000086c (0x0000006f)
core   0: 3 0x8000086c (0x0000006f)
core   0: 3 0x8000086c (0x0000006f)
core   0: 3 0x8000086c (0x0000006f)
core   0: 3 0x8000086c (0x0000006f)
core   0: 3 0x8000086c (0x0000006f)
core   0: 3 0x8000086c (0x0000006f)
core   0: 3 0x8000086c (0x0000006f)
core   0: 3 0x8000086c (0x0000006f)
core   0: 3 0x8000086c (0x0000006f)
core   0: 3 0x8000086c (0x0000006f)
core   0: 3 0x8000086c (0x0000006f)
core   0: 3 0x8000086c (0x0000006f)
core   0: 3 0x8000086c (0x0000006f)
core   0: 3 0x8000086c (0x0000006f)
core   0: 3 0x8000086c (0x0000006f)
core   0: 3 0x8000086c (0x0000006f)
core   0: 3 0x8000086c (0x0000006f)
core   0: 3 0x8000086c (0x0000006f)
core   0: 3 0x8000086c (0x0000006f)
core   0: 3 0x8000086c (0x0000006f)
core   0: 3 0x8000086c (0x0000006f)
core   0: 3 0x8000086c (0x0000006f)
core   0: 3 0x8000086c (0x0000006f)
core   0: 3 0x8000086c (0x0000006f)
core   0: 3 0x8000086c (0x0000006f)
core   0: 3 0x8000086c (0x0000006f)
core   0: 3 0x8000086c (0x0000006f)
core   0: 3 0x8000086c (0x0000006f)
core   0: 3 0x8000086c (0x0000006f)
core   0: 3 0x8000086c (0x0000006f)
core   0: 3 0x8000086c (0x0000006f)
core   0: 3 0x8000086c (0x0000006f)
core   0: 3 0x8000086c (0x0000006f)
core   0: 3 0x8000086c (0x0000006f)
core   0: 3 0x8000086c (0x0000006f)
core   0: 3 0x8000086c (0x0000006f)
core   0: 3 0x8000086c (0x0000006f)
core   0: 3 0x8000086c (0x0000006f)
core   0: 3 0x8000086c (0x0000006f)
core   0: 3 0x8000086c (0x0000006f)
core   0: 3 0x8000086c (0x0000006f)
core   0: 3 0x8000086c (0x0000006f)
core   0: 3 0x8000086c (0x0000006f)
core   0: 3 0x8000086c (0x0000006f)
core   0: 3 0x8000086c (0x0000006f)
core   0: 3 0x8000086c (0x0000006f)
core   0: 3 0x8000086c (0x0000006f)
core   0: 3 0x8000086c (0x0000006f)
core   0: 3 0x8000086c (0x0000006f)
core   0: 3 0x8000086c (0x0000006f)
